order_item_id,order_id,product_id,quantity,unit_price,discount_pct,gross_amount,discount_amount,net_amount
1,1,84,1,6072.0,10,6072.0,607.2,5464.8
2,1,54,4,2554.0,0,10216.0,0.0,10216.0
3,1,71,3,6080.0,15,18240.0,2736.0,15504.0
4,2,80,2,1406.0,20,2812.0,562.4,2249.6
5,3,49,4,4162.0,0,16648.0,0.0,16648.0
6,4,99,1,7459.0,0,7459.0,0.0,7459.0
7,4,5,3,37543.0,15,112629.0,16894.35,95734.65
8,4,34,2,7864.0,0,15728.0,0.0,15728.0
9,5,95,3,3431.0,0,10293.0,0.0,10293.0
10,5,41,1,4970.0,20,4970.0,994.0,3976.0
11,6,59,1,4493.0,15,4493.0,673.95,3819.05
12,7,79,3,566.0,5,1698.0,84.9,1613.1
13,7,69,1,2652.0,0,2652.0,0.0,2652.0
14,8,81,2,4250.0,0,8500.0,0.0,8500.0
15,8,60,4,2749.0,0,10996.0,0.0,10996.0
16,8,7,1,10982.0,10,10982.0,1098.2,9883.8
17,9,93,1,9197.0,0,9197.0,0.0,9197.0
18,9,65,1,7789.0,15,7789.0,1168.35,6620.65
19,10,18,1,29993.0,20,29993.0,5998.6,23994.4
20,10,77,4,1013.0,15,4052.0,607.8,3444.2
21,11,20,3,39070.0,20,117210.0,23442.0,93768.0
22,11,49,4,4162.0,10,16648.0,1664.8,14983.2
23,12,10,2,11404.0,20,22808.0,4561.6,18246.4
24,12,75,4,1408.0,15,5632.0,844.8,4787.2
25,12,98,3,2339.0,5,7017.0,350.85,6666.15
26,13,25,4,3012.0,10,12048.0,1204.8,10843.2
27,13,61,2,2121.0,10,4242.0,424.2,3817.8
28,13,31,3,5370.0,0,16110.0,0.0,16110.0
29,13,69,2,2652.0,5,5304.0,265.2,5038.8
30,14,13,2,55796.0,10,111592.0,11159.2,100432.8
31,14,4,3,12687.0,0,38061.0,0.0,38061.0
32,15,80,1,1406.0,10,1406.0,140.6,1265.4
33,16,31,2,5370.0,0,10740.0,0.0,10740.0
34,16,27,4,6268.0,10,25072.0,2507.2,22564.8
35,16,65,2,7789.0,10,15578.0,1557.8,14020.2
36,17,61,3,2121.0,0,6363.0,0.0,6363.0
37,18,28,4,7577.0,10,30308.0,3030.8,27277.2
38,18,70,4,7332.0,20,29328.0,5865.6,23462.4
39,18,98,4,2339.0,10,9356.0,935.6,8420.4
40,19,11,4,49672.0,5,198688.0,9934.4,188753.6
41,19,1,3,53878.0,5,161634.0,8081.7,153552.3
42,19,85,4,3168.0,0,12672.0,0.0,12672.0
43,19,68,2,8743.0,0,17486.0,0.0,17486.0
44,20,25,2,3012.0,15,6024.0,903.6,5120.4
45,21,40,3,8752.0,10,26256.0,2625.6,23630.4
46,22,14,4,2689.0,5,10756.0,537.8,10218.2
47,22,6,3,20009.0,0,60027.0,0.0,60027.0
48,23,90,4,1017.0,0,4068.0,0.0,4068.0
49,24,53,4,5793.0,5,23172.0,1158.6,22013.4
50,24,34,4,7864.0,0,31456.0,0.0,31456.0
51,25,25,3,3012.0,15,9036.0,1355.4,7680.6
52,26,78,4,6416.0,15,25664.0,3849.6,21814.4
53,26,26,4,1015.0,0,4060.0,0.0,4060.0
54,26,39,4,6381.0,0,25524.0,0.0,25524.0
55,27,28,4,7577.0,15,30308.0,4546.2,25761.8
56,27,48,2,6795.0,5,13590.0,679.5,12910.5
57,28,12,2,17050.0,20,34100.0,6820.0,27280.0
58,28,8,4,46151.0,15,184604.0,27690.6,156913.4
59,28,40,2,8752.0,0,17504.0,0.0,17504.0
60,28,95,4,3431.0,5,13724.0,686.2,13037.8
61,29,90,2,1017.0,10,2034.0,203.4,1830.6
62,30,17,1,64036.0,20,64036.0,12807.2,51228.8
63,31,10,1,11404.0,0,11404.0,0.0,11404.0
64,32,86,1,8140.0,5,8140.0,407.0,7733.0
65,33,31,3,5370.0,5,16110.0,805.5,15304.5
66,33,67,2,9082.0,20,18164.0,3632.8,14531.2
67,33,93,2,9197.0,0,18394.0,0.0,18394.0
68,34,43,1,7661.0,5,7661.0,383.05,7277.95
69,35,99,3,7459.0,15,22377.0,3356.55,19020.45
70,35,20,4,39070.0,10,156280.0,15628.0,140652.0
71,36,74,2,8876.0,5,17752.0,887.6,16864.4
72,37,60,2,2749.0,0,5498.0,0.0,5498.0
73,38,30,1,9049.0,15,9049.0,1357.35,7691.65
74,39,82,4,9833.0,0,39332.0,0.0,39332.0
75,39,23,4,6472.0,20,25888.0,5177.6,20710.4
76,39,61,3,2121.0,20,6363.0,1272.6,5090.4
77,40,40,2,8752.0,0,17504.0,0.0,17504.0
78,40,27,2,6268.0,10,12536.0,1253.6,11282.4
79,40,67,1,9082.0,0,9082.0,0.0,9082.0
80,41,48,4,6795.0,10,27180.0,2718.0,24462.0
81,42,8,2,46151.0,0,92302.0,0.0,92302.0
82,43,36,3,2955.0,10,8865.0,886.5,7978.5
83,43,90,2,1017.0,10,2034.0,203.4,1830.6
84,44,14,4,2689.0,20,10756.0,2151.2,8604.8
85,44,64,3,4206.0,5,12618.0,630.9,11987.1
86,44,68,1,8743.0,5,8743.0,437.15,8305.85
87,45,72,2,9649.0,15,19298.0,2894.7,16403.3
88,46,65,4,7789.0,0,31156.0,0.0,31156.0
89,47,88,2,7798.0,20,15596.0,3119.2,12476.8
90,48,53,1,5793.0,5,5793.0,289.65,5503.35
91,49,26,4,1015.0,0,4060.0,0.0,4060.0
92,49,88,4,7798.0,0,31192.0,0.0,31192.0
93,50,65,3,7789.0,0,23367.0,0.0,23367.0
94,51,85,1,3168.0,10,3168.0,316.8,2851.2
95,51,30,3,9049.0,0,27147.0,0.0,27147.0
96,52,90,2,1017.0,20,2034.0,406.8,1627.2
97,53,53,4,5793.0,10,23172.0,2317.2,20854.8
98,54,7,3,10982.0,20,32946.0,6589.2,26356.8
99,55,88,4,7798.0,20,31192.0,6238.4,24953.6
100,55,25,1,3012.0,5,3012.0,150.6,2861.4
101,55,57,1,7649.0,0,7649.0,0.0,7649.0
102,55,51,1,3978.0,20,3978.0,795.6,3182.4
103,56,20,3,39070.0,10,117210.0,11721.0,105489.0
104,56,1,2,53878.0,10,107756.0,10775.6,96980.4
105,57,90,1,1017.0,20,1017.0,203.4,813.6
106,58,23,4,6472.0,5,25888.0,1294.4,24593.6
107,58,3,3,8939.0,15,26817.0,4022.55,22794.45
108,59,71,4,6080.0,10,24320.0,2432.0,21888.0
109,59,86,3,8140.0,0,24420.0,0.0,24420.0
110,59,26,3,1015.0,20,3045.0,609.0,2436.0
111,60,80,2,1406.0,10,2812.0,281.2,2530.8
112,61,49,1,4162.0,10,4162.0,416.2,3745.8
113,62,30,1,9049.0,20,9049.0,1809.8,7239.2
114,62,81,3,4250.0,15,12750.0,1912.5,10837.5
115,62,27,1,6268.0,0,6268.0,0.0,6268.0
116,63,40,1,8752.0,0,8752.0,0.0,8752.0
117,63,38,1,1154.0,0,1154.0,0.0,1154.0
118,63,15,3,40783.0,0,122349.0,0.0,122349.0
119,64,13,2,55796.0,0,111592.0,0.0,111592.0
120,65,32,1,3478.0,20,3478.0,695.6,2782.4
121,65,38,1,1154.0,20,1154.0,230.8,923.2
122,65,27,3,6268.0,15,18804.0,2820.6,15983.4
123,66,75,4,1408.0,20,5632.0,1126.4,4505.6
124,67,15,1,40783.0,15,40783.0,6117.45,34665.55
125,67,92,1,5380.0,0,5380.0,0.0,5380.0
126,67,49,2,4162.0,0,8324.0,0.0,8324.0
127,68,46,1,6027.0,0,6027.0,0.0,6027.0
128,68,28,1,7577.0,20,7577.0,1515.4,6061.6
129,68,73,1,3368.0,0,3368.0,0.0,3368.0
130,69,75,2,1408.0,0,2816.0,0.0,2816.0
131,70,67,1,9082.0,10,9082.0,908.2,8173.8
132,71,39,2,6381.0,10,12762.0,1276.2,11485.8
133,72,16,4,28374.0,15,113496.0,17024.4,96471.6
134,72,65,2,7789.0,10,15578.0,1557.8,14020.2
135,72,75,3,1408.0,20,4224.0,844.8,3379.2
136,73,43,1,7661.0,10,7661.0,766.1,6894.9
137,73,48,2,6795.0,15,13590.0,2038.5,11551.5
138,74,21,2,8617.0,0,17234.0,0.0,17234.0
139,75,100,2,7504.0,20,15008.0,3001.6,12006.4
140,76,8,1,46151.0,0,46151.0,0.0,46151.0
141,77,75,3,1408.0,0,4224.0,0.0,4224.0
142,78,44,3,7467.0,15,22401.0,3360.15,19040.85
143,79,67,3,9082.0,0,27246.0,0.0,27246.0
144,80,49,3,4162.0,20,12486.0,2497.2,9988.8
145,81,8,1,46151.0,20,46151.0,9230.2,36920.8
146,82,34,3,7864.0,5,23592.0,1179.6,22412.4
147,82,23,2,6472.0,0,12944.0,0.0,12944.0
148,82,66,1,2116.0,0,2116.0,0.0,2116.0
149,83,4,1,12687.0,15,12687.0,1903.05,10783.95
150,84,32,4,3478.0,0,13912.0,0.0,13912.0
151,84,63,4,2296.0,0,9184.0,0.0,9184.0
152,85,24,1,2958.0,5,2958.0,147.9,2810.1
153,85,95,3,3431.0,20,10293.0,2058.6,8234.4
154,85,71,1,6080.0,15,6080.0,912.0,5168.0
155,85,58,3,1598.0,20,4794.0,958.8,3835.2
156,86,68,4,8743.0,5,34972.0,1748.6,33223.4
157,86,73,4,3368.0,5,13472.0,673.6,12798.4
158,86,91,4,986.0,5,3944.0,197.2,3746.8
159,87,80,3,1406.0,15,4218.0,632.7,3585.3
160,87,6,2,20009.0,0,40018.0,0.0,40018.0
161,88,36,1,2955.0,20,2955.0,591.0,2364.0
162,88,16,3,28374.0,10,85122.0,8512.2,76609.8
163,89,59,4,4493.0,5,17972.0,898.6,17073.4
164,90,95,4,3431.0,10,13724.0,1372.4,12351.6
165,90,19,4,20608.0,10,82432.0,8243.2,74188.8
166,90,84,2,6072.0,0,12144.0,0.0,12144.0
167,91,21,4,8617.0,10,34468.0,3446.8,31021.2
168,91,4,1,12687.0,0,12687.0,0.0,12687.0
169,92,3,4,8939.0,20,35756.0,7151.2,28604.8
170,92,14,2,2689.0,10,5378.0,537.8,4840.2
171,93,35,4,6556.0,20,26224.0,5244.8,20979.2
172,94,16,2,28374.0,15,56748.0,8512.2,48235.8
173,94,19,2,20608.0,0,41216.0,0.0,41216.0
174,94,14,1,2689.0,0,2689.0,0.0,2689.0
175,95,73,2,3368.0,5,6736.0,336.8,6399.2
176,96,45,1,3937.0,10,3937.0,393.7,3543.3
177,97,67,3,9082.0,15,27246.0,4086.9,23159.1
178,98,51,2,3978.0,10,7956.0,795.6,7160.4
179,99,45,4,3937.0,10,15748.0,1574.8,14173.2
180,99,82,4,9833.0,0,39332.0,0.0,39332.0
181,100,31,1,5370.0,5,5370.0,268.5,5101.5
182,101,56,1,2573.0,5,2573.0,128.65,2444.35
183,101,5,4,37543.0,15,150172.0,22525.8,127646.2
184,101,80,3,1406.0,0,4218.0,0.0,4218.0
185,101,95,2,3431.0,15,6862.0,1029.3,5832.7
186,102,12,2,17050.0,10,34100.0,3410.0,30690.0
187,102,11,4,49672.0,0,198688.0,0.0,198688.0
188,102,67,3,9082.0,20,27246.0,5449.2,21796.8
189,103,99,3,7459.0,20,22377.0,4475.4,17901.6
190,104,35,1,6556.0,15,6556.0,983.4,5572.6
191,104,23,2,6472.0,15,12944.0,1941.6,11002.4
192,105,8,3,46151.0,20,138453.0,27690.6,110762.4
193,106,100,3,7504.0,15,22512.0,3376.8,19135.2
194,106,82,4,9833.0,0,39332.0,0.0,39332.0
195,106,34,1,7864.0,10,7864.0,786.4,7077.6
196,107,46,2,6027.0,0,12054.0,0.0,12054.0
197,108,35,2,6556.0,5,13112.0,655.6,12456.4
198,108,28,4,7577.0,5,30308.0,1515.4,28792.6
199,108,36,3,2955.0,15,8865.0,1329.75,7535.25
200,109,28,2,7577.0,0,15154.0,0.0,15154.0
201,109,96,3,6148.0,20,18444.0,3688.8,14755.2
202,110,33,2,9645.0,20,19290.0,3858.0,15432.0
203,110,63,2,2296.0,0,4592.0,0.0,4592.0
204,111,81,4,4250.0,0,17000.0,0.0,17000.0
205,112,53,1,5793.0,10,5793.0,579.3,5213.7
206,113,62,3,4193.0,0,12579.0,0.0,12579.0
207,113,22,4,5817.0,10,23268.0,2326.8,20941.2
208,114,9,3,51674.0,0,155022.0,0.0,155022.0
209,114,69,4,2652.0,10,10608.0,1060.8,9547.2
210,115,19,3,20608.0,20,61824.0,12364.8,49459.2
211,115,90,2,1017.0,5,2034.0,101.7,1932.3
212,116,44,1,7467.0,10,7467.0,746.7,6720.3
213,116,38,2,1154.0,0,2308.0,0.0,2308.0
214,116,24,1,2958.0,5,2958.0,147.9,2810.1
215,117,44,4,7467.0,15,29868.0,4480.2,25387.8
216,118,80,3,1406.0,5,4218.0,210.9,4007.1
217,119,10,3,11404.0,15,34212.0,5131.8,29080.2
218,120,12,2,17050.0,20,34100.0,6820.0,27280.0
219,120,61,2,2121.0,15,4242.0,636.3,3605.7
220,120,23,1,6472.0,5,6472.0,323.6,6148.4
221,121,52,2,5521.0,15,11042.0,1656.3,9385.7
222,121,74,3,8876.0,0,26628.0,0.0,26628.0
223,122,75,4,1408.0,20,5632.0,1126.4,4505.6
224,122,16,1,28374.0,5,28374.0,1418.7,26955.3
225,123,75,2,1408.0,5,2816.0,140.8,2675.2
226,124,42,4,2926.0,0,11704.0,0.0,11704.0
227,125,18,2,29993.0,10,59986.0,5998.6,53987.4
228,126,22,2,5817.0,15,11634.0,1745.1,9888.9
229,126,87,4,2509.0,5,10036.0,501.8,9534.2
230,127,35,3,6556.0,10,19668.0,1966.8,17701.2
231,128,44,4,7467.0,5,29868.0,1493.4,28374.6
232,129,61,2,2121.0,5,4242.0,212.1,4029.9
233,130,22,1,5817.0,0,5817.0,0.0,5817.0
234,130,71,3,6080.0,15,18240.0,2736.0,15504.0
235,130,100,4,7504.0,5,30016.0,1500.8,28515.2
236,130,85,2,3168.0,5,6336.0,316.8,6019.2
237,131,38,4,1154.0,15,4616.0,692.4,3923.6
238,131,85,1,3168.0,20,3168.0,633.6,2534.4
239,131,1,4,53878.0,20,215512.0,43102.4,172409.6
240,132,71,2,6080.0,5,12160.0,608.0,11552.0
241,133,72,1,9649.0,20,9649.0,1929.8,7719.2
242,133,20,3,39070.0,5,117210.0,5860.5,111349.5
243,134,78,1,6416.0,15,6416.0,962.4,5453.6
244,134,2,1,7163.0,20,7163.0,1432.6,5730.4
245,135,95,2,3431.0,10,6862.0,686.2,6175.8
246,135,77,1,1013.0,0,1013.0,0.0,1013.0
247,136,42,1,2926.0,15,2926.0,438.9,2487.1
248,137,51,2,3978.0,0,7956.0,0.0,7956.0
249,138,67,3,9082.0,5,27246.0,1362.3,25883.7
250,138,89,1,5107.0,10,5107.0,510.7,4596.3
251,139,75,1,1408.0,10,1408.0,140.8,1267.2
252,140,45,1,3937.0,15,3937.0,590.55,3346.45
253,141,44,4,7467.0,20,29868.0,5973.6,23894.4
254,142,94,1,4450.0,0,4450.0,0.0,4450.0
255,143,5,1,37543.0,5,37543.0,1877.15,35665.85
256,144,64,1,4206.0,20,4206.0,841.2,3364.8
257,145,40,1,8752.0,0,8752.0,0.0,8752.0
258,145,39,2,6381.0,10,12762.0,1276.2,11485.8
259,146,82,2,9833.0,0,19666.0,0.0,19666.0
260,147,91,2,986.0,15,1972.0,295.8,1676.2
261,147,11,3,49672.0,5,149016.0,7450.8,141565.2
262,147,93,4,9197.0,20,36788.0,7357.6,29430.4
263,148,51,1,3978.0,15,3978.0,596.7,3381.3
264,148,69,3,2652.0,10,7956.0,795.6,7160.4
265,149,63,4,2296.0,15,9184.0,1377.6,7806.4
266,150,12,2,17050.0,15,34100.0,5115.0,28985.0
267,151,38,2,1154.0,15,2308.0,346.2,1961.8
268,152,79,3,566.0,20,1698.0,339.6,1358.4
269,153,14,3,2689.0,15,8067.0,1210.05,6856.95
270,154,99,2,7459.0,10,14918.0,1491.8,13426.2
271,154,76,2,6697.0,0,13394.0,0.0,13394.0
272,154,86,1,8140.0,20,8140.0,1628.0,6512.0
273,155,24,3,2958.0,5,8874.0,443.7,8430.3
274,155,43,3,7661.0,15,22983.0,3447.45,19535.55
275,156,69,2,2652.0,15,5304.0,795.6,4508.4
276,157,62,2,4193.0,5,8386.0,419.3,7966.7
277,158,9,4,51674.0,0,206696.0,0.0,206696.0
278,158,46,3,6027.0,10,18081.0,1808.1,16272.9
279,158,40,1,8752.0,10,8752.0,875.2,7876.8
280,159,2,4,7163.0,0,28652.0,0.0,28652.0
281,159,49,2,4162.0,0,8324.0,0.0,8324.0
282,160,6,1,20009.0,20,20009.0,4001.8,16007.2
283,161,98,2,2339.0,0,4678.0,0.0,4678.0
284,161,60,3,2749.0,20,8247.0,1649.4,6597.6
285,161,62,2,4193.0,15,8386.0,1257.9,7128.1
286,162,56,3,2573.0,10,7719.0,771.9,6947.1
287,162,28,1,7577.0,20,7577.0,1515.4,6061.6
288,162,57,2,7649.0,15,15298.0,2294.7,13003.3
289,163,61,3,2121.0,0,6363.0,0.0,6363.0
290,163,81,1,4250.0,5,4250.0,212.5,4037.5
291,163,20,1,39070.0,0,39070.0,0.0,39070.0
292,164,49,3,4162.0,0,12486.0,0.0,12486.0
293,164,41,4,4970.0,20,19880.0,3976.0,15904.0
294,164,16,4,28374.0,20,113496.0,22699.2,90796.8
295,165,20,4,39070.0,15,156280.0,23442.0,132838.0
296,166,68,4,8743.0,10,34972.0,3497.2,31474.8
297,166,45,3,3937.0,20,11811.0,2362.2,9448.8
298,167,22,2,5817.0,0,11634.0,0.0,11634.0
299,167,1,1,53878.0,0,53878.0,0.0,53878.0
300,167,40,1,8752.0,15,8752.0,1312.8,7439.2
301,168,42,1,2926.0,5,2926.0,146.3,2779.7
302,169,16,3,28374.0,10,85122.0,8512.2,76609.8
303,169,29,4,7655.0,20,30620.0,6124.0,24496.0
304,169,50,2,1637.0,0,3274.0,0.0,3274.0
305,170,24,2,2958.0,20,5916.0,1183.2,4732.8
306,171,95,4,3431.0,20,13724.0,2744.8,10979.2
307,172,29,1,7655.0,5,7655.0,382.75,7272.25
308,172,85,4,3168.0,20,12672.0,2534.4,10137.6
309,172,49,1,4162.0,5,4162.0,208.1,3953.9
310,173,91,1,986.0,5,986.0,49.3,936.7
311,173,74,2,8876.0,5,17752.0,887.6,16864.4
312,174,13,2,55796.0,0,111592.0,0.0,111592.0
313,175,73,1,3368.0,10,3368.0,336.8,3031.2
314,175,14,2,2689.0,0,5378.0,0.0,5378.0
315,175,66,1,2116.0,0,2116.0,0.0,2116.0
316,176,46,4,6027.0,15,24108.0,3616.2,20491.8
317,176,3,3,8939.0,5,26817.0,1340.85,25476.15
318,177,51,4,3978.0,0,15912.0,0.0,15912.0
319,178,58,2,1598.0,0,3196.0,0.0,3196.0
320,178,7,1,10982.0,10,10982.0,1098.2,9883.8
321,179,23,1,6472.0,0,6472.0,0.0,6472.0
322,179,6,4,20009.0,10,80036.0,8003.6,72032.4
323,180,73,4,3368.0,0,13472.0,0.0,13472.0
324,180,24,1,2958.0,15,2958.0,443.7,2514.3
325,180,60,1,2749.0,20,2749.0,549.8,2199.2
326,181,80,3,1406.0,20,4218.0,843.6,3374.4
327,182,2,4,7163.0,0,28652.0,0.0,28652.0
328,183,13,1,55796.0,20,55796.0,11159.2,44636.8
329,183,59,3,4493.0,0,13479.0,0.0,13479.0
330,183,32,2,3478.0,20,6956.0,1391.2,5564.8
331,184,94,1,4450.0,20,4450.0,890.0,3560.0
332,185,90,4,1017.0,15,4068.0,610.2,3457.8
333,186,58,4,1598.0,0,6392.0,0.0,6392.0
334,186,86,1,8140.0,5,8140.0,407.0,7733.0
335,186,44,3,7467.0,0,22401.0,0.0,22401.0
336,186,80,3,1406.0,10,4218.0,421.8,3796.2
337,187,83,2,2485.0,5,4970.0,248.5,4721.5
338,187,79,3,566.0,20,1698.0,339.6,1358.4
339,187,78,2,6416.0,5,12832.0,641.6,12190.4
340,188,27,3,6268.0,10,18804.0,1880.4,16923.6
341,188,70,2,7332.0,15,14664.0,2199.6,12464.4
342,189,49,4,4162.0,5,16648.0,832.4,15815.6
343,190,24,2,2958.0,20,5916.0,1183.2,4732.8
344,190,90,4,1017.0,20,4068.0,813.6,3254.4
345,191,91,3,986.0,10,2958.0,295.8,2662.2
346,191,83,1,2485.0,15,2485.0,372.75,2112.25
347,192,90,2,1017.0,5,2034.0,101.7,1932.3
348,193,66,4,2116.0,10,8464.0,846.4,7617.6
349,193,14,2,2689.0,0,5378.0,0.0,5378.0
350,193,32,3,3478.0,15,10434.0,1565.1,8868.9
351,194,10,2,11404.0,15,22808.0,3421.2,19386.8
352,194,25,3,3012.0,15,9036.0,1355.4,7680.6
353,194,33,2,9645.0,15,19290.0,2893.5,16396.5
354,195,76,2,6697.0,20,13394.0,2678.8,10715.2
355,196,77,4,1013.0,0,4052.0,0.0,4052.0
356,197,72,1,9649.0,15,9649.0,1447.35,8201.65
357,197,12,1,17050.0,15,17050.0,2557.5,14492.5
358,197,42,1,2926.0,5,2926.0,146.3,2779.7
359,197,85,2,3168.0,20,6336.0,1267.2,5068.8
360,198,48,3,6795.0,10,20385.0,2038.5,18346.5
361,199,16,3,28374.0,15,85122.0,12768.3,72353.7
362,200,58,4,1598.0,0,6392.0,0.0,6392.0
363,200,37,3,2567.0,20,7701.0,1540.2,6160.8
364,200,71,4,6080.0,20,24320.0,4864.0,19456.0
365,201,67,1,9082.0,0,9082.0,0.0,9082.0
366,201,77,4,1013.0,0,4052.0,0.0,4052.0
367,202,69,2,2652.0,20,5304.0,1060.8,4243.2
368,202,32,1,3478.0,15,3478.0,521.7,2956.3
369,202,14,1,2689.0,10,2689.0,268.9,2420.1
370,203,5,1,37543.0,20,37543.0,7508.6,30034.4
371,204,21,2,8617.0,10,17234.0,1723.4,15510.6
372,204,94,3,4450.0,0,13350.0,0.0,13350.0
373,204,72,1,9649.0,0,9649.0,0.0,9649.0
374,204,10,1,11404.0,0,11404.0,0.0,11404.0
375,205,53,1,5793.0,0,5793.0,0.0,5793.0
376,206,15,1,40783.0,0,40783.0,0.0,40783.0
377,207,10,1,11404.0,10,11404.0,1140.4,10263.6
378,208,68,4,8743.0,0,34972.0,0.0,34972.0
379,208,98,3,2339.0,5,7017.0,350.85,6666.15
380,208,94,4,4450.0,5,17800.0,890.0,16910.0
381,209,58,4,1598.0,15,6392.0,958.8,5433.2
382,210,49,4,4162.0,20,16648.0,3329.6,13318.4
383,210,44,1,7467.0,20,7467.0,1493.4,5973.6
384,211,24,1,2958.0,10,2958.0,295.8,2662.2
385,212,73,1,3368.0,5,3368.0,168.4,3199.6
386,213,79,4,566.0,15,2264.0,339.6,1924.4
387,213,78,1,6416.0,10,6416.0,641.6,5774.4
388,214,54,3,2554.0,20,7662.0,1532.4,6129.6
389,214,83,4,2485.0,0,9940.0,0.0,9940.0
390,215,22,4,5817.0,0,23268.0,0.0,23268.0
391,216,92,1,5380.0,0,5380.0,0.0,5380.0
392,217,100,1,7504.0,10,7504.0,750.4,6753.6
393,218,89,3,5107.0,0,15321.0,0.0,15321.0
394,219,65,4,7789.0,0,31156.0,0.0,31156.0
395,219,60,3,2749.0,5,8247.0,412.35,7834.65
396,220,7,4,10982.0,0,43928.0,0.0,43928.0
397,220,14,4,2689.0,0,10756.0,0.0,10756.0
398,221,42,2,2926.0,15,5852.0,877.8,4974.2
399,222,79,1,566.0,15,566.0,84.9,481.1
400,222,22,4,5817.0,0,23268.0,0.0,23268.0
401,222,64,2,4206.0,10,8412.0,841.2,7570.8
402,223,26,4,1015.0,15,4060.0,609.0,3451.0
403,224,43,1,7661.0,5,7661.0,383.05,7277.95
404,224,70,1,7332.0,20,7332.0,1466.4,5865.6
405,225,15,2,40783.0,10,81566.0,8156.6,73409.4
406,225,78,3,6416.0,0,19248.0,0.0,19248.0
407,226,95,3,3431.0,10,10293.0,1029.3,9263.7
408,227,29,2,7655.0,0,15310.0,0.0,15310.0
409,228,43,4,7661.0,0,30644.0,0.0,30644.0
410,229,16,2,28374.0,10,56748.0,5674.8,51073.2
411,230,27,2,6268.0,0,12536.0,0.0,12536.0
412,231,94,4,4450.0,0,17800.0,0.0,17800.0
413,232,72,1,9649.0,0,9649.0,0.0,9649.0
414,232,71,2,6080.0,0,12160.0,0.0,12160.0
415,233,35,1,6556.0,10,6556.0,655.6,5900.4
416,234,71,4,6080.0,0,24320.0,0.0,24320.0
417,235,87,3,2509.0,20,7527.0,1505.4,6021.6
418,235,52,1,5521.0,10,5521.0,552.1,4968.9
419,236,49,3,4162.0,10,12486.0,1248.6,11237.4
420,237,53,4,5793.0,0,23172.0,0.0,23172.0
421,237,69,1,2652.0,0,2652.0,0.0,2652.0
422,238,20,3,39070.0,10,117210.0,11721.0,105489.0
423,239,20,2,39070.0,0,78140.0,0.0,78140.0
424,240,39,2,6381.0,0,12762.0,0.0,12762.0
425,241,67,2,9082.0,10,18164.0,1816.4,16347.6
426,241,52,3,5521.0,15,16563.0,2484.45,14078.55
427,242,23,1,6472.0,20,6472.0,1294.4,5177.6
428,243,9,4,51674.0,0,206696.0,0.0,206696.0
429,244,41,2,4970.0,0,9940.0,0.0,9940.0
430,244,38,2,1154.0,5,2308.0,115.4,2192.6
431,245,46,4,6027.0,0,24108.0,0.0,24108.0
432,246,36,1,2955.0,0,2955.0,0.0,2955.0
433,247,29,3,7655.0,15,22965.0,3444.75,19520.25
434,247,31,1,5370.0,5,5370.0,268.5,5101.5
435,248,21,2,8617.0,5,17234.0,861.7,16372.3
436,248,78,2,6416.0,10,12832.0,1283.2,11548.8
437,248,63,2,2296.0,0,4592.0,0.0,4592.0
438,249,54,4,2554.0,10,10216.0,1021.6,9194.4
439,249,83,2,2485.0,0,4970.0,0.0,4970.0
440,250,93,1,9197.0,0,9197.0,0.0,9197.0
441,251,46,2,6027.0,0,12054.0,0.0,12054.0
442,251,86,4,8140.0,15,32560.0,4884.0,27676.0
443,252,2,1,7163.0,15,7163.0,1074.45,6088.55
444,252,42,2,2926.0,0,5852.0,0.0,5852.0
445,252,24,4,2958.0,20,11832.0,2366.4,9465.6
446,252,77,3,1013.0,0,3039.0,0.0,3039.0
447,253,38,4,1154.0,0,4616.0,0.0,4616.0
448,253,98,4,2339.0,0,9356.0,0.0,9356.0
449,253,29,3,7655.0,10,22965.0,2296.5,20668.5
450,254,58,3,1598.0,10,4794.0,479.4,4314.6
451,255,42,2,2926.0,20,5852.0,1170.4,4681.6
452,256,33,4,9645.0,15,38580.0,5787.0,32793.0
453,256,89,4,5107.0,20,20428.0,4085.6,16342.4
454,256,32,2,3478.0,0,6956.0,0.0,6956.0
455,257,11,3,49672.0,10,149016.0,14901.6,134114.4
456,257,17,1,64036.0,10,64036.0,6403.6,57632.4
457,258,86,4,8140.0,0,32560.0,0.0,32560.0
458,258,2,1,7163.0,20,7163.0,1432.6,5730.4
459,259,16,2,28374.0,20,56748.0,11349.6,45398.4
460,259,36,1,2955.0,5,2955.0,147.75,2807.25
461,259,44,3,7467.0,10,22401.0,2240.1,20160.9
462,260,60,3,2749.0,5,8247.0,412.35,7834.65
463,261,23,3,6472.0,5,19416.0,970.8,18445.2
464,261,73,4,3368.0,15,13472.0,2020.8,11451.2
465,261,55,4,5000.0,10,20000.0,2000.0,18000.0
466,262,14,2,2689.0,10,5378.0,537.8,4840.2
467,262,67,3,9082.0,0,27246.0,0.0,27246.0
468,263,26,3,1015.0,15,3045.0,456.75,2588.25
469,263,91,1,986.0,5,986.0,49.3,936.7
470,264,27,3,6268.0,5,18804.0,940.2,17863.8
471,264,61,2,2121.0,5,4242.0,212.1,4029.9
472,265,82,3,9833.0,0,29499.0,0.0,29499.0
473,265,59,2,4493.0,5,8986.0,449.3,8536.7
474,265,5,3,37543.0,0,112629.0,0.0,112629.0
475,266,7,4,10982.0,5,43928.0,2196.4,41731.6
476,266,73,3,3368.0,15,10104.0,1515.6,8588.4
477,266,8,4,46151.0,20,184604.0,36920.8,147683.2
478,267,82,2,9833.0,20,19666.0,3933.2,15732.8
479,267,6,3,20009.0,0,60027.0,0.0,60027.0
480,268,44,3,7467.0,20,22401.0,4480.2,17920.8
481,268,9,3,51674.0,0,155022.0,0.0,155022.0
482,269,47,2,7097.0,0,14194.0,0.0,14194.0
483,269,31,3,5370.0,20,16110.0,3222.0,12888.0
484,270,8,3,46151.0,0,138453.0,0.0,138453.0
485,271,30,4,9049.0,5,36196.0,1809.8,34386.2
486,271,58,2,1598.0,10,3196.0,319.6,2876.4
487,271,78,4,6416.0,20,25664.0,5132.8,20531.2
488,272,1,4,53878.0,15,215512.0,32326.8,183185.2
489,273,17,3,64036.0,15,192108.0,28816.2,163291.8
490,274,29,1,7655.0,10,7655.0,765.5,6889.5
491,275,47,4,7097.0,0,28388.0,0.0,28388.0
492,275,21,1,8617.0,0,8617.0,0.0,8617.0
493,275,77,3,1013.0,10,3039.0,303.9,2735.1
494,276,90,3,1017.0,15,3051.0,457.65,2593.35
495,277,83,2,2485.0,5,4970.0,248.5,4721.5
496,277,57,1,7649.0,10,7649.0,764.9,6884.1
497,278,33,4,9645.0,15,38580.0,5787.0,32793.0
498,278,59,1,4493.0,10,4493.0,449.3,4043.7
499,279,95,3,3431.0,0,10293.0,0.0,10293.0
500,280,98,1,2339.0,5,2339.0,116.95,2222.05
501,281,14,1,2689.0,0,2689.0,0.0,2689.0
502,281,86,1,8140.0,5,8140.0,407.0,7733.0
503,282,75,3,1408.0,0,4224.0,0.0,4224.0
504,283,98,4,2339.0,0,9356.0,0.0,9356.0
505,283,60,1,2749.0,20,2749.0,549.8,2199.2
506,284,89,1,5107.0,0,5107.0,0.0,5107.0
507,284,98,3,2339.0,15,7017.0,1052.55,5964.45
508,285,61,3,2121.0,10,6363.0,636.3,5726.7
509,285,17,2,64036.0,0,128072.0,0.0,128072.0
510,286,68,3,8743.0,15,26229.0,3934.35,22294.65
511,287,14,2,2689.0,0,5378.0,0.0,5378.0
512,288,10,3,11404.0,0,34212.0,0.0,34212.0
513,289,25,4,3012.0,0,12048.0,0.0,12048.0
514,290,66,1,2116.0,0,2116.0,0.0,2116.0
515,290,7,1,10982.0,15,10982.0,1647.3,9334.7
516,291,92,3,5380.0,10,16140.0,1614.0,14526.0
517,291,43,1,7661.0,0,7661.0,0.0,7661.0
518,292,64,4,4206.0,0,16824.0,0.0,16824.0
519,293,3,2,8939.0,0,17878.0,0.0,17878.0
520,294,40,3,8752.0,0,26256.0,0.0,26256.0
521,294,21,1,8617.0,0,8617.0,0.0,8617.0
522,294,80,3,1406.0,10,4218.0,421.8,3796.2
523,295,9,4,51674.0,10,206696.0,20669.6,186026.4
524,295,77,2,1013.0,0,2026.0,0.0,2026.0
525,296,3,1,8939.0,10,8939.0,893.9,8045.1
526,297,25,4,3012.0,0,12048.0,0.0,12048.0
527,297,36,4,2955.0,15,11820.0,1773.0,10047.0
528,298,66,1,2116.0,15,2116.0,317.4,1798.6
529,298,91,3,986.0,0,2958.0,0.0,2958.0
530,299,55,4,5000.0,10,20000.0,2000.0,18000.0
531,299,31,3,5370.0,5,16110.0,805.5,15304.5
532,299,34,1,7864.0,10,7864.0,786.4,7077.6
533,300,52,4,5521.0,10,22084.0,2208.4,19875.6
534,300,89,2,5107.0,5,10214.0,510.7,9703.3
535,301,93,1,9197.0,15,9197.0,1379.55,7817.45
536,302,44,4,7467.0,0,29868.0,0.0,29868.0
537,302,17,4,64036.0,0,256144.0,0.0,256144.0
538,302,27,2,6268.0,5,12536.0,626.8,11909.2
539,303,18,3,29993.0,0,89979.0,0.0,89979.0
540,304,80,2,1406.0,10,2812.0,281.2,2530.8
541,304,76,4,6697.0,0,26788.0,0.0,26788.0
542,305,72,2,9649.0,20,19298.0,3859.6,15438.4
543,305,62,1,4193.0,10,4193.0,419.3,3773.7
544,306,20,1,39070.0,10,39070.0,3907.0,35163.0
545,306,50,3,1637.0,5,4911.0,245.55,4665.45
546,307,95,4,3431.0,10,13724.0,1372.4,12351.6
547,308,57,4,7649.0,0,30596.0,0.0,30596.0
548,308,51,4,3978.0,5,15912.0,795.6,15116.4
549,309,18,3,29993.0,5,89979.0,4498.95,85480.05
550,310,25,3,3012.0,10,9036.0,903.6,8132.4
551,310,31,2,5370.0,0,10740.0,0.0,10740.0
552,310,74,2,8876.0,15,17752.0,2662.8,15089.2
553,311,99,2,7459.0,0,14918.0,0.0,14918.0
554,311,54,4,2554.0,5,10216.0,510.8,9705.2
555,312,90,2,1017.0,0,2034.0,0.0,2034.0
556,313,75,2,1408.0,0,2816.0,0.0,2816.0
557,313,63,1,2296.0,5,2296.0,114.8,2181.2
558,314,43,3,7661.0,10,22983.0,2298.3,20684.7
559,315,97,2,5738.0,10,11476.0,1147.6,10328.4
560,316,7,2,10982.0,0,21964.0,0.0,21964.0
561,317,4,2,12687.0,15,25374.0,3806.1,21567.9
562,318,74,1,8876.0,15,8876.0,1331.4,7544.6
563,319,79,2,566.0,5,1132.0,56.6,1075.4
564,320,22,4,5817.0,0,23268.0,0.0,23268.0
565,320,7,2,10982.0,0,21964.0,0.0,21964.0
566,321,55,2,5000.0,15,10000.0,1500.0,8500.0
567,321,15,1,40783.0,0,40783.0,0.0,40783.0
568,321,26,1,1015.0,5,1015.0,50.75,964.25
569,322,51,2,3978.0,15,7956.0,1193.4,6762.6
570,322,21,1,8617.0,10,8617.0,861.7,7755.3
571,322,19,3,20608.0,20,61824.0,12364.8,49459.2
572,323,53,2,5793.0,0,11586.0,0.0,11586.0
573,324,4,3,12687.0,0,38061.0,0.0,38061.0
574,324,28,3,7577.0,15,22731.0,3409.65,19321.35
575,325,3,1,8939.0,10,8939.0,893.9,8045.1
576,325,96,2,6148.0,0,12296.0,0.0,12296.0
577,325,33,1,9645.0,10,9645.0,964.5,8680.5
578,326,59,2,4493.0,0,8986.0,0.0,8986.0
579,327,13,3,55796.0,15,167388.0,25108.2,142279.8
580,327,88,3,7798.0,10,23394.0,2339.4,21054.6
581,327,66,2,2116.0,10,4232.0,423.2,3808.8
582,328,93,1,9197.0,20,9197.0,1839.4,7357.6
583,329,35,1,6556.0,0,6556.0,0.0,6556.0
584,330,20,2,39070.0,0,78140.0,0.0,78140.0
585,330,58,3,1598.0,10,4794.0,479.4,4314.6
586,330,87,4,2509.0,20,10036.0,2007.2,8028.8
587,330,21,4,8617.0,15,34468.0,5170.2,29297.8
588,331,46,4,6027.0,15,24108.0,3616.2,20491.8
589,331,4,4,12687.0,20,50748.0,10149.6,40598.4
590,332,93,3,9197.0,15,27591.0,4138.65,23452.35
591,332,49,4,4162.0,5,16648.0,832.4,15815.6
592,332,70,4,7332.0,0,29328.0,0.0,29328.0
593,333,54,4,2554.0,0,10216.0,0.0,10216.0
594,333,7,1,10982.0,0,10982.0,0.0,10982.0
595,334,18,3,29993.0,5,89979.0,4498.95,85480.05
596,335,24,4,2958.0,10,11832.0,1183.2,10648.8
597,336,50,3,1637.0,0,4911.0,0.0,4911.0
598,337,83,2,2485.0,0,4970.0,0.0,4970.0
599,338,89,2,5107.0,10,10214.0,1021.4,9192.6
600,339,81,2,4250.0,20,8500.0,1700.0,6800.0
601,339,66,3,2116.0,10,6348.0,634.8,5713.2
602,339,12,2,17050.0,0,34100.0,0.0,34100.0
603,340,32,2,3478.0,10,6956.0,695.6,6260.4
604,341,18,4,29993.0,10,119972.0,11997.2,107974.8
605,342,30,3,9049.0,0,27147.0,0.0,27147.0
606,342,45,4,3937.0,0,15748.0,0.0,15748.0
607,343,1,1,53878.0,0,53878.0,0.0,53878.0
608,344,20,1,39070.0,5,39070.0,1953.5,37116.5
609,344,7,3,10982.0,0,32946.0,0.0,32946.0
610,344,3,3,8939.0,10,26817.0,2681.7,24135.3
611,345,79,4,566.0,0,2264.0,0.0,2264.0
612,345,14,3,2689.0,5,8067.0,403.35,7663.65
613,345,91,4,986.0,0,3944.0,0.0,3944.0
614,346,46,4,6027.0,0,24108.0,0.0,24108.0
615,346,35,3,6556.0,5,19668.0,983.4,18684.6
616,346,22,2,5817.0,5,11634.0,581.7,11052.3
617,347,59,2,4493.0,0,8986.0,0.0,8986.0
618,347,38,1,1154.0,0,1154.0,0.0,1154.0
619,347,16,3,28374.0,0,85122.0,0.0,85122.0
620,348,93,2,9197.0,20,18394.0,3678.8,14715.2
621,349,87,1,2509.0,10,2509.0,250.9,2258.1
622,349,1,4,53878.0,5,215512.0,10775.6,204736.4
623,350,9,4,51674.0,5,206696.0,10334.8,196361.2
624,350,34,3,7864.0,5,23592.0,1179.6,22412.4
625,351,28,1,7577.0,10,7577.0,757.7,6819.3
626,352,86,4,8140.0,15,32560.0,4884.0,27676.0
627,352,44,1,7467.0,20,7467.0,1493.4,5973.6
628,353,2,1,7163.0,0,7163.0,0.0,7163.0
629,353,95,4,3431.0,5,13724.0,686.2,13037.8
630,354,41,4,4970.0,20,19880.0,3976.0,15904.0
631,354,88,3,7798.0,0,23394.0,0.0,23394.0
632,355,94,2,4450.0,0,8900.0,0.0,8900.0
633,356,63,3,2296.0,10,6888.0,688.8,6199.2
634,356,64,2,4206.0,0,8412.0,0.0,8412.0
635,357,33,1,9645.0,0,9645.0,0.0,9645.0
636,358,97,2,5738.0,10,11476.0,1147.6,10328.4
637,359,87,2,2509.0,10,5018.0,501.8,4516.2
638,359,8,3,46151.0,0,138453.0,0.0,138453.0
639,360,85,1,3168.0,0,3168.0,0.0,3168.0
640,361,57,3,7649.0,20,22947.0,4589.4,18357.6
641,361,16,4,28374.0,0,113496.0,0.0,113496.0
642,361,88,2,7798.0,10,15596.0,1559.6,14036.4
643,362,17,2,64036.0,20,128072.0,25614.4,102457.6
644,362,8,4,46151.0,0,184604.0,0.0,184604.0
645,362,13,1,55796.0,20,55796.0,11159.2,44636.8
646,363,4,3,12687.0,15,38061.0,5709.15,32351.85
647,364,74,3,8876.0,10,26628.0,2662.8,23965.2
648,364,23,3,6472.0,15,19416.0,2912.4,16503.6
649,365,73,3,3368.0,20,10104.0,2020.8,8083.2
650,365,45,3,3937.0,15,11811.0,1771.65,10039.35
651,366,78,3,6416.0,15,19248.0,2887.2,16360.8
652,367,9,2,51674.0,0,103348.0,0.0,103348.0
653,367,61,1,2121.0,10,2121.0,212.1,1908.9
654,368,70,3,7332.0,15,21996.0,3299.4,18696.6
655,369,54,4,2554.0,0,10216.0,0.0,10216.0
656,370,24,3,2958.0,5,8874.0,443.7,8430.3
657,370,29,1,7655.0,0,7655.0,0.0,7655.0
658,370,58,2,1598.0,0,3196.0,0.0,3196.0
659,370,86,2,8140.0,10,16280.0,1628.0,14652.0
660,371,59,1,4493.0,20,4493.0,898.6,3594.4
661,371,77,3,1013.0,10,3039.0,303.9,2735.1
662,371,9,4,51674.0,10,206696.0,20669.6,186026.4
663,372,8,3,46151.0,0,138453.0,0.0,138453.0
664,372,3,2,8939.0,0,17878.0,0.0,17878.0
665,373,73,1,3368.0,5,3368.0,168.4,3199.6
666,373,89,1,5107.0,10,5107.0,510.7,4596.3
667,374,80,4,1406.0,0,5624.0,0.0,5624.0
668,375,68,1,8743.0,5,8743.0,437.15,8305.85
669,376,77,1,1013.0,5,1013.0,50.65,962.35
670,376,100,2,7504.0,10,15008.0,1500.8,13507.2
671,376,18,4,29993.0,10,119972.0,11997.2,107974.8
672,377,61,4,2121.0,10,8484.0,848.4,7635.6
673,377,19,2,20608.0,5,41216.0,2060.8,39155.2
674,378,33,2,9645.0,5,19290.0,964.5,18325.5
675,379,90,3,1017.0,15,3051.0,457.65,2593.35
676,380,34,1,7864.0,0,7864.0,0.0,7864.0
677,381,81,1,4250.0,0,4250.0,0.0,4250.0
678,382,37,4,2567.0,0,10268.0,0.0,10268.0
679,382,92,2,5380.0,0,10760.0,0.0,10760.0
680,383,67,2,9082.0,0,18164.0,0.0,18164.0
681,384,21,3,8617.0,20,25851.0,5170.2,20680.8
682,385,94,3,4450.0,20,13350.0,2670.0,10680.0
683,385,25,1,3012.0,0,3012.0,0.0,3012.0
684,386,78,3,6416.0,5,19248.0,962.4,18285.6
685,387,37,1,2567.0,0,2567.0,0.0,2567.0
686,388,55,2,5000.0,0,10000.0,0.0,10000.0
687,388,69,4,2652.0,10,10608.0,1060.8,9547.2
688,389,49,3,4162.0,15,12486.0,1872.9,10613.1
689,390,51,1,3978.0,15,3978.0,596.7,3381.3
690,390,5,3,37543.0,0,112629.0,0.0,112629.0
691,390,43,1,7661.0,10,7661.0,766.1,6894.9
692,391,41,3,4970.0,0,14910.0,0.0,14910.0
693,391,58,1,1598.0,10,1598.0,159.8,1438.2
694,392,11,3,49672.0,0,149016.0,0.0,149016.0
695,392,20,4,39070.0,5,156280.0,7814.0,148466.0
696,393,4,4,12687.0,10,50748.0,5074.8,45673.2
697,393,37,3,2567.0,15,7701.0,1155.15,6545.85
698,394,49,4,4162.0,10,16648.0,1664.8,14983.2
699,395,83,2,2485.0,5,4970.0,248.5,4721.5
700,395,31,3,5370.0,0,16110.0,0.0,16110.0
701,395,30,2,9049.0,10,18098.0,1809.8,16288.2
702,396,50,2,1637.0,0,3274.0,0.0,3274.0
703,397,64,1,4206.0,0,4206.0,0.0,4206.0
704,398,100,4,7504.0,0,30016.0,0.0,30016.0
705,399,32,1,3478.0,5,3478.0,173.9,3304.1
706,400,3,3,8939.0,15,26817.0,4022.55,22794.45
707,400,59,2,4493.0,20,8986.0,1797.2,7188.8
708,401,94,4,4450.0,0,17800.0,0.0,17800.0
709,402,94,3,4450.0,20,13350.0,2670.0,10680.0
710,402,57,2,7649.0,10,15298.0,1529.8,13768.2
711,402,16,1,28374.0,5,28374.0,1418.7,26955.3
712,403,49,2,4162.0,5,8324.0,416.2,7907.8
713,404,73,1,3368.0,5,3368.0,168.4,3199.6
714,405,81,4,4250.0,10,17000.0,1700.0,15300.0
715,406,98,4,2339.0,20,9356.0,1871.2,7484.8
716,406,10,3,11404.0,10,34212.0,3421.2,30790.8
717,407,10,3,11404.0,20,34212.0,6842.4,27369.6
718,408,22,4,5817.0,20,23268.0,4653.6,18614.4
719,408,28,3,7577.0,15,22731.0,3409.65,19321.35
720,408,72,2,9649.0,0,19298.0,0.0,19298.0
721,408,90,2,1017.0,5,2034.0,101.7,1932.3
722,409,84,4,6072.0,5,24288.0,1214.4,23073.6
723,410,61,2,2121.0,0,4242.0,0.0,4242.0
724,411,8,4,46151.0,5,184604.0,9230.2,175373.8
725,411,86,2,8140.0,20,16280.0,3256.0,13024.0
726,412,6,1,20009.0,0,20009.0,0.0,20009.0
727,413,48,3,6795.0,15,20385.0,3057.75,17327.25
728,413,41,3,4970.0,5,14910.0,745.5,14164.5
729,414,56,4,2573.0,15,10292.0,1543.8,8748.2
730,415,37,2,2567.0,5,5134.0,256.7,4877.3
731,416,59,3,4493.0,15,13479.0,2021.85,11457.15
732,416,33,4,9645.0,15,38580.0,5787.0,32793.0
733,417,51,2,3978.0,10,7956.0,795.6,7160.4
734,417,32,1,3478.0,10,3478.0,347.8,3130.2
735,417,44,3,7467.0,15,22401.0,3360.15,19040.85
736,417,100,4,7504.0,0,30016.0,0.0,30016.0
737,418,52,1,5521.0,10,5521.0,552.1,4968.9
738,419,94,1,4450.0,10,4450.0,445.0,4005.0
739,419,46,4,6027.0,10,24108.0,2410.8,21697.2
740,420,72,2,9649.0,5,19298.0,964.9,18333.1
741,420,53,2,5793.0,10,11586.0,1158.6,10427.4
742,420,68,3,8743.0,5,26229.0,1311.45,24917.55
743,421,43,1,7661.0,0,7661.0,0.0,7661.0
744,421,22,3,5817.0,10,17451.0,1745.1,15705.9
745,421,82,3,9833.0,0,29499.0,0.0,29499.0
746,422,3,1,8939.0,0,8939.0,0.0,8939.0
747,422,71,4,6080.0,0,24320.0,0.0,24320.0
748,423,87,4,2509.0,0,10036.0,0.0,10036.0
749,424,51,3,3978.0,15,11934.0,1790.1,10143.9
750,424,26,4,1015.0,0,4060.0,0.0,4060.0
751,424,97,3,5738.0,15,17214.0,2582.1,14631.9
752,424,61,1,2121.0,10,2121.0,212.1,1908.9
753,425,75,2,1408.0,15,2816.0,422.4,2393.6
754,425,100,3,7504.0,0,22512.0,0.0,22512.0
755,425,22,2,5817.0,10,11634.0,1163.4,10470.6
756,425,64,3,4206.0,0,12618.0,0.0,12618.0
757,426,71,2,6080.0,0,12160.0,0.0,12160.0
758,426,75,4,1408.0,0,5632.0,0.0,5632.0
759,427,99,2,7459.0,10,14918.0,1491.8,13426.2
760,428,30,2,9049.0,20,18098.0,3619.6,14478.4
761,429,77,2,1013.0,20,2026.0,405.2,1620.8
762,429,79,3,566.0,20,1698.0,339.6,1358.4
763,430,8,2,46151.0,10,92302.0,9230.2,83071.8
764,431,98,2,2339.0,5,4678.0,233.9,4444.1
765,432,63,3,2296.0,5,6888.0,344.4,6543.6
766,433,19,1,20608.0,0,20608.0,0.0,20608.0
767,433,82,2,9833.0,0,19666.0,0.0,19666.0
768,433,52,1,5521.0,0,5521.0,0.0,5521.0
769,433,100,1,7504.0,5,7504.0,375.2,7128.8
770,434,95,1,3431.0,10,3431.0,343.1,3087.9
771,434,79,3,566.0,0,1698.0,0.0,1698.0
772,434,36,4,2955.0,15,11820.0,1773.0,10047.0
773,434,21,1,8617.0,10,8617.0,861.7,7755.3
774,435,14,3,2689.0,0,8067.0,0.0,8067.0
775,435,30,3,9049.0,0,27147.0,0.0,27147.0
776,436,5,4,37543.0,0,150172.0,0.0,150172.0
777,437,16,3,28374.0,20,85122.0,17024.4,68097.6
778,437,83,1,2485.0,15,2485.0,372.75,2112.25
779,438,17,1,64036.0,0,64036.0,0.0,64036.0
780,438,41,2,4970.0,0,9940.0,0.0,9940.0
781,438,70,3,7332.0,0,21996.0,0.0,21996.0
782,439,49,2,4162.0,10,8324.0,832.4,7491.6
783,439,55,3,5000.0,0,15000.0,0.0,15000.0
784,440,46,4,6027.0,10,24108.0,2410.8,21697.2
785,441,34,4,7864.0,0,31456.0,0.0,31456.0
786,442,50,4,1637.0,15,6548.0,982.2,5565.8
787,443,5,1,37543.0,20,37543.0,7508.6,30034.4
788,443,56,2,2573.0,20,5146.0,1029.2,4116.8
789,444,83,4,2485.0,15,9940.0,1491.0,8449.0
790,444,97,4,5738.0,10,22952.0,2295.2,20656.8
791,444,52,3,5521.0,20,16563.0,3312.6,13250.4
792,445,29,1,7655.0,0,7655.0,0.0,7655.0
793,446,51,1,3978.0,15,3978.0,596.7,3381.3
794,447,86,3,8140.0,20,24420.0,4884.0,19536.0
795,448,99,1,7459.0,5,7459.0,372.95,7086.05
796,449,26,1,1015.0,0,1015.0,0.0,1015.0
797,449,2,1,7163.0,15,7163.0,1074.45,6088.55
798,449,75,1,1408.0,15,1408.0,211.2,1196.8
799,450,95,4,3431.0,15,13724.0,2058.6,11665.4
800,451,5,3,37543.0,0,112629.0,0.0,112629.0
801,451,74,1,8876.0,20,8876.0,1775.2,7100.8
802,451,26,3,1015.0,0,3045.0,0.0,3045.0
803,451,52,3,5521.0,15,16563.0,2484.45,14078.55
804,452,5,3,37543.0,0,112629.0,0.0,112629.0
805,452,25,1,3012.0,0,3012.0,0.0,3012.0
806,452,2,3,7163.0,20,21489.0,4297.8,17191.2
807,453,18,2,29993.0,20,59986.0,11997.2,47988.8
808,453,84,3,6072.0,10,18216.0,1821.6,16394.4
809,453,21,2,8617.0,5,17234.0,861.7,16372.3
810,453,61,3,2121.0,10,6363.0,636.3,5726.7
811,454,64,3,4206.0,0,12618.0,0.0,12618.0
812,454,61,4,2121.0,5,8484.0,424.2,8059.8
813,454,42,3,2926.0,10,8778.0,877.8,7900.2
814,454,4,1,12687.0,0,12687.0,0.0,12687.0
815,455,90,3,1017.0,0,3051.0,0.0,3051.0
816,455,50,1,1637.0,0,1637.0,0.0,1637.0
817,455,51,1,3978.0,5,3978.0,198.9,3779.1
818,455,40,1,8752.0,0,8752.0,0.0,8752.0
819,456,97,3,5738.0,5,17214.0,860.7,16353.3
820,456,40,1,8752.0,0,8752.0,0.0,8752.0
821,456,96,2,6148.0,15,12296.0,1844.4,10451.6
822,456,8,1,46151.0,0,46151.0,0.0,46151.0
823,457,46,3,6027.0,15,18081.0,2712.15,15368.85
824,458,82,1,9833.0,20,9833.0,1966.6,7866.4
825,458,89,3,5107.0,15,15321.0,2298.15,13022.85
826,459,54,1,2554.0,10,2554.0,255.4,2298.6
827,459,29,1,7655.0,5,7655.0,382.75,7272.25
828,460,83,4,2485.0,0,9940.0,0.0,9940.0
829,460,76,3,6697.0,5,20091.0,1004.55,19086.45
830,460,14,1,2689.0,0,2689.0,0.0,2689.0
831,461,95,1,3431.0,0,3431.0,0.0,3431.0
832,462,78,1,6416.0,10,6416.0,641.6,5774.4
833,462,41,3,4970.0,10,14910.0,1491.0,13419.0
834,462,54,1,2554.0,5,2554.0,127.7,2426.3
835,463,49,2,4162.0,0,8324.0,0.0,8324.0
836,464,24,2,2958.0,20,5916.0,1183.2,4732.8
837,465,34,1,7864.0,20,7864.0,1572.8,6291.2
838,465,81,1,4250.0,10,4250.0,425.0,3825.0
839,465,80,2,1406.0,20,2812.0,562.4,2249.6
840,466,39,2,6381.0,20,12762.0,2552.4,10209.6
841,466,61,2,2121.0,10,4242.0,424.2,3817.8
842,467,68,3,8743.0,15,26229.0,3934.35,22294.65
843,468,45,2,3937.0,10,7874.0,787.4,7086.6
844,468,54,2,2554.0,0,5108.0,0.0,5108.0
845,469,20,4,39070.0,0,156280.0,0.0,156280.0
846,470,62,3,4193.0,5,12579.0,628.95,11950.05
847,470,91,2,986.0,10,1972.0,197.2,1774.8
848,470,48,4,6795.0,15,27180.0,4077.0,23103.0
849,471,58,2,1598.0,15,3196.0,479.4,2716.6
850,472,34,1,7864.0,20,7864.0,1572.8,6291.2
851,472,84,4,6072.0,5,24288.0,1214.4,23073.6
852,472,77,4,1013.0,0,4052.0,0.0,4052.0
853,473,86,4,8140.0,15,32560.0,4884.0,27676.0
854,473,22,2,5817.0,20,11634.0,2326.8,9307.2
855,473,73,3,3368.0,20,10104.0,2020.8,8083.2
856,473,82,2,9833.0,15,19666.0,2949.9,16716.1
857,474,73,1,3368.0,20,3368.0,673.6,2694.4
858,475,20,1,39070.0,0,39070.0,0.0,39070.0
859,476,53,1,5793.0,20,5793.0,1158.6,4634.4
860,476,32,1,3478.0,20,3478.0,695.6,2782.4
861,476,13,4,55796.0,0,223184.0,0.0,223184.0
862,476,16,2,28374.0,5,56748.0,2837.4,53910.6
863,477,32,1,3478.0,20,3478.0,695.6,2782.4
864,477,55,2,5000.0,20,10000.0,2000.0,8000.0
865,477,57,1,7649.0,20,7649.0,1529.8,6119.2
866,477,65,1,7789.0,10,7789.0,778.9,7010.1
867,478,47,2,7097.0,10,14194.0,1419.4,12774.6
868,479,32,1,3478.0,5,3478.0,173.9,3304.1
869,480,36,4,2955.0,10,11820.0,1182.0,10638.0
870,481,26,3,1015.0,10,3045.0,304.5,2740.5
871,481,69,2,2652.0,20,5304.0,1060.8,4243.2
872,482,24,4,2958.0,5,11832.0,591.6,11240.4
873,483,37,2,2567.0,10,5134.0,513.4,4620.6
874,484,22,3,5817.0,10,17451.0,1745.1,15705.9
875,485,100,1,7504.0,10,7504.0,750.4,6753.6
876,486,73,1,3368.0,0,3368.0,0.0,3368.0
877,487,57,3,7649.0,0,22947.0,0.0,22947.0
878,487,84,4,6072.0,0,24288.0,0.0,24288.0
879,488,25,2,3012.0,5,6024.0,301.2,5722.8
880,488,100,3,7504.0,0,22512.0,0.0,22512.0
881,488,62,4,4193.0,0,16772.0,0.0,16772.0
882,489,47,1,7097.0,15,7097.0,1064.55,6032.45
883,490,68,3,8743.0,20,26229.0,5245.8,20983.2
884,491,57,2,7649.0,20,15298.0,3059.6,12238.4
885,492,83,4,2485.0,10,9940.0,994.0,8946.0
886,492,77,3,1013.0,0,3039.0,0.0,3039.0
887,492,33,4,9645.0,0,38580.0,0.0,38580.0
888,493,46,2,6027.0,0,12054.0,0.0,12054.0
889,494,68,4,8743.0,10,34972.0,3497.2,31474.8
890,494,69,2,2652.0,15,5304.0,795.6,4508.4
891,495,33,2,9645.0,0,19290.0,0.0,19290.0
892,495,68,3,8743.0,20,26229.0,5245.8,20983.2
893,496,81,3,4250.0,20,12750.0,2550.0,10200.0
894,497,93,3,9197.0,20,27591.0,5518.2,22072.8
895,498,27,1,6268.0,15,6268.0,940.2,5327.8
896,499,11,1,49672.0,0,49672.0,0.0,49672.0
897,499,3,3,8939.0,5,26817.0,1340.85,25476.15
898,499,98,2,2339.0,20,4678.0,935.6,3742.4
899,499,84,2,6072.0,20,12144.0,2428.8,9715.2
900,500,53,1,5793.0,0,5793.0,0.0,5793.0
901,501,61,3,2121.0,20,6363.0,1272.6,5090.4
902,501,6,4,20009.0,15,80036.0,12005.4,68030.6
903,501,49,3,4162.0,0,12486.0,0.0,12486.0
904,501,98,4,2339.0,0,9356.0,0.0,9356.0
905,502,4,3,12687.0,20,38061.0,7612.2,30448.8
906,503,8,3,46151.0,20,138453.0,27690.6,110762.4
907,503,30,3,9049.0,15,27147.0,4072.05,23074.95
908,504,15,4,40783.0,20,163132.0,32626.4,130505.6
909,505,57,3,7649.0,0,22947.0,0.0,22947.0
910,505,81,4,4250.0,10,17000.0,1700.0,15300.0
911,505,25,2,3012.0,0,6024.0,0.0,6024.0
912,506,54,3,2554.0,5,7662.0,383.1,7278.9
913,507,37,2,2567.0,15,5134.0,770.1,4363.9
914,508,76,2,6697.0,10,13394.0,1339.4,12054.6
915,509,35,1,6556.0,20,6556.0,1311.2,5244.8
916,509,7,1,10982.0,0,10982.0,0.0,10982.0
917,509,12,2,17050.0,0,34100.0,0.0,34100.0
918,509,98,4,2339.0,0,9356.0,0.0,9356.0
919,510,95,4,3431.0,15,13724.0,2058.6,11665.4
920,511,67,1,9082.0,0,9082.0,0.0,9082.0
921,511,94,4,4450.0,20,17800.0,3560.0,14240.0
922,511,32,2,3478.0,0,6956.0,0.0,6956.0
923,511,41,2,4970.0,0,9940.0,0.0,9940.0
924,512,59,1,4493.0,5,4493.0,224.65,4268.35
925,513,27,4,6268.0,0,25072.0,0.0,25072.0
926,514,75,4,1408.0,0,5632.0,0.0,5632.0
927,514,79,1,566.0,5,566.0,28.3,537.7
928,514,80,2,1406.0,15,2812.0,421.8,2390.2
929,514,82,1,9833.0,0,9833.0,0.0,9833.0
930,515,18,2,29993.0,0,59986.0,0.0,59986.0
931,515,56,4,2573.0,20,10292.0,2058.4,8233.6
932,515,50,3,1637.0,15,4911.0,736.65,4174.35
933,516,100,1,7504.0,10,7504.0,750.4,6753.6
934,517,88,2,7798.0,10,15596.0,1559.6,14036.4
935,517,50,3,1637.0,0,4911.0,0.0,4911.0
936,517,57,1,7649.0,15,7649.0,1147.35,6501.65
937,518,41,3,4970.0,0,14910.0,0.0,14910.0
938,518,74,4,8876.0,20,35504.0,7100.8,28403.2
939,519,93,3,9197.0,10,27591.0,2759.1,24831.9
940,520,11,2,49672.0,0,99344.0,0.0,99344.0
941,520,49,1,4162.0,20,4162.0,832.4,3329.6
942,521,2,3,7163.0,0,21489.0,0.0,21489.0
943,521,69,2,2652.0,0,5304.0,0.0,5304.0
944,522,40,1,8752.0,20,8752.0,1750.4,7001.6
945,523,44,2,7467.0,0,14934.0,0.0,14934.0
946,524,39,4,6381.0,0,25524.0,0.0,25524.0
947,525,6,2,20009.0,15,40018.0,6002.7,34015.3
948,525,54,2,2554.0,0,5108.0,0.0,5108.0
949,526,100,2,7504.0,5,15008.0,750.4,14257.6
950,527,79,3,566.0,20,1698.0,339.6,1358.4
951,527,48,4,6795.0,0,27180.0,0.0,27180.0
952,528,27,2,6268.0,10,12536.0,1253.6,11282.4
953,528,30,4,9049.0,0,36196.0,0.0,36196.0
954,529,71,1,6080.0,15,6080.0,912.0,5168.0
955,530,28,4,7577.0,0,30308.0,0.0,30308.0
956,531,34,2,7864.0,0,15728.0,0.0,15728.0
957,532,64,4,4206.0,0,16824.0,0.0,16824.0
958,533,22,2,5817.0,5,11634.0,581.7,11052.3
959,534,20,3,39070.0,10,117210.0,11721.0,105489.0
960,534,76,2,6697.0,15,13394.0,2009.1,11384.9
961,535,78,2,6416.0,10,12832.0,1283.2,11548.8
962,535,30,4,9049.0,0,36196.0,0.0,36196.0
963,536,12,4,17050.0,5,68200.0,3410.0,64790.0
964,536,32,3,3478.0,5,10434.0,521.7,9912.3
965,537,50,1,1637.0,0,1637.0,0.0,1637.0
966,537,15,4,40783.0,5,163132.0,8156.6,154975.4
967,538,91,4,986.0,0,3944.0,0.0,3944.0
968,539,13,1,55796.0,20,55796.0,11159.2,44636.8
969,539,69,2,2652.0,0,5304.0,0.0,5304.0
970,539,45,2,3937.0,20,7874.0,1574.8,6299.2
971,540,99,1,7459.0,15,7459.0,1118.85,6340.15
972,540,45,4,3937.0,10,15748.0,1574.8,14173.2
973,541,4,2,12687.0,0,25374.0,0.0,25374.0
974,541,16,2,28374.0,15,56748.0,8512.2,48235.8
975,541,26,2,1015.0,0,2030.0,0.0,2030.0
976,542,1,1,53878.0,15,53878.0,8081.7,45796.3
977,543,27,1,6268.0,0,6268.0,0.0,6268.0
978,543,9,1,51674.0,5,51674.0,2583.7,49090.3
979,543,72,1,9649.0,5,9649.0,482.45,9166.55
980,544,61,2,2121.0,0,4242.0,0.0,4242.0
981,545,66,4,2116.0,0,8464.0,0.0,8464.0
982,546,72,2,9649.0,20,19298.0,3859.6,15438.4
983,547,46,2,6027.0,15,12054.0,1808.1,10245.9
984,547,25,4,3012.0,0,12048.0,0.0,12048.0
985,548,38,1,1154.0,20,1154.0,230.8,923.2
986,549,61,4,2121.0,0,8484.0,0.0,8484.0
987,549,47,3,7097.0,5,21291.0,1064.55,20226.45
988,550,41,1,4970.0,0,4970.0,0.0,4970.0
989,551,1,1,53878.0,20,53878.0,10775.6,43102.4
990,551,37,1,2567.0,0,2567.0,0.0,2567.0
991,552,95,1,3431.0,0,3431.0,0.0,3431.0
992,553,63,4,2296.0,0,9184.0,0.0,9184.0
993,553,64,4,4206.0,15,16824.0,2523.6,14300.4
994,554,24,1,2958.0,20,2958.0,591.6,2366.4
995,554,98,1,2339.0,20,2339.0,467.8,1871.2
996,555,90,3,1017.0,5,3051.0,152.55,2898.45
997,556,81,1,4250.0,15,4250.0,637.5,3612.5
998,557,18,3,29993.0,5,89979.0,4498.95,85480.05
999,557,37,2,2567.0,0,5134.0,0.0,5134.0
1000,558,39,2,6381.0,15,12762.0,1914.3,10847.7
1001,558,22,4,5817.0,5,23268.0,1163.4,22104.6
1002,559,74,1,8876.0,0,8876.0,0.0,8876.0
1003,560,82,3,9833.0,15,29499.0,4424.85,25074.15
1004,561,63,1,2296.0,5,2296.0,114.8,2181.2
1005,561,29,4,7655.0,10,30620.0,3062.0,27558.0
1006,562,93,4,9197.0,10,36788.0,3678.8,33109.2
1007,563,89,1,5107.0,0,5107.0,0.0,5107.0
1008,564,86,2,8140.0,10,16280.0,1628.0,14652.0
1009,564,16,3,28374.0,20,85122.0,17024.4,68097.6
1010,565,57,3,7649.0,20,22947.0,4589.4,18357.6
1011,566,83,2,2485.0,10,4970.0,497.0,4473.0
1012,566,86,4,8140.0,15,32560.0,4884.0,27676.0
1013,567,69,4,2652.0,0,10608.0,0.0,10608.0
1014,568,7,2,10982.0,5,21964.0,1098.2,20865.8
1015,568,74,3,8876.0,20,26628.0,5325.6,21302.4
1016,569,61,3,2121.0,0,6363.0,0.0,6363.0
1017,570,87,4,2509.0,20,10036.0,2007.2,8028.8
1018,570,18,1,29993.0,15,29993.0,4498.95,25494.05
1019,571,74,4,8876.0,0,35504.0,0.0,35504.0
1020,571,46,4,6027.0,0,24108.0,0.0,24108.0
1021,572,14,4,2689.0,15,10756.0,1613.4,9142.6
1022,573,4,1,12687.0,15,12687.0,1903.05,10783.95
1023,574,45,2,3937.0,0,7874.0,0.0,7874.0
1024,574,82,1,9833.0,0,9833.0,0.0,9833.0
1025,575,15,1,40783.0,0,40783.0,0.0,40783.0
1026,576,70,3,7332.0,15,21996.0,3299.4,18696.6
1027,576,95,1,3431.0,15,3431.0,514.65,2916.35
1028,576,62,1,4193.0,5,4193.0,209.65,3983.35
1029,577,79,3,566.0,20,1698.0,339.6,1358.4
1030,577,73,2,3368.0,15,6736.0,1010.4,5725.6
1031,578,49,4,4162.0,0,16648.0,0.0,16648.0
1032,578,81,2,4250.0,10,8500.0,850.0,7650.0
1033,578,31,2,5370.0,15,10740.0,1611.0,9129.0
1034,579,33,4,9645.0,5,38580.0,1929.0,36651.0
1035,579,66,2,2116.0,0,4232.0,0.0,4232.0
1036,580,55,2,5000.0,20,10000.0,2000.0,8000.0
1037,580,35,4,6556.0,15,26224.0,3933.6,22290.4
1038,581,48,2,6795.0,15,13590.0,2038.5,11551.5
1039,581,73,3,3368.0,10,10104.0,1010.4,9093.6
1040,582,63,1,2296.0,0,2296.0,0.0,2296.0
1041,583,8,2,46151.0,5,92302.0,4615.1,87686.9
1042,583,67,4,9082.0,0,36328.0,0.0,36328.0
1043,583,34,1,7864.0,5,7864.0,393.2,7470.8
1044,584,3,3,8939.0,0,26817.0,0.0,26817.0
1045,584,69,4,2652.0,0,10608.0,0.0,10608.0
1046,584,86,4,8140.0,5,32560.0,1628.0,30932.0
1047,584,92,4,5380.0,0,21520.0,0.0,21520.0
1048,585,44,3,7467.0,5,22401.0,1120.05,21280.95
1049,586,16,1,28374.0,0,28374.0,0.0,28374.0
1050,586,72,4,9649.0,0,38596.0,0.0,38596.0
1051,586,28,3,7577.0,5,22731.0,1136.55,21594.45
1052,587,96,2,6148.0,5,12296.0,614.8,11681.2
1053,587,73,2,3368.0,20,6736.0,1347.2,5388.8
1054,588,99,1,7459.0,10,7459.0,745.9,6713.1
1055,589,14,4,2689.0,5,10756.0,537.8,10218.2
1056,590,37,1,2567.0,0,2567.0,0.0,2567.0
1057,590,20,1,39070.0,5,39070.0,1953.5,37116.5
1058,590,85,2,3168.0,15,6336.0,950.4,5385.6
1059,591,46,2,6027.0,5,12054.0,602.7,11451.3
1060,591,33,3,9645.0,20,28935.0,5787.0,23148.0
1061,592,48,4,6795.0,15,27180.0,4077.0,23103.0
1062,592,79,1,566.0,20,566.0,113.2,452.8
1063,592,63,3,2296.0,0,6888.0,0.0,6888.0
1064,592,44,3,7467.0,20,22401.0,4480.2,17920.8
1065,593,85,3,3168.0,0,9504.0,0.0,9504.0
1066,593,40,2,8752.0,0,17504.0,0.0,17504.0
1067,594,66,3,2116.0,0,6348.0,0.0,6348.0
1068,595,14,3,2689.0,15,8067.0,1210.05,6856.95
1069,595,69,3,2652.0,20,7956.0,1591.2,6364.8
1070,595,31,1,5370.0,10,5370.0,537.0,4833.0
1071,596,60,2,2749.0,0,5498.0,0.0,5498.0
1072,596,48,1,6795.0,0,6795.0,0.0,6795.0
1073,597,95,4,3431.0,15,13724.0,2058.6,11665.4
1074,597,75,4,1408.0,20,5632.0,1126.4,4505.6
1075,598,14,1,2689.0,15,2689.0,403.35,2285.65
1076,598,52,1,5521.0,15,5521.0,828.15,4692.85
1077,598,13,2,55796.0,0,111592.0,0.0,111592.0
1078,599,97,2,5738.0,10,11476.0,1147.6,10328.4
1079,599,92,2,5380.0,0,10760.0,0.0,10760.0
1080,600,14,3,2689.0,0,8067.0,0.0,8067.0
1081,601,68,4,8743.0,0,34972.0,0.0,34972.0
1082,602,3,1,8939.0,15,8939.0,1340.85,7598.15
1083,602,73,4,3368.0,5,13472.0,673.6,12798.4
1084,603,8,1,46151.0,10,46151.0,4615.1,41535.9
1085,603,78,4,6416.0,15,25664.0,3849.6,21814.4
1086,603,55,1,5000.0,0,5000.0,0.0,5000.0
1087,603,62,2,4193.0,0,8386.0,0.0,8386.0
1088,604,43,1,7661.0,15,7661.0,1149.15,6511.85
1089,604,76,1,6697.0,5,6697.0,334.85,6362.15
1090,604,92,4,5380.0,0,21520.0,0.0,21520.0
1091,605,20,1,39070.0,0,39070.0,0.0,39070.0
1092,605,84,4,6072.0,5,24288.0,1214.4,23073.6
1093,606,33,4,9645.0,5,38580.0,1929.0,36651.0
1094,607,95,1,3431.0,20,3431.0,686.2,2744.8
1095,607,57,4,7649.0,0,30596.0,0.0,30596.0
1096,608,58,2,1598.0,10,3196.0,319.6,2876.4
1097,608,51,3,3978.0,15,11934.0,1790.1,10143.9
1098,608,28,3,7577.0,0,22731.0,0.0,22731.0
1099,609,38,1,1154.0,5,1154.0,57.7,1096.3
1100,609,8,1,46151.0,0,46151.0,0.0,46151.0
1101,609,47,3,7097.0,0,21291.0,0.0,21291.0
1102,610,4,2,12687.0,0,25374.0,0.0,25374.0
1103,610,31,4,5370.0,15,21480.0,3222.0,18258.0
1104,611,59,1,4493.0,15,4493.0,673.95,3819.05
1105,612,39,4,6381.0,0,25524.0,0.0,25524.0
1106,613,58,2,1598.0,0,3196.0,0.0,3196.0
1107,614,20,2,39070.0,0,78140.0,0.0,78140.0
1108,614,57,2,7649.0,10,15298.0,1529.8,13768.2
1109,615,92,3,5380.0,10,16140.0,1614.0,14526.0
1110,616,22,3,5817.0,0,17451.0,0.0,17451.0
1111,617,46,3,6027.0,0,18081.0,0.0,18081.0
1112,617,21,4,8617.0,20,34468.0,6893.6,27574.4
1113,618,42,3,2926.0,20,8778.0,1755.6,7022.4
1114,619,57,3,7649.0,0,22947.0,0.0,22947.0
1115,620,96,4,6148.0,10,24592.0,2459.2,22132.8
1116,621,35,1,6556.0,15,6556.0,983.4,5572.6
1117,622,22,1,5817.0,20,5817.0,1163.4,4653.6
1118,622,85,2,3168.0,10,6336.0,633.6,5702.4
1119,623,49,1,4162.0,0,4162.0,0.0,4162.0
1120,623,66,2,2116.0,0,4232.0,0.0,4232.0
1121,624,87,2,2509.0,5,5018.0,250.9,4767.1
1122,624,26,4,1015.0,10,4060.0,406.0,3654.0
1123,625,35,1,6556.0,0,6556.0,0.0,6556.0
1124,625,85,4,3168.0,0,12672.0,0.0,12672.0
1125,625,46,4,6027.0,0,24108.0,0.0,24108.0
1126,626,45,2,3937.0,0,7874.0,0.0,7874.0
1127,627,73,2,3368.0,5,6736.0,336.8,6399.2
1128,627,35,3,6556.0,5,19668.0,983.4,18684.6
1129,627,28,1,7577.0,10,7577.0,757.7,6819.3
1130,627,64,2,4206.0,10,8412.0,841.2,7570.8
1131,628,32,4,3478.0,20,13912.0,2782.4,11129.6
1132,628,28,4,7577.0,10,30308.0,3030.8,27277.2
1133,629,45,2,3937.0,15,7874.0,1181.1,6692.9
1134,629,6,2,20009.0,15,40018.0,6002.7,34015.3
1135,630,23,3,6472.0,20,19416.0,3883.2,15532.8
1136,630,62,1,4193.0,0,4193.0,0.0,4193.0
1137,630,75,2,1408.0,5,2816.0,140.8,2675.2
1138,631,67,1,9082.0,15,9082.0,1362.3,7719.7
1139,631,72,4,9649.0,0,38596.0,0.0,38596.0
1140,631,33,3,9645.0,5,28935.0,1446.75,27488.25
1141,632,74,2,8876.0,10,17752.0,1775.2,15976.8
1142,633,59,2,4493.0,20,8986.0,1797.2,7188.8
1143,634,59,1,4493.0,0,4493.0,0.0,4493.0
1144,635,71,3,6080.0,10,18240.0,1824.0,16416.0
1145,636,76,1,6697.0,15,6697.0,1004.55,5692.45
1146,636,44,1,7467.0,15,7467.0,1120.05,6346.95
1147,637,97,1,5738.0,5,5738.0,286.9,5451.1
1148,638,68,2,8743.0,0,17486.0,0.0,17486.0
1149,639,35,4,6556.0,5,26224.0,1311.2,24912.8
1150,639,54,2,2554.0,10,5108.0,510.8,4597.2
1151,640,18,4,29993.0,15,119972.0,17995.8,101976.2
1152,640,43,4,7661.0,20,30644.0,6128.8,24515.2
1153,641,21,4,8617.0,0,34468.0,0.0,34468.0
1154,642,4,3,12687.0,0,38061.0,0.0,38061.0
1155,642,65,3,7789.0,15,23367.0,3505.05,19861.95
1156,642,47,4,7097.0,20,28388.0,5677.6,22710.4
1157,643,39,2,6381.0,0,12762.0,0.0,12762.0
1158,643,25,3,3012.0,15,9036.0,1355.4,7680.6
1159,643,99,1,7459.0,5,7459.0,372.95,7086.05
1160,643,32,1,3478.0,15,3478.0,521.7,2956.3
1161,644,96,2,6148.0,0,12296.0,0.0,12296.0
1162,644,1,2,53878.0,0,107756.0,0.0,107756.0
1163,644,8,2,46151.0,0,92302.0,0.0,92302.0
1164,645,27,2,6268.0,10,12536.0,1253.6,11282.4
1165,646,67,1,9082.0,10,9082.0,908.2,8173.8
1166,647,44,1,7467.0,15,7467.0,1120.05,6346.95
1167,647,47,4,7097.0,0,28388.0,0.0,28388.0
1168,648,16,1,28374.0,10,28374.0,2837.4,25536.6
1169,649,11,1,49672.0,20,49672.0,9934.4,39737.6
1170,649,31,4,5370.0,0,21480.0,0.0,21480.0
1171,650,40,3,8752.0,15,26256.0,3938.4,22317.6
1172,650,4,2,12687.0,15,25374.0,3806.1,21567.9
1173,651,33,3,9645.0,20,28935.0,5787.0,23148.0
1174,651,65,3,7789.0,20,23367.0,4673.4,18693.6
1175,652,95,2,3431.0,20,6862.0,1372.4,5489.6
1176,653,60,1,2749.0,5,2749.0,137.45,2611.55
1177,653,88,1,7798.0,5,7798.0,389.9,7408.1
1178,653,33,4,9645.0,20,38580.0,7716.0,30864.0
1179,654,72,2,9649.0,20,19298.0,3859.6,15438.4
1180,655,90,4,1017.0,5,4068.0,203.4,3864.6
1181,655,11,1,49672.0,15,49672.0,7450.8,42221.2
1182,656,62,2,4193.0,10,8386.0,838.6,7547.4
1183,656,48,3,6795.0,15,20385.0,3057.75,17327.25
1184,656,55,2,5000.0,10,10000.0,1000.0,9000.0
1185,657,64,1,4206.0,15,4206.0,630.9,3575.1
1186,657,98,4,2339.0,15,9356.0,1403.4,7952.6
1187,658,57,4,7649.0,20,30596.0,6119.2,24476.8
1188,659,31,2,5370.0,0,10740.0,0.0,10740.0
1189,660,59,4,4493.0,0,17972.0,0.0,17972.0
1190,660,30,2,9049.0,0,18098.0,0.0,18098.0
1191,661,31,3,5370.0,15,16110.0,2416.5,13693.5
1192,661,23,3,6472.0,0,19416.0,0.0,19416.0
1193,661,51,3,3978.0,0,11934.0,0.0,11934.0
1194,662,25,4,3012.0,15,12048.0,1807.2,10240.8
1195,662,5,2,37543.0,0,75086.0,0.0,75086.0
1196,663,59,3,4493.0,15,13479.0,2021.85,11457.15
1197,663,76,3,6697.0,20,20091.0,4018.2,16072.8
1198,664,20,1,39070.0,0,39070.0,0.0,39070.0
1199,664,79,4,566.0,0,2264.0,0.0,2264.0
1200,664,63,1,2296.0,0,2296.0,0.0,2296.0
1201,665,17,4,64036.0,15,256144.0,38421.6,217722.4
1202,665,39,4,6381.0,10,25524.0,2552.4,22971.6
1203,666,15,1,40783.0,0,40783.0,0.0,40783.0
1204,667,90,4,1017.0,15,4068.0,610.2,3457.8
1205,667,75,2,1408.0,0,2816.0,0.0,2816.0
1206,667,44,1,7467.0,20,7467.0,1493.4,5973.6
1207,668,56,3,2573.0,0,7719.0,0.0,7719.0
1208,669,80,1,1406.0,10,1406.0,140.6,1265.4
1209,670,24,3,2958.0,0,8874.0,0.0,8874.0
1210,670,88,3,7798.0,20,23394.0,4678.8,18715.2
1211,671,7,3,10982.0,0,32946.0,0.0,32946.0
1212,671,73,4,3368.0,10,13472.0,1347.2,12124.8
1213,672,9,2,51674.0,15,103348.0,15502.2,87845.8
1214,672,14,4,2689.0,20,10756.0,2151.2,8604.8
1215,673,40,2,8752.0,0,17504.0,0.0,17504.0
1216,674,33,2,9645.0,20,19290.0,3858.0,15432.0
1217,674,73,3,3368.0,5,10104.0,505.2,9598.8
1218,675,91,4,986.0,10,3944.0,394.4,3549.6
1219,676,79,3,566.0,10,1698.0,169.8,1528.2
1220,677,23,4,6472.0,0,25888.0,0.0,25888.0
1221,678,34,4,7864.0,20,31456.0,6291.2,25164.8
1222,678,37,2,2567.0,15,5134.0,770.1,4363.9
1223,679,84,1,6072.0,15,6072.0,910.8,5161.2
1224,680,34,4,7864.0,20,31456.0,6291.2,25164.8
1225,680,46,4,6027.0,10,24108.0,2410.8,21697.2
1226,681,90,2,1017.0,15,2034.0,305.1,1728.9
1227,681,60,1,2749.0,5,2749.0,137.45,2611.55
1228,681,61,1,2121.0,10,2121.0,212.1,1908.9
1229,682,32,3,3478.0,0,10434.0,0.0,10434.0
1230,682,54,2,2554.0,0,5108.0,0.0,5108.0
1231,682,92,2,5380.0,10,10760.0,1076.0,9684.0
1232,683,73,2,3368.0,5,6736.0,336.8,6399.2
1233,684,78,2,6416.0,0,12832.0,0.0,12832.0
1234,685,93,4,9197.0,0,36788.0,0.0,36788.0
1235,686,92,1,5380.0,10,5380.0,538.0,4842.0
1236,687,38,2,1154.0,20,2308.0,461.6,1846.4
1237,688,46,2,6027.0,0,12054.0,0.0,12054.0
1238,689,15,2,40783.0,10,81566.0,8156.6,73409.4
1239,690,53,3,5793.0,0,17379.0,0.0,17379.0
1240,691,81,3,4250.0,10,12750.0,1275.0,11475.0
1241,692,93,2,9197.0,10,18394.0,1839.4,16554.6
1242,693,28,3,7577.0,5,22731.0,1136.55,21594.45
1243,694,32,1,3478.0,20,3478.0,695.6,2782.4
1244,695,94,3,4450.0,0,13350.0,0.0,13350.0
1245,695,53,2,5793.0,10,11586.0,1158.6,10427.4
1246,695,49,3,4162.0,15,12486.0,1872.9,10613.1
1247,695,62,1,4193.0,0,4193.0,0.0,4193.0
1248,696,51,3,3978.0,0,11934.0,0.0,11934.0
1249,697,53,2,5793.0,20,11586.0,2317.2,9268.8
1250,698,67,1,9082.0,10,9082.0,908.2,8173.8
1251,699,77,1,1013.0,0,1013.0,0.0,1013.0
1252,700,99,4,7459.0,20,29836.0,5967.2,23868.8
1253,700,58,2,1598.0,0,3196.0,0.0,3196.0
1254,700,43,1,7661.0,0,7661.0,0.0,7661.0
1255,701,41,1,4970.0,10,4970.0,497.0,4473.0
1256,701,42,2,2926.0,0,5852.0,0.0,5852.0
1257,701,80,2,1406.0,5,2812.0,140.6,2671.4
1258,702,56,4,2573.0,0,10292.0,0.0,10292.0
1259,702,4,3,12687.0,20,38061.0,7612.2,30448.8
1260,703,31,4,5370.0,0,21480.0,0.0,21480.0
1261,703,89,4,5107.0,0,20428.0,0.0,20428.0
1262,703,73,2,3368.0,0,6736.0,0.0,6736.0
1263,704,2,2,7163.0,15,14326.0,2148.9,12177.1
1264,704,15,3,40783.0,10,122349.0,12234.9,110114.1
1265,704,42,1,2926.0,5,2926.0,146.3,2779.7
1266,705,12,4,17050.0,20,68200.0,13640.0,54560.0
1267,706,41,4,4970.0,10,19880.0,1988.0,17892.0
1268,707,91,1,986.0,10,986.0,98.6,887.4
1269,707,67,4,9082.0,20,36328.0,7265.6,29062.4
1270,708,59,4,4493.0,0,17972.0,0.0,17972.0
1271,709,58,2,1598.0,0,3196.0,0.0,3196.0
1272,709,98,3,2339.0,0,7017.0,0.0,7017.0
1273,709,27,4,6268.0,15,25072.0,3760.8,21311.2
1274,710,77,2,1013.0,0,2026.0,0.0,2026.0
1275,711,73,3,3368.0,5,10104.0,505.2,9598.8
1276,712,43,1,7661.0,10,7661.0,766.1,6894.9
1277,712,40,3,8752.0,0,26256.0,0.0,26256.0
1278,713,19,4,20608.0,0,82432.0,0.0,82432.0
1279,713,71,3,6080.0,10,18240.0,1824.0,16416.0
1280,714,19,1,20608.0,15,20608.0,3091.2,17516.8
1281,714,61,2,2121.0,0,4242.0,0.0,4242.0
1282,715,11,2,49672.0,5,99344.0,4967.2,94376.8
1283,715,89,4,5107.0,10,20428.0,2042.8,18385.2
1284,715,23,1,6472.0,15,6472.0,970.8,5501.2
1285,715,8,3,46151.0,0,138453.0,0.0,138453.0
1286,716,68,3,8743.0,15,26229.0,3934.35,22294.65
1287,717,25,2,3012.0,0,6024.0,0.0,6024.0
1288,717,76,1,6697.0,5,6697.0,334.85,6362.15
1289,717,17,1,64036.0,15,64036.0,9605.4,54430.6
1290,718,22,2,5817.0,20,11634.0,2326.8,9307.2
1291,718,73,4,3368.0,20,13472.0,2694.4,10777.6
1292,719,45,3,3937.0,15,11811.0,1771.65,10039.35
1293,719,84,3,6072.0,20,18216.0,3643.2,14572.8
1294,720,89,3,5107.0,20,15321.0,3064.2,12256.8
1295,721,13,1,55796.0,20,55796.0,11159.2,44636.8
1296,721,59,1,4493.0,5,4493.0,224.65,4268.35
1297,722,5,4,37543.0,0,150172.0,0.0,150172.0
1298,723,85,4,3168.0,0,12672.0,0.0,12672.0
1299,723,78,3,6416.0,0,19248.0,0.0,19248.0
1300,724,95,4,3431.0,10,13724.0,1372.4,12351.6
1301,725,1,2,53878.0,15,107756.0,16163.4,91592.6
1302,726,92,2,5380.0,0,10760.0,0.0,10760.0
1303,726,81,4,4250.0,5,17000.0,850.0,16150.0
1304,727,41,1,4970.0,15,4970.0,745.5,4224.5
1305,728,5,4,37543.0,10,150172.0,15017.2,135154.8
1306,729,56,4,2573.0,10,10292.0,1029.2,9262.8
1307,729,85,2,3168.0,15,6336.0,950.4,5385.6
1308,730,45,4,3937.0,15,15748.0,2362.2,13385.8
1309,730,92,4,5380.0,20,21520.0,4304.0,17216.0
1310,731,20,2,39070.0,5,78140.0,3907.0,74233.0
1311,731,31,2,5370.0,10,10740.0,1074.0,9666.0
1312,731,14,1,2689.0,20,2689.0,537.8,2151.2
1313,732,95,1,3431.0,10,3431.0,343.1,3087.9
1314,732,9,2,51674.0,20,103348.0,20669.6,82678.4
1315,733,56,2,2573.0,5,5146.0,257.3,4888.7
1316,733,51,1,3978.0,20,3978.0,795.6,3182.4
1317,734,46,1,6027.0,20,6027.0,1205.4,4821.6
1318,735,41,3,4970.0,10,14910.0,1491.0,13419.0
1319,735,31,4,5370.0,20,21480.0,4296.0,17184.0
1320,735,92,3,5380.0,20,16140.0,3228.0,12912.0
1321,736,93,1,9197.0,0,9197.0,0.0,9197.0
1322,737,66,2,2116.0,5,4232.0,211.6,4020.4
1323,737,68,2,8743.0,20,17486.0,3497.2,13988.8
1324,738,6,3,20009.0,5,60027.0,3001.35,57025.65
1325,739,75,4,1408.0,10,5632.0,563.2,5068.8
1326,740,43,2,7661.0,0,15322.0,0.0,15322.0
1327,740,23,3,6472.0,15,19416.0,2912.4,16503.6
1328,741,61,2,2121.0,20,4242.0,848.4,3393.6
1329,742,42,3,2926.0,10,8778.0,877.8,7900.2
1330,742,26,2,1015.0,0,2030.0,0.0,2030.0
1331,742,7,1,10982.0,5,10982.0,549.1,10432.9
1332,742,79,4,566.0,0,2264.0,0.0,2264.0
1333,743,70,3,7332.0,0,21996.0,0.0,21996.0
1334,744,51,3,3978.0,20,11934.0,2386.8,9547.2
1335,744,27,4,6268.0,0,25072.0,0.0,25072.0
1336,745,17,3,64036.0,10,192108.0,19210.8,172897.2
1337,745,25,2,3012.0,15,6024.0,903.6,5120.4
1338,745,82,2,9833.0,10,19666.0,1966.6,17699.4
1339,746,3,2,8939.0,20,17878.0,3575.6,14302.4
1340,746,16,2,28374.0,5,56748.0,2837.4,53910.6
1341,746,59,3,4493.0,0,13479.0,0.0,13479.0
1342,747,96,1,6148.0,15,6148.0,922.2,5225.8
1343,748,68,3,8743.0,5,26229.0,1311.45,24917.55
1344,748,89,1,5107.0,20,5107.0,1021.4,4085.6
1345,749,23,3,6472.0,10,19416.0,1941.6,17474.4
1346,750,28,3,7577.0,0,22731.0,0.0,22731.0
1347,750,42,3,2926.0,10,8778.0,877.8,7900.2
1348,750,89,3,5107.0,5,15321.0,766.05,14554.95
1349,751,58,2,1598.0,5,3196.0,159.8,3036.2
1350,752,36,1,2955.0,20,2955.0,591.0,2364.0
1351,752,47,1,7097.0,0,7097.0,0.0,7097.0
1352,753,70,4,7332.0,0,29328.0,0.0,29328.0
1353,753,56,1,2573.0,0,2573.0,0.0,2573.0
1354,753,33,3,9645.0,15,28935.0,4340.25,24594.75
1355,754,9,1,51674.0,0,51674.0,0.0,51674.0
1356,755,16,2,28374.0,10,56748.0,5674.8,51073.2
1357,755,15,3,40783.0,0,122349.0,0.0,122349.0
1358,755,26,3,1015.0,5,3045.0,152.25,2892.75
1359,756,88,3,7798.0,5,23394.0,1169.7,22224.3
1360,757,75,2,1408.0,20,2816.0,563.2,2252.8
1361,758,79,2,566.0,10,1132.0,113.2,1018.8
1362,759,97,1,5738.0,0,5738.0,0.0,5738.0
1363,760,46,4,6027.0,5,24108.0,1205.4,22902.6
1364,760,41,1,4970.0,0,4970.0,0.0,4970.0
1365,761,52,3,5521.0,0,16563.0,0.0,16563.0
1366,761,51,1,3978.0,5,3978.0,198.9,3779.1
1367,761,27,1,6268.0,0,6268.0,0.0,6268.0
1368,761,30,3,9049.0,0,27147.0,0.0,27147.0
1369,762,21,1,8617.0,20,8617.0,1723.4,6893.6
1370,763,78,4,6416.0,15,25664.0,3849.6,21814.4
1371,763,25,1,3012.0,15,3012.0,451.8,2560.2
1372,764,42,2,2926.0,10,5852.0,585.2,5266.8
1373,764,94,1,4450.0,5,4450.0,222.5,4227.5
1374,765,40,2,8752.0,15,17504.0,2625.6,14878.4
1375,766,98,3,2339.0,10,7017.0,701.7,6315.3
1376,766,84,2,6072.0,0,12144.0,0.0,12144.0
1377,767,35,4,6556.0,10,26224.0,2622.4,23601.6
1378,767,93,1,9197.0,5,9197.0,459.85,8737.15
1379,767,90,4,1017.0,10,4068.0,406.8,3661.2
1380,768,48,3,6795.0,5,20385.0,1019.25,19365.75
1381,768,56,2,2573.0,0,5146.0,0.0,5146.0
1382,769,86,3,8140.0,15,24420.0,3663.0,20757.0
1383,770,40,3,8752.0,15,26256.0,3938.4,22317.6
1384,771,8,4,46151.0,5,184604.0,9230.2,175373.8
1385,771,27,3,6268.0,20,18804.0,3760.8,15043.2
1386,772,67,3,9082.0,0,27246.0,0.0,27246.0
1387,772,58,2,1598.0,5,3196.0,159.8,3036.2
1388,772,15,1,40783.0,0,40783.0,0.0,40783.0
1389,773,38,4,1154.0,5,4616.0,230.8,4385.2
1390,773,11,1,49672.0,0,49672.0,0.0,49672.0
1391,773,6,1,20009.0,0,20009.0,0.0,20009.0
1392,774,20,3,39070.0,5,117210.0,5860.5,111349.5
1393,775,54,2,2554.0,0,5108.0,0.0,5108.0
1394,775,98,2,2339.0,0,4678.0,0.0,4678.0
1395,776,28,1,7577.0,5,7577.0,378.85,7198.15
1396,776,72,3,9649.0,0,28947.0,0.0,28947.0
1397,777,61,3,2121.0,5,6363.0,318.15,6044.85
1398,778,60,2,2749.0,20,5498.0,1099.6,4398.4
1399,779,71,2,6080.0,20,12160.0,2432.0,9728.0
1400,779,44,1,7467.0,5,7467.0,373.35,7093.65
1401,780,41,4,4970.0,10,19880.0,1988.0,17892.0
1402,781,88,4,7798.0,0,31192.0,0.0,31192.0
1403,781,30,4,9049.0,20,36196.0,7239.2,28956.8
1404,782,17,2,64036.0,10,128072.0,12807.2,115264.8
1405,782,98,4,2339.0,20,9356.0,1871.2,7484.8
1406,782,13,4,55796.0,20,223184.0,44636.8,178547.2
1407,782,86,3,8140.0,20,24420.0,4884.0,19536.0
1408,783,57,1,7649.0,0,7649.0,0.0,7649.0
1409,784,24,2,2958.0,5,5916.0,295.8,5620.2
1410,785,15,1,40783.0,15,40783.0,6117.45,34665.55
1411,786,13,2,55796.0,20,111592.0,22318.4,89273.6
1412,787,26,1,1015.0,20,1015.0,203.0,812.0
1413,787,95,2,3431.0,0,6862.0,0.0,6862.0
1414,788,9,2,51674.0,0,103348.0,0.0,103348.0
1415,788,25,2,3012.0,20,6024.0,1204.8,4819.2
1416,788,36,1,2955.0,20,2955.0,591.0,2364.0
1417,789,70,1,7332.0,0,7332.0,0.0,7332.0
1418,790,95,1,3431.0,0,3431.0,0.0,3431.0
1419,791,35,4,6556.0,5,26224.0,1311.2,24912.8
1420,791,96,4,6148.0,0,24592.0,0.0,24592.0
1421,792,96,4,6148.0,5,24592.0,1229.6,23362.4
1422,793,28,2,7577.0,10,15154.0,1515.4,13638.6
1423,794,55,1,5000.0,20,5000.0,1000.0,4000.0
1424,795,63,2,2296.0,5,4592.0,229.6,4362.4
1425,796,14,3,2689.0,5,8067.0,403.35,7663.65
1426,797,49,3,4162.0,15,12486.0,1872.9,10613.1
1427,797,74,3,8876.0,10,26628.0,2662.8,23965.2
1428,798,56,2,2573.0,15,5146.0,771.9,4374.1
1429,799,69,3,2652.0,0,7956.0,0.0,7956.0
1430,799,62,1,4193.0,15,4193.0,628.95,3564.05
1431,799,22,4,5817.0,10,23268.0,2326.8,20941.2
1432,800,50,2,1637.0,20,3274.0,654.8,2619.2
1433,800,1,1,53878.0,10,53878.0,5387.8,48490.2
1434,800,85,1,3168.0,15,3168.0,475.2,2692.8
1435,801,55,4,5000.0,0,20000.0,0.0,20000.0
1436,801,95,4,3431.0,0,13724.0,0.0,13724.0
1437,801,34,1,7864.0,10,7864.0,786.4,7077.6
1438,802,91,2,986.0,10,1972.0,197.2,1774.8
1439,802,47,2,7097.0,15,14194.0,2129.1,12064.9
1440,803,46,2,6027.0,0,12054.0,0.0,12054.0
1441,803,51,3,3978.0,0,11934.0,0.0,11934.0
1442,804,10,2,11404.0,20,22808.0,4561.6,18246.4
1443,805,69,2,2652.0,0,5304.0,0.0,5304.0
1444,806,26,3,1015.0,20,3045.0,609.0,2436.0
1445,806,37,1,2567.0,20,2567.0,513.4,2053.6
1446,807,25,2,3012.0,0,6024.0,0.0,6024.0
1447,808,7,3,10982.0,20,32946.0,6589.2,26356.8
1448,808,70,3,7332.0,20,21996.0,4399.2,17596.8
1449,808,88,2,7798.0,15,15596.0,2339.4,13256.6
1450,809,21,2,8617.0,5,17234.0,861.7,16372.3
1451,809,25,3,3012.0,5,9036.0,451.8,8584.2
1452,809,63,4,2296.0,0,9184.0,0.0,9184.0
1453,810,38,4,1154.0,20,4616.0,923.2,3692.8
1454,811,29,4,7655.0,0,30620.0,0.0,30620.0
1455,811,34,2,7864.0,10,15728.0,1572.8,14155.2
1456,812,84,1,6072.0,15,6072.0,910.8,5161.2
1457,813,30,3,9049.0,15,27147.0,4072.05,23074.95
1458,814,82,4,9833.0,15,39332.0,5899.8,33432.2
1459,814,10,1,11404.0,0,11404.0,0.0,11404.0
1460,814,36,4,2955.0,15,11820.0,1773.0,10047.0
1461,815,18,4,29993.0,0,119972.0,0.0,119972.0
1462,815,21,2,8617.0,15,17234.0,2585.1,14648.9
1463,815,44,2,7467.0,10,14934.0,1493.4,13440.6
1464,816,77,1,1013.0,5,1013.0,50.65,962.35
1465,817,72,4,9649.0,15,38596.0,5789.4,32806.6
1466,818,1,1,53878.0,0,53878.0,0.0,53878.0
1467,818,75,4,1408.0,20,5632.0,1126.4,4505.6
1468,818,53,3,5793.0,0,17379.0,0.0,17379.0
1469,819,53,2,5793.0,0,11586.0,0.0,11586.0
1470,819,33,2,9645.0,0,19290.0,0.0,19290.0
1471,820,17,1,64036.0,0,64036.0,0.0,64036.0
1472,820,34,3,7864.0,10,23592.0,2359.2,21232.8
1473,820,45,1,3937.0,15,3937.0,590.55,3346.45
1474,821,53,1,5793.0,0,5793.0,0.0,5793.0
1475,822,72,4,9649.0,15,38596.0,5789.4,32806.6
1476,823,85,4,3168.0,15,12672.0,1900.8,10771.2
1477,823,75,4,1408.0,5,5632.0,281.6,5350.4
1478,823,96,2,6148.0,20,12296.0,2459.2,9836.8
1479,824,60,3,2749.0,20,8247.0,1649.4,6597.6
1480,824,44,3,7467.0,0,22401.0,0.0,22401.0
1481,825,16,4,28374.0,0,113496.0,0.0,113496.0
1482,826,16,1,28374.0,0,28374.0,0.0,28374.0
1483,826,33,1,9645.0,5,9645.0,482.25,9162.75
1484,827,68,2,8743.0,10,17486.0,1748.6,15737.4
1485,827,56,1,2573.0,15,2573.0,385.95,2187.05
1486,827,3,3,8939.0,0,26817.0,0.0,26817.0
1487,827,79,4,566.0,0,2264.0,0.0,2264.0
1488,828,91,2,986.0,0,1972.0,0.0,1972.0
1489,829,56,1,2573.0,0,2573.0,0.0,2573.0
1490,829,37,2,2567.0,20,5134.0,1026.8,4107.2
1491,829,41,2,4970.0,20,9940.0,1988.0,7952.0
1492,830,53,3,5793.0,20,17379.0,3475.8,13903.2
1493,830,26,1,1015.0,0,1015.0,0.0,1015.0
1494,830,51,3,3978.0,0,11934.0,0.0,11934.0
1495,831,77,2,1013.0,0,2026.0,0.0,2026.0
1496,832,41,2,4970.0,0,9940.0,0.0,9940.0
1497,832,60,4,2749.0,10,10996.0,1099.6,9896.4
1498,833,48,4,6795.0,0,27180.0,0.0,27180.0
1499,834,12,1,17050.0,0,17050.0,0.0,17050.0
1500,834,34,4,7864.0,0,31456.0,0.0,31456.0
1501,835,83,2,2485.0,0,4970.0,0.0,4970.0
1502,835,55,2,5000.0,0,10000.0,0.0,10000.0
1503,836,40,4,8752.0,10,35008.0,3500.8,31507.2
1504,837,32,2,3478.0,0,6956.0,0.0,6956.0
1505,838,32,1,3478.0,0,3478.0,0.0,3478.0
1506,839,25,4,3012.0,0,12048.0,0.0,12048.0
1507,840,19,2,20608.0,0,41216.0,0.0,41216.0
1508,841,82,1,9833.0,10,9833.0,983.3,8849.7
1509,842,3,3,8939.0,20,26817.0,5363.4,21453.6
1510,843,17,4,64036.0,0,256144.0,0.0,256144.0
1511,843,10,2,11404.0,15,22808.0,3421.2,19386.8
1512,844,16,2,28374.0,0,56748.0,0.0,56748.0
1513,844,83,3,2485.0,15,7455.0,1118.25,6336.75
1514,845,46,4,6027.0,5,24108.0,1205.4,22902.6
1515,846,11,1,49672.0,20,49672.0,9934.4,39737.6
1516,847,28,3,7577.0,15,22731.0,3409.65,19321.35
1517,848,40,3,8752.0,0,26256.0,0.0,26256.0
1518,849,62,3,4193.0,0,12579.0,0.0,12579.0
1519,850,72,4,9649.0,20,38596.0,7719.2,30876.8
1520,850,12,2,17050.0,5,34100.0,1705.0,32395.0
1521,851,20,3,39070.0,0,117210.0,0.0,117210.0
1522,851,16,2,28374.0,15,56748.0,8512.2,48235.8
1523,851,48,3,6795.0,10,20385.0,2038.5,18346.5
1524,852,90,2,1017.0,20,2034.0,406.8,1627.2
1525,853,75,3,1408.0,20,4224.0,844.8,3379.2
1526,853,15,4,40783.0,0,163132.0,0.0,163132.0
1527,853,47,1,7097.0,0,7097.0,0.0,7097.0
1528,854,71,3,6080.0,0,18240.0,0.0,18240.0
1529,854,76,4,6697.0,0,26788.0,0.0,26788.0
1530,855,51,2,3978.0,10,7956.0,795.6,7160.4
1531,855,90,1,1017.0,0,1017.0,0.0,1017.0
1532,856,10,4,11404.0,5,45616.0,2280.8,43335.2
1533,857,49,3,4162.0,10,12486.0,1248.6,11237.4
1534,857,53,3,5793.0,0,17379.0,0.0,17379.0
1535,858,23,1,6472.0,5,6472.0,323.6,6148.4
1536,859,99,2,7459.0,0,14918.0,0.0,14918.0
1537,859,89,2,5107.0,10,10214.0,1021.4,9192.6
1538,859,58,1,1598.0,10,1598.0,159.8,1438.2
1539,860,63,2,2296.0,10,4592.0,459.2,4132.8
1540,861,87,4,2509.0,5,10036.0,501.8,9534.2
1541,862,13,1,55796.0,10,55796.0,5579.6,50216.4
1542,863,45,1,3937.0,10,3937.0,393.7,3543.3
1543,863,67,4,9082.0,15,36328.0,5449.2,30878.8
1544,864,87,2,2509.0,0,5018.0,0.0,5018.0
1545,865,95,3,3431.0,15,10293.0,1543.95,8749.05
1546,866,35,1,6556.0,5,6556.0,327.8,6228.2
1547,866,71,3,6080.0,5,18240.0,912.0,17328.0
1548,867,60,2,2749.0,20,5498.0,1099.6,4398.4
1549,867,69,1,2652.0,0,2652.0,0.0,2652.0
1550,867,89,3,5107.0,0,15321.0,0.0,15321.0
1551,867,72,2,9649.0,0,19298.0,0.0,19298.0
1552,868,39,3,6381.0,10,19143.0,1914.3,17228.7
1553,869,46,4,6027.0,5,24108.0,1205.4,22902.6
1554,869,64,4,4206.0,5,16824.0,841.2,15982.8
1555,869,78,1,6416.0,5,6416.0,320.8,6095.2
1556,869,9,4,51674.0,15,206696.0,31004.4,175691.6
1557,870,49,3,4162.0,5,12486.0,624.3,11861.7
1558,870,53,3,5793.0,10,17379.0,1737.9,15641.1
1559,871,60,2,2749.0,5,5498.0,274.9,5223.1
1560,871,1,4,53878.0,0,215512.0,0.0,215512.0
1561,871,38,2,1154.0,5,2308.0,115.4,2192.6
1562,872,92,1,5380.0,0,5380.0,0.0,5380.0
1563,873,91,1,986.0,0,986.0,0.0,986.0
1564,874,23,1,6472.0,0,6472.0,0.0,6472.0
1565,874,3,2,8939.0,0,17878.0,0.0,17878.0
1566,875,7,4,10982.0,15,43928.0,6589.2,37338.8
1567,875,48,2,6795.0,0,13590.0,0.0,13590.0
1568,875,5,4,37543.0,10,150172.0,15017.2,135154.8
1569,876,15,1,40783.0,10,40783.0,4078.3,36704.7
1570,877,12,1,17050.0,15,17050.0,2557.5,14492.5
1571,878,94,1,4450.0,20,4450.0,890.0,3560.0
1572,879,58,4,1598.0,0,6392.0,0.0,6392.0
1573,879,28,2,7577.0,15,15154.0,2273.1,12880.9
1574,880,58,1,1598.0,5,1598.0,79.9,1518.1
1575,881,30,4,9049.0,0,36196.0,0.0,36196.0
1576,881,99,2,7459.0,15,14918.0,2237.7,12680.3
1577,882,45,4,3937.0,0,15748.0,0.0,15748.0
1578,883,58,4,1598.0,20,6392.0,1278.4,5113.6
1579,884,37,1,2567.0,0,2567.0,0.0,2567.0
1580,885,2,3,7163.0,5,21489.0,1074.45,20414.55
1581,885,60,3,2749.0,10,8247.0,824.7,7422.3
1582,885,66,3,2116.0,0,6348.0,0.0,6348.0
1583,886,66,2,2116.0,0,4232.0,0.0,4232.0
1584,886,71,2,6080.0,0,12160.0,0.0,12160.0
1585,886,80,1,1406.0,15,1406.0,210.9,1195.1
1586,887,54,3,2554.0,15,7662.0,1149.3,6512.7
1587,888,23,3,6472.0,10,19416.0,1941.6,17474.4
1588,888,4,4,12687.0,20,50748.0,10149.6,40598.4
1589,888,59,4,4493.0,15,17972.0,2695.8,15276.2
1590,889,39,1,6381.0,0,6381.0,0.0,6381.0
1591,890,22,1,5817.0,5,5817.0,290.85,5526.15
1592,891,59,2,4493.0,15,8986.0,1347.9,7638.1
1593,892,5,4,37543.0,5,150172.0,7508.6,142663.4
1594,893,22,4,5817.0,10,23268.0,2326.8,20941.2
1595,893,9,2,51674.0,0,103348.0,0.0,103348.0
1596,893,89,3,5107.0,15,15321.0,2298.15,13022.85
1597,894,73,2,3368.0,0,6736.0,0.0,6736.0
1598,895,70,4,7332.0,0,29328.0,0.0,29328.0
1599,895,36,1,2955.0,0,2955.0,0.0,2955.0
1600,896,48,4,6795.0,10,27180.0,2718.0,24462.0
1601,896,76,4,6697.0,0,26788.0,0.0,26788.0
1602,896,49,3,4162.0,5,12486.0,624.3,11861.7
1603,896,3,1,8939.0,0,8939.0,0.0,8939.0
1604,897,25,1,3012.0,10,3012.0,301.2,2710.8
1605,897,22,4,5817.0,20,23268.0,4653.6,18614.4
1606,898,20,3,39070.0,0,117210.0,0.0,117210.0
1607,899,74,3,8876.0,15,26628.0,3994.2,22633.8
1608,900,43,1,7661.0,20,7661.0,1532.2,6128.8
1609,901,61,3,2121.0,15,6363.0,954.45,5408.55
1610,901,99,1,7459.0,5,7459.0,372.95,7086.05
1611,902,37,1,2567.0,5,2567.0,128.35,2438.65
1612,903,25,1,3012.0,5,3012.0,150.6,2861.4
1613,903,97,1,5738.0,15,5738.0,860.7,4877.3
1614,904,63,4,2296.0,10,9184.0,918.4,8265.6
1615,905,38,4,1154.0,20,4616.0,923.2,3692.8
1616,905,4,2,12687.0,20,25374.0,5074.8,20299.2
1617,906,96,4,6148.0,15,24592.0,3688.8,20903.2
1618,907,7,1,10982.0,10,10982.0,1098.2,9883.8
1619,908,78,3,6416.0,0,19248.0,0.0,19248.0
1620,909,27,4,6268.0,0,25072.0,0.0,25072.0
1621,910,76,4,6697.0,5,26788.0,1339.4,25448.6
1622,911,20,4,39070.0,10,156280.0,15628.0,140652.0
1623,911,44,3,7467.0,0,22401.0,0.0,22401.0
1624,911,7,2,10982.0,0,21964.0,0.0,21964.0
1625,911,14,3,2689.0,10,8067.0,806.7,7260.3
1626,912,29,3,7655.0,15,22965.0,3444.75,19520.25
1627,913,8,1,46151.0,15,46151.0,6922.65,39228.35
1628,913,52,4,5521.0,0,22084.0,0.0,22084.0
1629,914,98,3,2339.0,0,7017.0,0.0,7017.0
1630,915,29,2,7655.0,0,15310.0,0.0,15310.0
1631,915,2,2,7163.0,10,14326.0,1432.6,12893.4
1632,915,39,1,6381.0,15,6381.0,957.15,5423.85
1633,916,2,2,7163.0,0,14326.0,0.0,14326.0
1634,917,61,1,2121.0,0,2121.0,0.0,2121.0
1635,918,97,1,5738.0,20,5738.0,1147.6,4590.4
1636,918,70,3,7332.0,0,21996.0,0.0,21996.0
1637,919,32,1,3478.0,0,3478.0,0.0,3478.0
1638,919,26,3,1015.0,20,3045.0,609.0,2436.0
1639,919,85,4,3168.0,0,12672.0,0.0,12672.0
1640,920,8,1,46151.0,10,46151.0,4615.1,41535.9
1641,920,33,1,9645.0,20,9645.0,1929.0,7716.0
1642,920,67,3,9082.0,20,27246.0,5449.2,21796.8
1643,921,57,1,7649.0,15,7649.0,1147.35,6501.65
1644,921,47,4,7097.0,5,28388.0,1419.4,26968.6
1645,922,57,2,7649.0,0,15298.0,0.0,15298.0
1646,923,47,4,7097.0,5,28388.0,1419.4,26968.6
1647,923,89,2,5107.0,15,10214.0,1532.1,8681.9
1648,924,76,3,6697.0,10,20091.0,2009.1,18081.9
1649,924,2,1,7163.0,15,7163.0,1074.45,6088.55
1650,924,58,2,1598.0,0,3196.0,0.0,3196.0
1651,924,54,1,2554.0,5,2554.0,127.7,2426.3
1652,925,11,4,49672.0,10,198688.0,19868.8,178819.2
1653,925,82,3,9833.0,10,29499.0,2949.9,26549.1
1654,926,12,2,17050.0,0,34100.0,0.0,34100.0
1655,926,53,4,5793.0,15,23172.0,3475.8,19696.2
1656,927,51,4,3978.0,0,15912.0,0.0,15912.0
1657,928,67,1,9082.0,0,9082.0,0.0,9082.0
1658,928,88,4,7798.0,20,31192.0,6238.4,24953.6
1659,929,76,3,6697.0,0,20091.0,0.0,20091.0
1660,929,55,4,5000.0,15,20000.0,3000.0,17000.0
1661,929,82,2,9833.0,10,19666.0,1966.6,17699.4
1662,930,45,4,3937.0,15,15748.0,2362.2,13385.8
1663,930,86,4,8140.0,20,32560.0,6512.0,26048.0
1664,931,99,3,7459.0,0,22377.0,0.0,22377.0
1665,931,70,3,7332.0,0,21996.0,0.0,21996.0
1666,932,23,3,6472.0,0,19416.0,0.0,19416.0
1667,932,99,4,7459.0,0,29836.0,0.0,29836.0
1668,933,22,1,5817.0,10,5817.0,581.7,5235.3
1669,934,2,2,7163.0,0,14326.0,0.0,14326.0
1670,934,10,4,11404.0,5,45616.0,2280.8,43335.2
1671,934,60,2,2749.0,5,5498.0,274.9,5223.1
1672,935,94,3,4450.0,0,13350.0,0.0,13350.0
1673,935,80,4,1406.0,15,5624.0,843.6,4780.4
1674,936,37,4,2567.0,0,10268.0,0.0,10268.0
1675,936,13,3,55796.0,20,167388.0,33477.6,133910.4
1676,937,34,4,7864.0,20,31456.0,6291.2,25164.8
1677,938,37,4,2567.0,10,10268.0,1026.8,9241.2
1678,938,22,2,5817.0,20,11634.0,2326.8,9307.2
1679,939,56,4,2573.0,0,10292.0,0.0,10292.0
1680,940,8,3,46151.0,0,138453.0,0.0,138453.0
1681,941,70,1,7332.0,0,7332.0,0.0,7332.0
1682,942,70,1,7332.0,10,7332.0,733.2,6598.8
1683,942,21,2,8617.0,0,17234.0,0.0,17234.0
1684,943,73,3,3368.0,15,10104.0,1515.6,8588.4
1685,943,16,2,28374.0,20,56748.0,11349.6,45398.4
1686,943,82,4,9833.0,5,39332.0,1966.6,37365.4
1687,943,71,2,6080.0,0,12160.0,0.0,12160.0
1688,944,20,2,39070.0,5,78140.0,3907.0,74233.0
1689,944,3,4,8939.0,15,35756.0,5363.4,30392.6
1690,945,72,2,9649.0,15,19298.0,2894.7,16403.3
1691,945,88,1,7798.0,10,7798.0,779.8,7018.2
1692,946,65,3,7789.0,10,23367.0,2336.7,21030.3
1693,947,23,4,6472.0,15,25888.0,3883.2,22004.8
1694,948,31,4,5370.0,0,21480.0,0.0,21480.0
1695,948,94,1,4450.0,0,4450.0,0.0,4450.0
1696,949,50,2,1637.0,0,3274.0,0.0,3274.0
1697,950,74,2,8876.0,5,17752.0,887.6,16864.4
1698,950,45,2,3937.0,0,7874.0,0.0,7874.0
1699,951,1,1,53878.0,0,53878.0,0.0,53878.0
1700,951,59,2,4493.0,10,8986.0,898.6,8087.4
1701,952,4,1,12687.0,5,12687.0,634.35,12052.65
1702,952,2,2,7163.0,0,14326.0,0.0,14326.0
1703,953,93,3,9197.0,5,27591.0,1379.55,26211.45
1704,954,39,1,6381.0,10,6381.0,638.1,5742.9
1705,954,61,3,2121.0,20,6363.0,1272.6,5090.4
1706,955,58,2,1598.0,5,3196.0,159.8,3036.2
1707,956,49,3,4162.0,5,12486.0,624.3,11861.7
1708,956,5,4,37543.0,0,150172.0,0.0,150172.0
1709,956,34,3,7864.0,0,23592.0,0.0,23592.0
1710,957,33,4,9645.0,5,38580.0,1929.0,36651.0
1711,957,17,1,64036.0,0,64036.0,0.0,64036.0
1712,958,61,3,2121.0,0,6363.0,0.0,6363.0
1713,958,16,4,28374.0,10,113496.0,11349.6,102146.4
1714,959,73,4,3368.0,20,13472.0,2694.4,10777.6
1715,959,75,4,1408.0,20,5632.0,1126.4,4505.6
1716,959,4,1,12687.0,15,12687.0,1903.05,10783.95
1717,960,76,3,6697.0,15,20091.0,3013.65,17077.35
1718,961,68,1,8743.0,15,8743.0,1311.45,7431.55
1719,961,59,1,4493.0,10,4493.0,449.3,4043.7
1720,962,31,2,5370.0,0,10740.0,0.0,10740.0
1721,963,79,4,566.0,5,2264.0,113.2,2150.8
1722,964,60,1,2749.0,0,2749.0,0.0,2749.0
1723,965,60,2,2749.0,10,5498.0,549.8,4948.2
1724,965,31,4,5370.0,5,21480.0,1074.0,20406.0
1725,965,3,4,8939.0,15,35756.0,5363.4,30392.6
1726,966,96,2,6148.0,20,12296.0,2459.2,9836.8
1727,966,94,4,4450.0,20,17800.0,3560.0,14240.0
1728,967,74,4,8876.0,5,35504.0,1775.2,33728.8
1729,967,20,4,39070.0,15,156280.0,23442.0,132838.0
1730,968,26,1,1015.0,5,1015.0,50.75,964.25
1731,969,55,3,5000.0,5,15000.0,750.0,14250.0
1732,970,24,1,2958.0,0,2958.0,0.0,2958.0
1733,970,3,1,8939.0,15,8939.0,1340.85,7598.15
1734,970,10,2,11404.0,20,22808.0,4561.6,18246.4
1735,971,33,2,9645.0,0,19290.0,0.0,19290.0
1736,971,13,4,55796.0,5,223184.0,11159.2,212024.8
1737,972,17,4,64036.0,20,256144.0,51228.8,204915.2
1738,973,4,1,12687.0,0,12687.0,0.0,12687.0
1739,974,10,4,11404.0,20,45616.0,9123.2,36492.8
1740,975,42,2,2926.0,15,5852.0,877.8,4974.2
1741,975,28,4,7577.0,0,30308.0,0.0,30308.0
1742,976,62,2,4193.0,10,8386.0,838.6,7547.4
1743,977,81,2,4250.0,0,8500.0,0.0,8500.0
1744,977,67,3,9082.0,5,27246.0,1362.3,25883.7
1745,977,1,3,53878.0,15,161634.0,24245.1,137388.9
1746,977,38,1,1154.0,10,1154.0,115.4,1038.6
1747,978,67,1,9082.0,0,9082.0,0.0,9082.0
1748,979,33,3,9645.0,0,28935.0,0.0,28935.0
1749,979,29,3,7655.0,15,22965.0,3444.75,19520.25
1750,980,67,3,9082.0,0,27246.0,0.0,27246.0
1751,980,15,1,40783.0,5,40783.0,2039.15,38743.85
1752,980,57,4,7649.0,10,30596.0,3059.6,27536.4
1753,980,76,3,6697.0,20,20091.0,4018.2,16072.8
1754,981,54,4,2554.0,10,10216.0,1021.6,9194.4
1755,981,69,4,2652.0,10,10608.0,1060.8,9547.2
1756,981,5,1,37543.0,5,37543.0,1877.15,35665.85
1757,982,66,3,2116.0,0,6348.0,0.0,6348.0
1758,982,22,1,5817.0,5,5817.0,290.85,5526.15
1759,983,79,3,566.0,10,1698.0,169.8,1528.2
1760,984,28,3,7577.0,15,22731.0,3409.65,19321.35
1761,984,35,1,6556.0,15,6556.0,983.4,5572.6
1762,985,89,3,5107.0,5,15321.0,766.05,14554.95
1763,986,24,2,2958.0,15,5916.0,887.4,5028.6
1764,986,1,1,53878.0,10,53878.0,5387.8,48490.2
1765,986,87,2,2509.0,0,5018.0,0.0,5018.0
1766,986,47,3,7097.0,5,21291.0,1064.55,20226.45
1767,987,6,4,20009.0,0,80036.0,0.0,80036.0
1768,987,86,2,8140.0,10,16280.0,1628.0,14652.0
1769,988,86,3,8140.0,0,24420.0,0.0,24420.0
1770,989,87,3,2509.0,15,7527.0,1129.05,6397.95
1771,990,89,2,5107.0,0,10214.0,0.0,10214.0
1772,990,27,1,6268.0,20,6268.0,1253.6,5014.4
1773,991,96,4,6148.0,0,24592.0,0.0,24592.0
1774,991,94,2,4450.0,0,8900.0,0.0,8900.0
1775,991,90,2,1017.0,0,2034.0,0.0,2034.0
1776,992,28,4,7577.0,10,30308.0,3030.8,27277.2
1777,993,90,4,1017.0,20,4068.0,813.6,3254.4
1778,993,29,4,7655.0,5,30620.0,1531.0,29089.0
1779,993,19,4,20608.0,0,82432.0,0.0,82432.0
1780,993,68,3,8743.0,15,26229.0,3934.35,22294.65
1781,994,43,1,7661.0,0,7661.0,0.0,7661.0
1782,995,54,3,2554.0,20,7662.0,1532.4,6129.6
1783,996,81,1,4250.0,5,4250.0,212.5,4037.5
1784,996,12,3,17050.0,15,51150.0,7672.5,43477.5
1785,996,25,4,3012.0,0,12048.0,0.0,12048.0
1786,996,30,1,9049.0,15,9049.0,1357.35,7691.65
1787,997,36,4,2955.0,15,11820.0,1773.0,10047.0
1788,998,18,4,29993.0,10,119972.0,11997.2,107974.8
1789,998,82,4,9833.0,15,39332.0,5899.8,33432.2
1790,999,4,1,12687.0,0,12687.0,0.0,12687.0
1791,1000,63,3,2296.0,10,6888.0,688.8,6199.2
1792,1000,72,1,9649.0,5,9649.0,482.45,9166.55
1793,1001,74,4,8876.0,5,35504.0,1775.2,33728.8
1794,1002,54,4,2554.0,0,10216.0,0.0,10216.0
1795,1002,89,2,5107.0,20,10214.0,2042.8,8171.2
1796,1002,99,1,7459.0,0,7459.0,0.0,7459.0
1797,1003,36,3,2955.0,0,8865.0,0.0,8865.0
1798,1004,35,4,6556.0,5,26224.0,1311.2,24912.8
1799,1004,26,2,1015.0,10,2030.0,203.0,1827.0
1800,1005,26,4,1015.0,15,4060.0,609.0,3451.0
1801,1006,67,3,9082.0,20,27246.0,5449.2,21796.8
1802,1007,27,3,6268.0,15,18804.0,2820.6,15983.4
1803,1008,59,2,4493.0,0,8986.0,0.0,8986.0
1804,1009,100,2,7504.0,15,15008.0,2251.2,12756.8
1805,1009,8,3,46151.0,5,138453.0,6922.65,131530.35
1806,1010,72,3,9649.0,0,28947.0,0.0,28947.0
1807,1011,51,4,3978.0,5,15912.0,795.6,15116.4
1808,1012,44,3,7467.0,5,22401.0,1120.05,21280.95
1809,1013,63,3,2296.0,20,6888.0,1377.6,5510.4
1810,1013,17,2,64036.0,0,128072.0,0.0,128072.0
1811,1014,92,1,5380.0,0,5380.0,0.0,5380.0
1812,1014,71,2,6080.0,0,12160.0,0.0,12160.0
1813,1014,50,2,1637.0,20,3274.0,654.8,2619.2
1814,1015,2,3,7163.0,15,21489.0,3223.35,18265.65
1815,1015,18,4,29993.0,20,119972.0,23994.4,95977.6
1816,1015,43,1,7661.0,10,7661.0,766.1,6894.9
1817,1015,64,4,4206.0,10,16824.0,1682.4,15141.6
1818,1016,61,2,2121.0,20,4242.0,848.4,3393.6
1819,1016,83,3,2485.0,20,7455.0,1491.0,5964.0
1820,1017,58,2,1598.0,10,3196.0,319.6,2876.4
1821,1017,28,2,7577.0,0,15154.0,0.0,15154.0
1822,1018,53,4,5793.0,20,23172.0,4634.4,18537.6
1823,1019,52,1,5521.0,10,5521.0,552.1,4968.9
1824,1020,3,1,8939.0,20,8939.0,1787.8,7151.2
1825,1021,14,1,2689.0,15,2689.0,403.35,2285.65
1826,1021,39,4,6381.0,0,25524.0,0.0,25524.0
1827,1022,27,3,6268.0,5,18804.0,940.2,17863.8
1828,1022,62,2,4193.0,0,8386.0,0.0,8386.0
1829,1022,52,4,5521.0,15,22084.0,3312.6,18771.4
1830,1023,38,2,1154.0,5,2308.0,115.4,2192.6
1831,1023,57,2,7649.0,5,15298.0,764.9,14533.1
1832,1023,35,2,6556.0,5,13112.0,655.6,12456.4
1833,1023,33,2,9645.0,5,19290.0,964.5,18325.5
1834,1024,81,1,4250.0,15,4250.0,637.5,3612.5
1835,1025,37,4,2567.0,10,10268.0,1026.8,9241.2
1836,1026,29,3,7655.0,15,22965.0,3444.75,19520.25
1837,1027,73,4,3368.0,5,13472.0,673.6,12798.4
1838,1027,18,2,29993.0,5,59986.0,2999.3,56986.7
1839,1027,44,3,7467.0,5,22401.0,1120.05,21280.95
1840,1028,67,3,9082.0,5,27246.0,1362.3,25883.7
1841,1028,90,3,1017.0,10,3051.0,305.1,2745.9
1842,1028,51,1,3978.0,15,3978.0,596.7,3381.3
1843,1029,2,3,7163.0,20,21489.0,4297.8,17191.2
1844,1030,36,2,2955.0,10,5910.0,591.0,5319.0
1845,1031,46,1,6027.0,0,6027.0,0.0,6027.0
1846,1031,23,3,6472.0,0,19416.0,0.0,19416.0
1847,1032,21,1,8617.0,0,8617.0,0.0,8617.0
1848,1032,63,4,2296.0,15,9184.0,1377.6,7806.4
1849,1033,52,3,5521.0,15,16563.0,2484.45,14078.55
1850,1033,66,4,2116.0,15,8464.0,1269.6,7194.4
1851,1034,75,4,1408.0,15,5632.0,844.8,4787.2
1852,1034,72,2,9649.0,20,19298.0,3859.6,15438.4
1853,1035,15,3,40783.0,5,122349.0,6117.45,116231.55
1854,1035,17,4,64036.0,15,256144.0,38421.6,217722.4
1855,1036,28,4,7577.0,0,30308.0,0.0,30308.0
1856,1036,43,3,7661.0,10,22983.0,2298.3,20684.7
1857,1037,22,3,5817.0,10,17451.0,1745.1,15705.9
1858,1037,63,2,2296.0,0,4592.0,0.0,4592.0
1859,1038,49,4,4162.0,20,16648.0,3329.6,13318.4
1860,1038,23,3,6472.0,0,19416.0,0.0,19416.0
1861,1038,15,3,40783.0,0,122349.0,0.0,122349.0
1862,1039,70,2,7332.0,15,14664.0,2199.6,12464.4
1863,1039,61,4,2121.0,0,8484.0,0.0,8484.0
1864,1039,60,2,2749.0,0,5498.0,0.0,5498.0
1865,1040,2,1,7163.0,0,7163.0,0.0,7163.0
1866,1040,68,1,8743.0,20,8743.0,1748.6,6994.4
1867,1041,29,4,7655.0,0,30620.0,0.0,30620.0
1868,1041,13,4,55796.0,0,223184.0,0.0,223184.0
1869,1042,28,2,7577.0,0,15154.0,0.0,15154.0
1870,1042,80,1,1406.0,20,1406.0,281.2,1124.8
1871,1042,3,2,8939.0,0,17878.0,0.0,17878.0
1872,1043,52,1,5521.0,0,5521.0,0.0,5521.0
1873,1044,100,2,7504.0,0,15008.0,0.0,15008.0
1874,1045,94,1,4450.0,0,4450.0,0.0,4450.0
1875,1045,46,4,6027.0,10,24108.0,2410.8,21697.2
1876,1045,89,4,5107.0,10,20428.0,2042.8,18385.2
1877,1046,20,1,39070.0,15,39070.0,5860.5,33209.5
1878,1047,39,4,6381.0,20,25524.0,5104.8,20419.2
1879,1047,36,4,2955.0,0,11820.0,0.0,11820.0
1880,1047,42,1,2926.0,15,2926.0,438.9,2487.1
1881,1048,63,3,2296.0,0,6888.0,0.0,6888.0
1882,1049,77,1,1013.0,5,1013.0,50.65,962.35
1883,1050,49,2,4162.0,15,8324.0,1248.6,7075.4
1884,1051,35,3,6556.0,20,19668.0,3933.6,15734.4
1885,1052,4,1,12687.0,15,12687.0,1903.05,10783.95
1886,1053,20,1,39070.0,10,39070.0,3907.0,35163.0
1887,1053,62,3,4193.0,10,12579.0,1257.9,11321.1
1888,1054,12,2,17050.0,0,34100.0,0.0,34100.0
1889,1054,39,3,6381.0,5,19143.0,957.15,18185.85
1890,1055,90,3,1017.0,20,3051.0,610.2,2440.8
1891,1056,87,1,2509.0,0,2509.0,0.0,2509.0
1892,1056,70,2,7332.0,20,14664.0,2932.8,11731.2
1893,1057,59,1,4493.0,10,4493.0,449.3,4043.7
1894,1057,67,4,9082.0,0,36328.0,0.0,36328.0
1895,1058,27,3,6268.0,5,18804.0,940.2,17863.8
1896,1059,82,4,9833.0,10,39332.0,3933.2,35398.8
1897,1059,44,1,7467.0,5,7467.0,373.35,7093.65
1898,1059,89,1,5107.0,20,5107.0,1021.4,4085.6
1899,1059,64,1,4206.0,10,4206.0,420.6,3785.4
1900,1060,71,4,6080.0,10,24320.0,2432.0,21888.0
1901,1061,87,1,2509.0,0,2509.0,0.0,2509.0
1902,1062,75,4,1408.0,5,5632.0,281.6,5350.4
1903,1062,51,3,3978.0,0,11934.0,0.0,11934.0
1904,1062,94,1,4450.0,20,4450.0,890.0,3560.0
1905,1063,35,2,6556.0,5,13112.0,655.6,12456.4
1906,1063,2,1,7163.0,10,7163.0,716.3,6446.7
1907,1063,17,3,64036.0,0,192108.0,0.0,192108.0
1908,1064,57,3,7649.0,15,22947.0,3442.05,19504.95
1909,1065,21,1,8617.0,5,8617.0,430.85,8186.15
1910,1066,97,2,5738.0,10,11476.0,1147.6,10328.4
1911,1066,57,4,7649.0,15,30596.0,4589.4,26006.6
1912,1067,6,2,20009.0,10,40018.0,4001.8,36016.2
1913,1068,92,4,5380.0,0,21520.0,0.0,21520.0
1914,1068,32,4,3478.0,15,13912.0,2086.8,11825.2
1915,1069,6,1,20009.0,15,20009.0,3001.35,17007.65
1916,1070,56,4,2573.0,15,10292.0,1543.8,8748.2
1917,1071,48,1,6795.0,10,6795.0,679.5,6115.5
1918,1071,16,4,28374.0,15,113496.0,17024.4,96471.6
1919,1072,29,1,7655.0,5,7655.0,382.75,7272.25
1920,1073,89,4,5107.0,0,20428.0,0.0,20428.0
1921,1073,77,3,1013.0,10,3039.0,303.9,2735.1
1922,1073,48,1,6795.0,15,6795.0,1019.25,5775.75
1923,1074,51,4,3978.0,0,15912.0,0.0,15912.0
1924,1075,40,2,8752.0,0,17504.0,0.0,17504.0
1925,1075,79,1,566.0,0,566.0,0.0,566.0
1926,1076,10,3,11404.0,10,34212.0,3421.2,30790.8
1927,1077,43,2,7661.0,10,15322.0,1532.2,13789.8
1928,1077,25,1,3012.0,5,3012.0,150.6,2861.4
1929,1077,47,1,7097.0,15,7097.0,1064.55,6032.45
1930,1078,37,3,2567.0,0,7701.0,0.0,7701.0
1931,1078,61,1,2121.0,10,2121.0,212.1,1908.9
1932,1078,8,3,46151.0,5,138453.0,6922.65,131530.35
1933,1079,66,1,2116.0,10,2116.0,211.6,1904.4
1934,1079,28,4,7577.0,10,30308.0,3030.8,27277.2
1935,1080,92,1,5380.0,20,5380.0,1076.0,4304.0
1936,1081,62,4,4193.0,5,16772.0,838.6,15933.4
1937,1081,57,4,7649.0,15,30596.0,4589.4,26006.6
1938,1082,66,1,2116.0,0,2116.0,0.0,2116.0
1939,1083,32,2,3478.0,5,6956.0,347.8,6608.2
1940,1083,4,1,12687.0,15,12687.0,1903.05,10783.95
1941,1084,79,4,566.0,0,2264.0,0.0,2264.0
1942,1084,60,4,2749.0,5,10996.0,549.8,10446.2
1943,1085,14,2,2689.0,15,5378.0,806.7,4571.3
1944,1086,92,3,5380.0,15,16140.0,2421.0,13719.0
1945,1086,9,1,51674.0,10,51674.0,5167.4,46506.6
1946,1086,29,1,7655.0,20,7655.0,1531.0,6124.0
1947,1087,35,3,6556.0,20,19668.0,3933.6,15734.4
1948,1087,30,3,9049.0,5,27147.0,1357.35,25789.65
1949,1087,19,2,20608.0,0,41216.0,0.0,41216.0
1950,1088,82,3,9833.0,20,29499.0,5899.8,23599.2
1951,1088,4,3,12687.0,5,38061.0,1903.05,36157.95
1952,1088,26,4,1015.0,0,4060.0,0.0,4060.0
1953,1089,46,2,6027.0,0,12054.0,0.0,12054.0
1954,1090,32,2,3478.0,0,6956.0,0.0,6956.0
1955,1090,52,3,5521.0,10,16563.0,1656.3,14906.7
1956,1090,58,1,1598.0,20,1598.0,319.6,1278.4
1957,1091,24,1,2958.0,0,2958.0,0.0,2958.0
1958,1091,45,4,3937.0,0,15748.0,0.0,15748.0
1959,1092,80,3,1406.0,10,4218.0,421.8,3796.2
1960,1092,93,3,9197.0,0,27591.0,0.0,27591.0
1961,1092,50,4,1637.0,0,6548.0,0.0,6548.0
1962,1093,12,2,17050.0,5,34100.0,1705.0,32395.0
1963,1094,71,4,6080.0,0,24320.0,0.0,24320.0
1964,1094,8,2,46151.0,15,92302.0,13845.3,78456.7
1965,1094,42,3,2926.0,20,8778.0,1755.6,7022.4
1966,1095,69,3,2652.0,0,7956.0,0.0,7956.0
1967,1095,24,1,2958.0,0,2958.0,0.0,2958.0
1968,1095,29,4,7655.0,15,30620.0,4593.0,26027.0
1969,1096,82,2,9833.0,0,19666.0,0.0,19666.0
1970,1096,5,3,37543.0,20,112629.0,22525.8,90103.2
1971,1097,8,1,46151.0,0,46151.0,0.0,46151.0
1972,1098,31,1,5370.0,10,5370.0,537.0,4833.0
1973,1098,9,3,51674.0,0,155022.0,0.0,155022.0
1974,1098,29,4,7655.0,0,30620.0,0.0,30620.0
1975,1098,100,1,7504.0,5,7504.0,375.2,7128.8
1976,1099,45,1,3937.0,0,3937.0,0.0,3937.0
1977,1099,16,1,28374.0,15,28374.0,4256.1,24117.9
1978,1099,10,3,11404.0,0,34212.0,0.0,34212.0
1979,1100,37,4,2567.0,0,10268.0,0.0,10268.0
1980,1100,68,1,8743.0,5,8743.0,437.15,8305.85
1981,1101,87,1,2509.0,20,2509.0,501.8,2007.2
1982,1102,51,3,3978.0,0,11934.0,0.0,11934.0
1983,1102,33,4,9645.0,0,38580.0,0.0,38580.0
1984,1102,27,2,6268.0,0,12536.0,0.0,12536.0
1985,1103,6,4,20009.0,0,80036.0,0.0,80036.0
1986,1104,68,3,8743.0,20,26229.0,5245.8,20983.2
1987,1104,95,1,3431.0,0,3431.0,0.0,3431.0
1988,1104,79,4,566.0,5,2264.0,113.2,2150.8
1989,1105,100,1,7504.0,15,7504.0,1125.6,6378.4
1990,1105,37,3,2567.0,15,7701.0,1155.15,6545.85
1991,1105,11,3,49672.0,20,149016.0,29803.2,119212.8
1992,1106,88,2,7798.0,15,15596.0,2339.4,13256.6
1993,1107,33,4,9645.0,15,38580.0,5787.0,32793.0
1994,1107,74,2,8876.0,10,17752.0,1775.2,15976.8
1995,1108,2,3,7163.0,5,21489.0,1074.45,20414.55
1996,1109,45,1,3937.0,10,3937.0,393.7,3543.3
1997,1109,91,1,986.0,15,986.0,147.9,838.1
1998,1109,71,2,6080.0,10,12160.0,1216.0,10944.0
1999,1109,2,2,7163.0,5,14326.0,716.3,13609.7
2000,1110,63,1,2296.0,0,2296.0,0.0,2296.0
2001,1110,100,1,7504.0,0,7504.0,0.0,7504.0
2002,1110,44,3,7467.0,5,22401.0,1120.05,21280.95
2003,1111,40,3,8752.0,15,26256.0,3938.4,22317.6
2004,1112,82,4,9833.0,0,39332.0,0.0,39332.0
2005,1112,61,2,2121.0,0,4242.0,0.0,4242.0
2006,1113,28,3,7577.0,0,22731.0,0.0,22731.0
2007,1114,23,3,6472.0,10,19416.0,1941.6,17474.4
2008,1114,88,3,7798.0,15,23394.0,3509.1,19884.9
2009,1114,10,2,11404.0,5,22808.0,1140.4,21667.6
2010,1114,72,2,9649.0,10,19298.0,1929.8,17368.2
2011,1115,42,4,2926.0,5,11704.0,585.2,11118.8
2012,1115,35,4,6556.0,0,26224.0,0.0,26224.0
2013,1116,57,4,7649.0,0,30596.0,0.0,30596.0
2014,1116,80,2,1406.0,20,2812.0,562.4,2249.6
2015,1117,88,3,7798.0,15,23394.0,3509.1,19884.9
2016,1117,51,2,3978.0,15,7956.0,1193.4,6762.6
2017,1117,59,3,4493.0,0,13479.0,0.0,13479.0
2018,1117,26,3,1015.0,0,3045.0,0.0,3045.0
2019,1118,67,3,9082.0,10,27246.0,2724.6,24521.4
2020,1119,47,1,7097.0,5,7097.0,354.85,6742.15
2021,1119,81,3,4250.0,0,12750.0,0.0,12750.0
2022,1119,48,4,6795.0,10,27180.0,2718.0,24462.0
2023,1120,3,1,8939.0,10,8939.0,893.9,8045.1
2024,1120,8,3,46151.0,10,138453.0,13845.3,124607.7
2025,1120,76,3,6697.0,5,20091.0,1004.55,19086.45
2026,1121,55,4,5000.0,0,20000.0,0.0,20000.0
2027,1122,72,2,9649.0,20,19298.0,3859.6,15438.4
2028,1123,78,1,6416.0,15,6416.0,962.4,5453.6
2029,1123,77,3,1013.0,5,3039.0,151.95,2887.05
2030,1123,75,1,1408.0,0,1408.0,0.0,1408.0
2031,1124,27,3,6268.0,20,18804.0,3760.8,15043.2
2032,1125,78,1,6416.0,0,6416.0,0.0,6416.0
2033,1126,43,1,7661.0,0,7661.0,0.0,7661.0
2034,1127,46,4,6027.0,0,24108.0,0.0,24108.0
2035,1128,13,1,55796.0,0,55796.0,0.0,55796.0
2036,1128,40,3,8752.0,5,26256.0,1312.8,24943.2
2037,1129,31,4,5370.0,20,21480.0,4296.0,17184.0
2038,1129,91,4,986.0,0,3944.0,0.0,3944.0
2039,1130,90,2,1017.0,0,2034.0,0.0,2034.0
2040,1130,100,1,7504.0,10,7504.0,750.4,6753.6
2041,1131,21,3,8617.0,0,25851.0,0.0,25851.0
2042,1131,51,3,3978.0,5,11934.0,596.7,11337.3
2043,1132,59,1,4493.0,20,4493.0,898.6,3594.4
2044,1132,84,2,6072.0,0,12144.0,0.0,12144.0
2045,1133,58,2,1598.0,0,3196.0,0.0,3196.0
2046,1133,15,4,40783.0,5,163132.0,8156.6,154975.4
2047,1133,49,3,4162.0,0,12486.0,0.0,12486.0
2048,1134,12,4,17050.0,20,68200.0,13640.0,54560.0
2049,1135,33,1,9645.0,5,9645.0,482.25,9162.75
2050,1135,81,1,4250.0,5,4250.0,212.5,4037.5
2051,1135,14,2,2689.0,20,5378.0,1075.6,4302.4
2052,1136,9,3,51674.0,20,155022.0,31004.4,124017.6
2053,1136,46,3,6027.0,10,18081.0,1808.1,16272.9
2054,1136,55,3,5000.0,0,15000.0,0.0,15000.0
2055,1137,57,1,7649.0,10,7649.0,764.9,6884.1
2056,1138,20,4,39070.0,20,156280.0,31256.0,125024.0
2057,1139,58,2,1598.0,10,3196.0,319.6,2876.4
2058,1140,90,1,1017.0,5,1017.0,50.85,966.15
2059,1140,43,3,7661.0,20,22983.0,4596.6,18386.4
2060,1141,7,2,10982.0,20,21964.0,4392.8,17571.2
2061,1142,64,1,4206.0,0,4206.0,0.0,4206.0
2062,1142,40,1,8752.0,10,8752.0,875.2,7876.8
2063,1143,59,2,4493.0,5,8986.0,449.3,8536.7
2064,1144,9,1,51674.0,0,51674.0,0.0,51674.0
2065,1144,55,1,5000.0,0,5000.0,0.0,5000.0
2066,1145,78,2,6416.0,0,12832.0,0.0,12832.0
2067,1146,13,4,55796.0,0,223184.0,0.0,223184.0
2068,1146,97,3,5738.0,0,17214.0,0.0,17214.0
2069,1146,62,1,4193.0,15,4193.0,628.95,3564.05
2070,1147,25,1,3012.0,0,3012.0,0.0,3012.0
2071,1148,41,3,4970.0,15,14910.0,2236.5,12673.5
2072,1148,92,2,5380.0,15,10760.0,1614.0,9146.0
2073,1148,22,3,5817.0,5,17451.0,872.55,16578.45
2074,1148,17,2,64036.0,5,128072.0,6403.6,121668.4
2075,1149,100,3,7504.0,0,22512.0,0.0,22512.0
2076,1149,47,1,7097.0,5,7097.0,354.85,6742.15
2077,1150,66,1,2116.0,0,2116.0,0.0,2116.0
2078,1151,54,4,2554.0,15,10216.0,1532.4,8683.6
2079,1152,58,1,1598.0,20,1598.0,319.6,1278.4
2080,1152,28,1,7577.0,10,7577.0,757.7,6819.3
2081,1152,91,4,986.0,15,3944.0,591.6,3352.4
2082,1153,52,4,5521.0,20,22084.0,4416.8,17667.2
2083,1154,45,3,3937.0,0,11811.0,0.0,11811.0
2084,1155,41,2,4970.0,10,9940.0,994.0,8946.0
2085,1155,76,3,6697.0,20,20091.0,4018.2,16072.8
2086,1156,19,2,20608.0,20,41216.0,8243.2,32972.8
2087,1156,59,2,4493.0,15,8986.0,1347.9,7638.1
2088,1157,64,3,4206.0,15,12618.0,1892.7,10725.3
2089,1157,41,3,4970.0,0,14910.0,0.0,14910.0
2090,1157,19,1,20608.0,0,20608.0,0.0,20608.0
2091,1158,84,4,6072.0,10,24288.0,2428.8,21859.2
2092,1159,24,2,2958.0,5,5916.0,295.8,5620.2
2093,1159,18,3,29993.0,0,89979.0,0.0,89979.0
2094,1160,46,3,6027.0,0,18081.0,0.0,18081.0
2095,1161,16,2,28374.0,10,56748.0,5674.8,51073.2
2096,1162,65,2,7789.0,10,15578.0,1557.8,14020.2
2097,1163,98,1,2339.0,10,2339.0,233.9,2105.1
2098,1164,81,2,4250.0,15,8500.0,1275.0,7225.0
2099,1164,94,1,4450.0,20,4450.0,890.0,3560.0
2100,1165,25,2,3012.0,0,6024.0,0.0,6024.0
2101,1166,29,3,7655.0,5,22965.0,1148.25,21816.75
2102,1166,52,1,5521.0,0,5521.0,0.0,5521.0
2103,1167,21,1,8617.0,15,8617.0,1292.55,7324.45
2104,1168,59,4,4493.0,20,17972.0,3594.4,14377.6
2105,1169,84,2,6072.0,0,12144.0,0.0,12144.0
2106,1170,59,4,4493.0,15,17972.0,2695.8,15276.2
2107,1170,45,3,3937.0,0,11811.0,0.0,11811.0
2108,1171,57,1,7649.0,0,7649.0,0.0,7649.0
2109,1172,93,4,9197.0,0,36788.0,0.0,36788.0
2110,1173,84,1,6072.0,5,6072.0,303.6,5768.4
2111,1173,62,3,4193.0,10,12579.0,1257.9,11321.1
2112,1174,74,4,8876.0,5,35504.0,1775.2,33728.8
2113,1175,34,2,7864.0,0,15728.0,0.0,15728.0
2114,1175,40,2,8752.0,15,17504.0,2625.6,14878.4
2115,1175,95,4,3431.0,5,13724.0,686.2,13037.8
2116,1176,6,1,20009.0,0,20009.0,0.0,20009.0
2117,1177,26,2,1015.0,10,2030.0,203.0,1827.0
2118,1177,70,2,7332.0,0,14664.0,0.0,14664.0
2119,1177,79,2,566.0,10,1132.0,113.2,1018.8
2120,1177,22,3,5817.0,5,17451.0,872.55,16578.45
2121,1178,20,1,39070.0,5,39070.0,1953.5,37116.5
2122,1178,37,4,2567.0,10,10268.0,1026.8,9241.2
2123,1179,44,2,7467.0,0,14934.0,0.0,14934.0
2124,1179,38,4,1154.0,0,4616.0,0.0,4616.0
2125,1179,97,1,5738.0,5,5738.0,286.9,5451.1
2126,1180,74,2,8876.0,20,17752.0,3550.4,14201.6
2127,1180,34,1,7864.0,0,7864.0,0.0,7864.0
2128,1180,16,2,28374.0,10,56748.0,5674.8,51073.2
2129,1181,11,2,49672.0,0,99344.0,0.0,99344.0
2130,1181,18,2,29993.0,0,59986.0,0.0,59986.0
2131,1182,11,1,49672.0,15,49672.0,7450.8,42221.2
2132,1183,73,4,3368.0,20,13472.0,2694.4,10777.6
2133,1183,6,1,20009.0,20,20009.0,4001.8,16007.2
2134,1184,17,1,64036.0,10,64036.0,6403.6,57632.4
2135,1185,93,1,9197.0,15,9197.0,1379.55,7817.45
2136,1186,10,3,11404.0,5,34212.0,1710.6,32501.4
2137,1187,9,1,51674.0,20,51674.0,10334.8,41339.2
2138,1187,60,3,2749.0,15,8247.0,1237.05,7009.95
2139,1188,32,4,3478.0,0,13912.0,0.0,13912.0
2140,1188,66,1,2116.0,10,2116.0,211.6,1904.4
2141,1189,29,1,7655.0,20,7655.0,1531.0,6124.0
2142,1189,33,1,9645.0,5,9645.0,482.25,9162.75
2143,1190,74,4,8876.0,15,35504.0,5325.6,30178.4
2144,1190,62,2,4193.0,0,8386.0,0.0,8386.0
2145,1190,97,4,5738.0,15,22952.0,3442.8,19509.2
2146,1191,88,4,7798.0,0,31192.0,0.0,31192.0
2147,1191,10,3,11404.0,5,34212.0,1710.6,32501.4
2148,1191,34,3,7864.0,0,23592.0,0.0,23592.0
2149,1192,92,2,5380.0,0,10760.0,0.0,10760.0
2150,1192,34,4,7864.0,0,31456.0,0.0,31456.0
2151,1193,73,2,3368.0,15,6736.0,1010.4,5725.6
2152,1194,32,3,3478.0,15,10434.0,1565.1,8868.9
2153,1195,68,2,8743.0,0,17486.0,0.0,17486.0
2154,1196,86,2,8140.0,0,16280.0,0.0,16280.0
2155,1196,100,3,7504.0,0,22512.0,0.0,22512.0
2156,1197,27,4,6268.0,5,25072.0,1253.6,23818.4
2157,1198,5,2,37543.0,20,75086.0,15017.2,60068.8
2158,1198,29,1,7655.0,0,7655.0,0.0,7655.0
2159,1199,6,3,20009.0,15,60027.0,9004.05,51022.95
2160,1200,87,2,2509.0,20,5018.0,1003.6,4014.4
2161,1200,17,1,64036.0,20,64036.0,12807.2,51228.8
2162,1201,11,1,49672.0,0,49672.0,0.0,49672.0
2163,1202,79,2,566.0,0,1132.0,0.0,1132.0
2164,1203,44,2,7467.0,0,14934.0,0.0,14934.0
2165,1204,11,2,49672.0,20,99344.0,19868.8,79475.2
2166,1204,60,4,2749.0,10,10996.0,1099.6,9896.4
2167,1204,10,3,11404.0,0,34212.0,0.0,34212.0
2168,1205,89,1,5107.0,0,5107.0,0.0,5107.0
2169,1205,17,3,64036.0,20,192108.0,38421.6,153686.4
2170,1206,85,2,3168.0,15,6336.0,950.4,5385.6
2171,1207,69,3,2652.0,0,7956.0,0.0,7956.0
2172,1208,40,4,8752.0,0,35008.0,0.0,35008.0
2173,1209,4,1,12687.0,5,12687.0,634.35,12052.65
2174,1210,5,2,37543.0,10,75086.0,7508.6,67577.4
2175,1210,16,4,28374.0,10,113496.0,11349.6,102146.4
2176,1211,96,1,6148.0,15,6148.0,922.2,5225.8
2177,1212,13,2,55796.0,0,111592.0,0.0,111592.0
2178,1212,68,1,8743.0,20,8743.0,1748.6,6994.4
2179,1213,73,1,3368.0,10,3368.0,336.8,3031.2
2180,1214,7,1,10982.0,10,10982.0,1098.2,9883.8
2181,1214,79,3,566.0,10,1698.0,169.8,1528.2
2182,1215,33,1,9645.0,0,9645.0,0.0,9645.0
2183,1215,96,2,6148.0,0,12296.0,0.0,12296.0
2184,1215,9,1,51674.0,5,51674.0,2583.7,49090.3
2185,1216,63,3,2296.0,0,6888.0,0.0,6888.0
2186,1217,66,4,2116.0,0,8464.0,0.0,8464.0
2187,1217,11,2,49672.0,15,99344.0,14901.6,84442.4
2188,1218,13,2,55796.0,0,111592.0,0.0,111592.0
2189,1219,27,1,6268.0,15,6268.0,940.2,5327.8
2190,1220,35,4,6556.0,15,26224.0,3933.6,22290.4
2191,1221,96,4,6148.0,10,24592.0,2459.2,22132.8
2192,1221,67,4,9082.0,0,36328.0,0.0,36328.0
2193,1221,80,4,1406.0,0,5624.0,0.0,5624.0
2194,1222,26,2,1015.0,0,2030.0,0.0,2030.0
2195,1222,43,4,7661.0,5,30644.0,1532.2,29111.8
2196,1223,86,3,8140.0,15,24420.0,3663.0,20757.0
2197,1224,35,3,6556.0,5,19668.0,983.4,18684.6
2198,1225,75,4,1408.0,10,5632.0,563.2,5068.8
2199,1225,8,4,46151.0,0,184604.0,0.0,184604.0
2200,1226,33,2,9645.0,20,19290.0,3858.0,15432.0
2201,1226,47,2,7097.0,15,14194.0,2129.1,12064.9
2202,1227,27,1,6268.0,5,6268.0,313.4,5954.6
2203,1228,83,4,2485.0,0,9940.0,0.0,9940.0
2204,1228,32,4,3478.0,0,13912.0,0.0,13912.0
2205,1229,87,2,2509.0,10,5018.0,501.8,4516.2
2206,1230,67,1,9082.0,0,9082.0,0.0,9082.0
2207,1231,52,2,5521.0,5,11042.0,552.1,10489.9
2208,1232,20,4,39070.0,20,156280.0,31256.0,125024.0
2209,1233,19,3,20608.0,20,61824.0,12364.8,49459.2
2210,1234,40,3,8752.0,5,26256.0,1312.8,24943.2
2211,1234,55,2,5000.0,0,10000.0,0.0,10000.0
2212,1235,69,1,2652.0,15,2652.0,397.8,2254.2
2213,1235,20,4,39070.0,15,156280.0,23442.0,132838.0
2214,1236,77,1,1013.0,20,1013.0,202.6,810.4
2215,1236,80,4,1406.0,0,5624.0,0.0,5624.0
2216,1236,65,2,7789.0,20,15578.0,3115.6,12462.4
2217,1236,35,3,6556.0,20,19668.0,3933.6,15734.4
2218,1237,17,4,64036.0,5,256144.0,12807.2,243336.8
2219,1238,88,3,7798.0,0,23394.0,0.0,23394.0
2220,1239,39,3,6381.0,10,19143.0,1914.3,17228.7
2221,1239,35,2,6556.0,5,13112.0,655.6,12456.4
2222,1239,5,1,37543.0,5,37543.0,1877.15,35665.85
2223,1240,52,2,5521.0,0,11042.0,0.0,11042.0
2224,1240,37,3,2567.0,0,7701.0,0.0,7701.0
2225,1241,12,1,17050.0,20,17050.0,3410.0,13640.0
2226,1241,85,2,3168.0,0,6336.0,0.0,6336.0
2227,1241,97,1,5738.0,20,5738.0,1147.6,4590.4
2228,1242,5,4,37543.0,10,150172.0,15017.2,135154.8
2229,1242,86,1,8140.0,5,8140.0,407.0,7733.0
2230,1242,65,3,7789.0,5,23367.0,1168.35,22198.65
2231,1243,39,4,6381.0,20,25524.0,5104.8,20419.2
2232,1243,3,3,8939.0,10,26817.0,2681.7,24135.3
2233,1243,84,3,6072.0,10,18216.0,1821.6,16394.4
2234,1244,58,3,1598.0,20,4794.0,958.8,3835.2
2235,1245,57,3,7649.0,0,22947.0,0.0,22947.0
2236,1245,77,3,1013.0,0,3039.0,0.0,3039.0
2237,1246,63,4,2296.0,5,9184.0,459.2,8724.8
2238,1247,34,4,7864.0,0,31456.0,0.0,31456.0
2239,1248,95,3,3431.0,0,10293.0,0.0,10293.0
2240,1249,50,3,1637.0,5,4911.0,245.55,4665.45
2241,1250,69,1,2652.0,15,2652.0,397.8,2254.2
2242,1251,1,3,53878.0,15,161634.0,24245.1,137388.9
2243,1252,26,3,1015.0,0,3045.0,0.0,3045.0
2244,1253,62,2,4193.0,5,8386.0,419.3,7966.7
2245,1253,81,3,4250.0,15,12750.0,1912.5,10837.5
2246,1254,79,3,566.0,10,1698.0,169.8,1528.2
2247,1255,3,2,8939.0,0,17878.0,0.0,17878.0
2248,1256,25,3,3012.0,0,9036.0,0.0,9036.0
2249,1257,98,1,2339.0,5,2339.0,116.95,2222.05
2250,1258,36,1,2955.0,5,2955.0,147.75,2807.25
2251,1259,24,3,2958.0,20,8874.0,1774.8,7099.2
2252,1260,61,2,2121.0,0,4242.0,0.0,4242.0
2253,1260,35,2,6556.0,10,13112.0,1311.2,11800.8
2254,1261,63,3,2296.0,5,6888.0,344.4,6543.6
2255,1261,53,3,5793.0,0,17379.0,0.0,17379.0
2256,1261,45,1,3937.0,10,3937.0,393.7,3543.3
2257,1262,45,2,3937.0,20,7874.0,1574.8,6299.2
2258,1262,79,4,566.0,0,2264.0,0.0,2264.0
2259,1263,30,1,9049.0,0,9049.0,0.0,9049.0
2260,1264,68,1,8743.0,10,8743.0,874.3,7868.7
2261,1264,32,3,3478.0,0,10434.0,0.0,10434.0
2262,1265,6,1,20009.0,0,20009.0,0.0,20009.0
2263,1266,20,4,39070.0,0,156280.0,0.0,156280.0
2264,1267,43,3,7661.0,5,22983.0,1149.15,21833.85
2265,1267,88,2,7798.0,0,15596.0,0.0,15596.0
2266,1267,26,3,1015.0,20,3045.0,609.0,2436.0
2267,1268,67,2,9082.0,10,18164.0,1816.4,16347.6
2268,1269,21,4,8617.0,5,34468.0,1723.4,32744.6
2269,1269,47,3,7097.0,20,21291.0,4258.2,17032.8
2270,1269,84,4,6072.0,0,24288.0,0.0,24288.0
2271,1270,4,2,12687.0,20,25374.0,5074.8,20299.2
2272,1271,5,1,37543.0,20,37543.0,7508.6,30034.4
2273,1271,93,4,9197.0,5,36788.0,1839.4,34948.6
2274,1271,89,2,5107.0,0,10214.0,0.0,10214.0
2275,1271,71,4,6080.0,10,24320.0,2432.0,21888.0
2276,1272,79,4,566.0,10,2264.0,226.4,2037.6
2277,1273,76,4,6697.0,0,26788.0,0.0,26788.0
2278,1273,94,2,4450.0,10,8900.0,890.0,8010.0
2279,1274,88,3,7798.0,0,23394.0,0.0,23394.0
2280,1275,100,1,7504.0,20,7504.0,1500.8,6003.2
2281,1275,2,3,7163.0,0,21489.0,0.0,21489.0
2282,1276,66,1,2116.0,0,2116.0,0.0,2116.0
2283,1276,85,3,3168.0,5,9504.0,475.2,9028.8
2284,1276,42,1,2926.0,0,2926.0,0.0,2926.0
2285,1277,89,2,5107.0,10,10214.0,1021.4,9192.6
2286,1278,55,2,5000.0,20,10000.0,2000.0,8000.0
2287,1278,54,2,2554.0,0,5108.0,0.0,5108.0
2288,1278,56,3,2573.0,0,7719.0,0.0,7719.0
2289,1279,52,2,5521.0,0,11042.0,0.0,11042.0
2290,1280,98,3,2339.0,0,7017.0,0.0,7017.0
2291,1281,43,1,7661.0,0,7661.0,0.0,7661.0
2292,1281,86,4,8140.0,15,32560.0,4884.0,27676.0
2293,1281,24,1,2958.0,10,2958.0,295.8,2662.2
2294,1281,84,2,6072.0,0,12144.0,0.0,12144.0
2295,1282,71,2,6080.0,10,12160.0,1216.0,10944.0
2296,1283,58,3,1598.0,20,4794.0,958.8,3835.2
2297,1283,36,2,2955.0,15,5910.0,886.5,5023.5
2298,1284,94,2,4450.0,20,8900.0,1780.0,7120.0
2299,1284,71,1,6080.0,15,6080.0,912.0,5168.0
2300,1285,9,4,51674.0,0,206696.0,0.0,206696.0
2301,1285,75,3,1408.0,0,4224.0,0.0,4224.0
2302,1286,82,3,9833.0,20,29499.0,5899.8,23599.2
2303,1286,73,2,3368.0,0,6736.0,0.0,6736.0
2304,1287,88,2,7798.0,20,15596.0,3119.2,12476.8
2305,1288,54,4,2554.0,0,10216.0,0.0,10216.0
2306,1288,89,2,5107.0,15,10214.0,1532.1,8681.9
2307,1289,96,2,6148.0,0,12296.0,0.0,12296.0
2308,1289,11,3,49672.0,5,149016.0,7450.8,141565.2
2309,1290,79,2,566.0,5,1132.0,56.6,1075.4
2310,1290,84,2,6072.0,0,12144.0,0.0,12144.0
2311,1290,90,2,1017.0,10,2034.0,203.4,1830.6
2312,1291,42,3,2926.0,0,8778.0,0.0,8778.0
2313,1292,12,1,17050.0,0,17050.0,0.0,17050.0
2314,1293,22,4,5817.0,0,23268.0,0.0,23268.0
2315,1293,92,2,5380.0,10,10760.0,1076.0,9684.0
2316,1294,81,1,4250.0,15,4250.0,637.5,3612.5
2317,1294,85,2,3168.0,0,6336.0,0.0,6336.0
2318,1295,68,1,8743.0,0,8743.0,0.0,8743.0
2319,1296,68,2,8743.0,10,17486.0,1748.6,15737.4
2320,1297,91,2,986.0,15,1972.0,295.8,1676.2
2321,1298,66,2,2116.0,20,4232.0,846.4,3385.6
2322,1298,45,1,3937.0,10,3937.0,393.7,3543.3
2323,1299,40,4,8752.0,20,35008.0,7001.6,28006.4
2324,1299,58,3,1598.0,15,4794.0,719.1,4074.9
2325,1300,65,4,7789.0,10,31156.0,3115.6,28040.4
2326,1300,24,2,2958.0,5,5916.0,295.8,5620.2
2327,1300,36,4,2955.0,5,11820.0,591.0,11229.0
2328,1301,74,2,8876.0,0,17752.0,0.0,17752.0
2329,1302,39,2,6381.0,0,12762.0,0.0,12762.0
2330,1302,97,2,5738.0,20,11476.0,2295.2,9180.8
2331,1302,98,1,2339.0,20,2339.0,467.8,1871.2
2332,1302,58,1,1598.0,15,1598.0,239.7,1358.3
2333,1303,82,2,9833.0,5,19666.0,983.3,18682.7
2334,1304,69,2,2652.0,20,5304.0,1060.8,4243.2
2335,1304,13,2,55796.0,0,111592.0,0.0,111592.0
2336,1305,67,3,9082.0,10,27246.0,2724.6,24521.4
2337,1305,52,1,5521.0,10,5521.0,552.1,4968.9
2338,1306,38,3,1154.0,0,3462.0,0.0,3462.0
2339,1307,67,1,9082.0,10,9082.0,908.2,8173.8
2340,1308,38,4,1154.0,0,4616.0,0.0,4616.0
2341,1309,7,1,10982.0,15,10982.0,1647.3,9334.7
2342,1310,32,4,3478.0,20,13912.0,2782.4,11129.6
2343,1311,78,3,6416.0,0,19248.0,0.0,19248.0
2344,1311,46,2,6027.0,0,12054.0,0.0,12054.0
2345,1312,90,3,1017.0,0,3051.0,0.0,3051.0
2346,1313,27,3,6268.0,0,18804.0,0.0,18804.0
2347,1313,43,3,7661.0,0,22983.0,0.0,22983.0
2348,1313,32,1,3478.0,20,3478.0,695.6,2782.4
2349,1314,3,4,8939.0,0,35756.0,0.0,35756.0
2350,1315,45,1,3937.0,15,3937.0,590.55,3346.45
2351,1316,94,4,4450.0,0,17800.0,0.0,17800.0
2352,1316,70,4,7332.0,20,29328.0,5865.6,23462.4
2353,1317,72,1,9649.0,5,9649.0,482.45,9166.55
2354,1318,40,4,8752.0,0,35008.0,0.0,35008.0
2355,1318,98,3,2339.0,5,7017.0,350.85,6666.15
2356,1319,28,1,7577.0,0,7577.0,0.0,7577.0
2357,1320,72,1,9649.0,5,9649.0,482.45,9166.55
2358,1320,18,1,29993.0,10,29993.0,2999.3,26993.7
2359,1320,83,3,2485.0,0,7455.0,0.0,7455.0
2360,1321,5,3,37543.0,5,112629.0,5631.45,106997.55
2361,1322,28,1,7577.0,15,7577.0,1136.55,6440.45
2362,1323,94,1,4450.0,15,4450.0,667.5,3782.5
2363,1323,90,4,1017.0,15,4068.0,610.2,3457.8
2364,1323,26,2,1015.0,15,2030.0,304.5,1725.5
2365,1324,30,4,9049.0,5,36196.0,1809.8,34386.2
2366,1325,34,1,7864.0,10,7864.0,786.4,7077.6
2367,1325,11,1,49672.0,0,49672.0,0.0,49672.0
2368,1325,60,1,2749.0,5,2749.0,137.45,2611.55
2369,1326,31,2,5370.0,20,10740.0,2148.0,8592.0
2370,1327,50,4,1637.0,0,6548.0,0.0,6548.0
2371,1328,92,1,5380.0,0,5380.0,0.0,5380.0
2372,1329,41,2,4970.0,15,9940.0,1491.0,8449.0
2373,1330,57,4,7649.0,15,30596.0,4589.4,26006.6
2374,1331,50,4,1637.0,10,6548.0,654.8,5893.2
2375,1332,74,4,8876.0,0,35504.0,0.0,35504.0
2376,1333,30,4,9049.0,10,36196.0,3619.6,32576.4
2377,1334,18,2,29993.0,0,59986.0,0.0,59986.0
2378,1334,60,2,2749.0,0,5498.0,0.0,5498.0
2379,1334,56,4,2573.0,20,10292.0,2058.4,8233.6
2380,1335,5,1,37543.0,10,37543.0,3754.3,33788.7
2381,1336,66,4,2116.0,20,8464.0,1692.8,6771.2
2382,1336,67,4,9082.0,5,36328.0,1816.4,34511.6
2383,1336,99,2,7459.0,20,14918.0,2983.6,11934.4
2384,1336,15,2,40783.0,20,81566.0,16313.2,65252.8
2385,1337,53,3,5793.0,0,17379.0,0.0,17379.0
2386,1337,45,1,3937.0,15,3937.0,590.55,3346.45
2387,1338,24,4,2958.0,5,11832.0,591.6,11240.4
2388,1339,1,1,53878.0,15,53878.0,8081.7,45796.3
2389,1340,8,3,46151.0,0,138453.0,0.0,138453.0
2390,1340,19,2,20608.0,0,41216.0,0.0,41216.0
2391,1341,61,2,2121.0,0,4242.0,0.0,4242.0
2392,1342,50,3,1637.0,0,4911.0,0.0,4911.0
2393,1342,36,3,2955.0,10,8865.0,886.5,7978.5
2394,1343,47,3,7097.0,5,21291.0,1064.55,20226.45
2395,1343,40,4,8752.0,5,35008.0,1750.4,33257.6
2396,1343,43,4,7661.0,0,30644.0,0.0,30644.0
2397,1344,45,1,3937.0,0,3937.0,0.0,3937.0
2398,1344,36,4,2955.0,15,11820.0,1773.0,10047.0
2399,1345,2,3,7163.0,5,21489.0,1074.45,20414.55
2400,1346,14,4,2689.0,10,10756.0,1075.6,9680.4
2401,1346,74,4,8876.0,5,35504.0,1775.2,33728.8
2402,1347,6,4,20009.0,5,80036.0,4001.8,76034.2
2403,1347,78,1,6416.0,10,6416.0,641.6,5774.4
2404,1348,30,4,9049.0,5,36196.0,1809.8,34386.2
2405,1348,1,4,53878.0,20,215512.0,43102.4,172409.6
2406,1348,87,1,2509.0,5,2509.0,125.45,2383.55
2407,1349,20,1,39070.0,0,39070.0,0.0,39070.0
2408,1349,2,4,7163.0,0,28652.0,0.0,28652.0
2409,1349,47,3,7097.0,5,21291.0,1064.55,20226.45
2410,1350,11,4,49672.0,0,198688.0,0.0,198688.0
2411,1350,19,1,20608.0,15,20608.0,3091.2,17516.8
2412,1351,15,3,40783.0,15,122349.0,18352.35,103996.65
2413,1351,38,4,1154.0,15,4616.0,692.4,3923.6
2414,1352,97,4,5738.0,10,22952.0,2295.2,20656.8
2415,1353,3,3,8939.0,0,26817.0,0.0,26817.0
2416,1354,80,4,1406.0,0,5624.0,0.0,5624.0
2417,1354,85,3,3168.0,0,9504.0,0.0,9504.0
2418,1355,19,3,20608.0,15,61824.0,9273.6,52550.4
2419,1356,4,1,12687.0,0,12687.0,0.0,12687.0
2420,1357,4,1,12687.0,0,12687.0,0.0,12687.0
2421,1358,100,4,7504.0,10,30016.0,3001.6,27014.4
2422,1358,73,2,3368.0,10,6736.0,673.6,6062.4
2423,1359,35,1,6556.0,5,6556.0,327.8,6228.2
2424,1360,24,3,2958.0,15,8874.0,1331.1,7542.9
2425,1360,18,4,29993.0,5,119972.0,5998.6,113973.4
2426,1361,44,4,7467.0,20,29868.0,5973.6,23894.4
2427,1361,62,4,4193.0,0,16772.0,0.0,16772.0
2428,1361,49,3,4162.0,5,12486.0,624.3,11861.7
2429,1362,31,3,5370.0,20,16110.0,3222.0,12888.0
2430,1362,99,2,7459.0,5,14918.0,745.9,14172.1
2431,1363,98,1,2339.0,5,2339.0,116.95,2222.05
2432,1363,25,1,3012.0,10,3012.0,301.2,2710.8
2433,1364,15,2,40783.0,15,81566.0,12234.9,69331.1
2434,1364,5,2,37543.0,20,75086.0,15017.2,60068.8
2435,1365,98,3,2339.0,5,7017.0,350.85,6666.15
2436,1365,56,4,2573.0,5,10292.0,514.6,9777.4
2437,1365,95,2,3431.0,15,6862.0,1029.3,5832.7
2438,1366,60,4,2749.0,5,10996.0,549.8,10446.2
2439,1366,63,1,2296.0,15,2296.0,344.4,1951.6
2440,1366,2,2,7163.0,0,14326.0,0.0,14326.0
2441,1367,21,3,8617.0,15,25851.0,3877.65,21973.35
2442,1368,60,4,2749.0,20,10996.0,2199.2,8796.8
2443,1369,66,3,2116.0,0,6348.0,0.0,6348.0
2444,1369,88,2,7798.0,0,15596.0,0.0,15596.0
2445,1369,74,1,8876.0,0,8876.0,0.0,8876.0
2446,1370,87,4,2509.0,0,10036.0,0.0,10036.0
2447,1370,7,1,10982.0,20,10982.0,2196.4,8785.6
2448,1370,37,2,2567.0,0,5134.0,0.0,5134.0
2449,1370,29,4,7655.0,0,30620.0,0.0,30620.0
2450,1371,8,3,46151.0,15,138453.0,20767.95,117685.05
2451,1372,78,3,6416.0,20,19248.0,3849.6,15398.4
2452,1373,36,4,2955.0,5,11820.0,591.0,11229.0
2453,1373,31,3,5370.0,10,16110.0,1611.0,14499.0
2454,1374,69,2,2652.0,0,5304.0,0.0,5304.0
2455,1374,11,1,49672.0,0,49672.0,0.0,49672.0
2456,1374,58,1,1598.0,0,1598.0,0.0,1598.0
2457,1375,81,4,4250.0,5,17000.0,850.0,16150.0
2458,1376,66,1,2116.0,0,2116.0,0.0,2116.0
2459,1377,55,2,5000.0,15,10000.0,1500.0,8500.0
2460,1377,61,1,2121.0,0,2121.0,0.0,2121.0
2461,1378,86,3,8140.0,0,24420.0,0.0,24420.0
2462,1379,19,1,20608.0,0,20608.0,0.0,20608.0
2463,1380,33,4,9645.0,5,38580.0,1929.0,36651.0
2464,1380,21,4,8617.0,5,34468.0,1723.4,32744.6
2465,1381,58,4,1598.0,0,6392.0,0.0,6392.0
2466,1381,8,3,46151.0,15,138453.0,20767.95,117685.05
2467,1382,55,4,5000.0,0,20000.0,0.0,20000.0
2468,1383,44,4,7467.0,0,29868.0,0.0,29868.0
2469,1383,34,2,7864.0,0,15728.0,0.0,15728.0
2470,1384,85,3,3168.0,15,9504.0,1425.6,8078.4
2471,1385,68,3,8743.0,20,26229.0,5245.8,20983.2
2472,1386,98,4,2339.0,0,9356.0,0.0,9356.0
2473,1387,10,2,11404.0,15,22808.0,3421.2,19386.8
2474,1388,6,1,20009.0,0,20009.0,0.0,20009.0
2475,1388,85,3,3168.0,0,9504.0,0.0,9504.0
2476,1389,36,4,2955.0,0,11820.0,0.0,11820.0
2477,1390,9,2,51674.0,0,103348.0,0.0,103348.0
2478,1390,97,2,5738.0,0,11476.0,0.0,11476.0
2479,1390,81,3,4250.0,10,12750.0,1275.0,11475.0
2480,1391,77,3,1013.0,10,3039.0,303.9,2735.1
2481,1392,10,1,11404.0,0,11404.0,0.0,11404.0
2482,1393,27,4,6268.0,20,25072.0,5014.4,20057.6
2483,1394,14,4,2689.0,15,10756.0,1613.4,9142.6
2484,1394,75,1,1408.0,0,1408.0,0.0,1408.0
2485,1395,73,3,3368.0,20,10104.0,2020.8,8083.2
2486,1395,38,2,1154.0,15,2308.0,346.2,1961.8
2487,1396,78,4,6416.0,15,25664.0,3849.6,21814.4
2488,1396,82,1,9833.0,0,9833.0,0.0,9833.0
2489,1396,1,1,53878.0,20,53878.0,10775.6,43102.4
2490,1397,89,4,5107.0,10,20428.0,2042.8,18385.2
2491,1397,46,3,6027.0,0,18081.0,0.0,18081.0
2492,1398,19,2,20608.0,0,41216.0,0.0,41216.0
2493,1399,100,3,7504.0,0,22512.0,0.0,22512.0
2494,1400,66,3,2116.0,0,6348.0,0.0,6348.0
2495,1401,13,3,55796.0,10,167388.0,16738.8,150649.2
2496,1402,63,2,2296.0,10,4592.0,459.2,4132.8
2497,1403,21,2,8617.0,0,17234.0,0.0,17234.0
2498,1403,55,2,5000.0,0,10000.0,0.0,10000.0
2499,1404,64,2,4206.0,15,8412.0,1261.8,7150.2
2500,1404,4,2,12687.0,0,25374.0,0.0,25374.0
2501,1405,39,2,6381.0,5,12762.0,638.1,12123.9
2502,1406,25,1,3012.0,0,3012.0,0.0,3012.0
2503,1407,4,1,12687.0,0,12687.0,0.0,12687.0
2504,1408,21,2,8617.0,5,17234.0,861.7,16372.3
2505,1409,59,4,4493.0,0,17972.0,0.0,17972.0
2506,1410,80,1,1406.0,20,1406.0,281.2,1124.8
2507,1410,44,4,7467.0,10,29868.0,2986.8,26881.2
2508,1411,93,1,9197.0,10,9197.0,919.7,8277.3
2509,1412,38,2,1154.0,10,2308.0,230.8,2077.2
2510,1412,40,3,8752.0,5,26256.0,1312.8,24943.2
2511,1412,50,2,1637.0,20,3274.0,654.8,2619.2
2512,1413,17,3,64036.0,20,192108.0,38421.6,153686.4
2513,1414,58,1,1598.0,0,1598.0,0.0,1598.0
2514,1415,38,2,1154.0,0,2308.0,0.0,2308.0
2515,1415,3,3,8939.0,10,26817.0,2681.7,24135.3
2516,1415,99,2,7459.0,0,14918.0,0.0,14918.0
2517,1416,40,3,8752.0,20,26256.0,5251.2,21004.8
2518,1417,4,2,12687.0,0,25374.0,0.0,25374.0
2519,1417,46,2,6027.0,15,12054.0,1808.1,10245.9
2520,1417,71,3,6080.0,10,18240.0,1824.0,16416.0
2521,1418,77,1,1013.0,0,1013.0,0.0,1013.0
2522,1419,95,2,3431.0,0,6862.0,0.0,6862.0
2523,1420,31,2,5370.0,5,10740.0,537.0,10203.0
2524,1420,9,1,51674.0,5,51674.0,2583.7,49090.3
2525,1421,99,4,7459.0,5,29836.0,1491.8,28344.2
2526,1422,54,4,2554.0,20,10216.0,2043.2,8172.8
2527,1422,23,1,6472.0,10,6472.0,647.2,5824.8
2528,1423,79,4,566.0,5,2264.0,113.2,2150.8
2529,1423,92,3,5380.0,10,16140.0,1614.0,14526.0
2530,1424,27,2,6268.0,5,12536.0,626.8,11909.2
2531,1425,42,3,2926.0,20,8778.0,1755.6,7022.4
2532,1426,55,4,5000.0,0,20000.0,0.0,20000.0
2533,1426,11,4,49672.0,20,198688.0,39737.6,158950.4
2534,1427,37,1,2567.0,0,2567.0,0.0,2567.0
2535,1428,30,1,9049.0,15,9049.0,1357.35,7691.65
2536,1429,1,3,53878.0,10,161634.0,16163.4,145470.6
2537,1429,40,4,8752.0,15,35008.0,5251.2,29756.8
2538,1430,86,3,8140.0,15,24420.0,3663.0,20757.0
2539,1431,99,2,7459.0,0,14918.0,0.0,14918.0
2540,1431,69,4,2652.0,0,10608.0,0.0,10608.0
2541,1432,83,4,2485.0,15,9940.0,1491.0,8449.0
2542,1432,88,1,7798.0,0,7798.0,0.0,7798.0
2543,1433,50,1,1637.0,0,1637.0,0.0,1637.0
2544,1434,87,1,2509.0,15,2509.0,376.35,2132.65
2545,1434,30,4,9049.0,15,36196.0,5429.4,30766.6
2546,1434,82,1,9833.0,0,9833.0,0.0,9833.0
2547,1434,5,3,37543.0,20,112629.0,22525.8,90103.2
2548,1435,26,1,1015.0,20,1015.0,203.0,812.0
2549,1435,44,1,7467.0,10,7467.0,746.7,6720.3
2550,1436,9,4,51674.0,5,206696.0,10334.8,196361.2
2551,1436,100,1,7504.0,20,7504.0,1500.8,6003.2
2552,1436,45,2,3937.0,15,7874.0,1181.1,6692.9
2553,1437,88,1,7798.0,15,7798.0,1169.7,6628.3
2554,1438,58,3,1598.0,20,4794.0,958.8,3835.2
2555,1438,78,3,6416.0,0,19248.0,0.0,19248.0
2556,1438,99,3,7459.0,20,22377.0,4475.4,17901.6
2557,1438,72,1,9649.0,10,9649.0,964.9,8684.1
2558,1439,26,2,1015.0,0,2030.0,0.0,2030.0
2559,1440,38,4,1154.0,20,4616.0,923.2,3692.8
2560,1440,19,3,20608.0,0,61824.0,0.0,61824.0
2561,1440,52,2,5521.0,15,11042.0,1656.3,9385.7
2562,1441,84,2,6072.0,0,12144.0,0.0,12144.0
2563,1442,33,3,9645.0,0,28935.0,0.0,28935.0
2564,1443,83,4,2485.0,0,9940.0,0.0,9940.0
2565,1444,29,3,7655.0,20,22965.0,4593.0,18372.0
2566,1445,27,4,6268.0,0,25072.0,0.0,25072.0
2567,1445,39,2,6381.0,20,12762.0,2552.4,10209.6
2568,1445,71,1,6080.0,20,6080.0,1216.0,4864.0
2569,1446,80,2,1406.0,0,2812.0,0.0,2812.0
2570,1446,61,3,2121.0,5,6363.0,318.15,6044.85
2571,1447,68,1,8743.0,5,8743.0,437.15,8305.85
2572,1448,88,4,7798.0,15,31192.0,4678.8,26513.2
2573,1448,71,3,6080.0,0,18240.0,0.0,18240.0
2574,1449,86,1,8140.0,0,8140.0,0.0,8140.0
2575,1450,74,3,8876.0,15,26628.0,3994.2,22633.8
2576,1451,63,3,2296.0,0,6888.0,0.0,6888.0
2577,1451,50,3,1637.0,0,4911.0,0.0,4911.0
2578,1452,84,4,6072.0,10,24288.0,2428.8,21859.2
2579,1452,11,3,49672.0,15,149016.0,22352.4,126663.6
2580,1453,68,2,8743.0,10,17486.0,1748.6,15737.4
2581,1453,48,4,6795.0,20,27180.0,5436.0,21744.0
2582,1454,44,2,7467.0,15,14934.0,2240.1,12693.9
2583,1454,54,3,2554.0,10,7662.0,766.2,6895.8
2584,1455,3,2,8939.0,10,17878.0,1787.8,16090.2
2585,1456,16,4,28374.0,5,113496.0,5674.8,107821.2
2586,1456,90,2,1017.0,0,2034.0,0.0,2034.0
2587,1456,92,3,5380.0,15,16140.0,2421.0,13719.0
2588,1457,49,4,4162.0,0,16648.0,0.0,16648.0
2589,1458,33,3,9645.0,15,28935.0,4340.25,24594.75
2590,1458,89,1,5107.0,0,5107.0,0.0,5107.0
2591,1458,15,2,40783.0,0,81566.0,0.0,81566.0
2592,1459,66,2,2116.0,0,4232.0,0.0,4232.0
2593,1459,4,3,12687.0,0,38061.0,0.0,38061.0
2594,1460,43,4,7661.0,0,30644.0,0.0,30644.0
2595,1461,41,3,4970.0,5,14910.0,745.5,14164.5
2596,1462,36,4,2955.0,0,11820.0,0.0,11820.0
2597,1462,89,4,5107.0,0,20428.0,0.0,20428.0
2598,1463,89,2,5107.0,20,10214.0,2042.8,8171.2
2599,1464,49,3,4162.0,20,12486.0,2497.2,9988.8
2600,1465,9,2,51674.0,0,103348.0,0.0,103348.0
2601,1465,16,4,28374.0,10,113496.0,11349.6,102146.4
2602,1466,87,3,2509.0,15,7527.0,1129.05,6397.95
2603,1467,89,3,5107.0,0,15321.0,0.0,15321.0
2604,1467,55,2,5000.0,0,10000.0,0.0,10000.0
2605,1468,17,2,64036.0,20,128072.0,25614.4,102457.6
2606,1468,73,1,3368.0,0,3368.0,0.0,3368.0
2607,1469,86,2,8140.0,20,16280.0,3256.0,13024.0
2608,1470,26,1,1015.0,20,1015.0,203.0,812.0
2609,1470,80,1,1406.0,0,1406.0,0.0,1406.0
2610,1470,4,2,12687.0,0,25374.0,0.0,25374.0
2611,1471,51,2,3978.0,0,7956.0,0.0,7956.0
2612,1471,89,3,5107.0,20,15321.0,3064.2,12256.8
2613,1471,86,3,8140.0,15,24420.0,3663.0,20757.0
2614,1472,54,1,2554.0,20,2554.0,510.8,2043.2
2615,1472,9,3,51674.0,15,155022.0,23253.3,131768.7
2616,1473,62,4,4193.0,15,16772.0,2515.8,14256.2
2617,1474,50,4,1637.0,10,6548.0,654.8,5893.2
2618,1475,30,1,9049.0,0,9049.0,0.0,9049.0
2619,1476,59,1,4493.0,15,4493.0,673.95,3819.05
2620,1476,77,3,1013.0,5,3039.0,151.95,2887.05
2621,1477,52,1,5521.0,10,5521.0,552.1,4968.9
2622,1477,6,3,20009.0,5,60027.0,3001.35,57025.65
2623,1478,43,1,7661.0,0,7661.0,0.0,7661.0
2624,1478,90,4,1017.0,0,4068.0,0.0,4068.0
2625,1479,62,4,4193.0,10,16772.0,1677.2,15094.8
2626,1479,20,4,39070.0,0,156280.0,0.0,156280.0
2627,1480,85,3,3168.0,20,9504.0,1900.8,7603.2
2628,1480,39,4,6381.0,20,25524.0,5104.8,20419.2
2629,1480,14,4,2689.0,5,10756.0,537.8,10218.2
2630,1481,100,4,7504.0,20,30016.0,6003.2,24012.8
2631,1481,25,3,3012.0,20,9036.0,1807.2,7228.8
2632,1481,90,1,1017.0,15,1017.0,152.55,864.45
2633,1482,71,2,6080.0,0,12160.0,0.0,12160.0
2634,1483,32,2,3478.0,0,6956.0,0.0,6956.0
2635,1484,4,4,12687.0,0,50748.0,0.0,50748.0
2636,1484,14,2,2689.0,0,5378.0,0.0,5378.0
2637,1485,96,1,6148.0,5,6148.0,307.4,5840.6
2638,1486,68,1,8743.0,5,8743.0,437.15,8305.85
2639,1486,54,2,2554.0,15,5108.0,766.2,4341.8
2640,1487,50,2,1637.0,0,3274.0,0.0,3274.0
2641,1488,61,4,2121.0,15,8484.0,1272.6,7211.4
2642,1489,65,1,7789.0,0,7789.0,0.0,7789.0
2643,1489,23,4,6472.0,15,25888.0,3883.2,22004.8
2644,1489,27,4,6268.0,0,25072.0,0.0,25072.0
2645,1490,85,4,3168.0,15,12672.0,1900.8,10771.2
2646,1490,94,3,4450.0,15,13350.0,2002.5,11347.5
2647,1490,9,1,51674.0,20,51674.0,10334.8,41339.2
2648,1491,75,2,1408.0,0,2816.0,0.0,2816.0
2649,1492,19,1,20608.0,0,20608.0,0.0,20608.0
2650,1492,84,2,6072.0,10,12144.0,1214.4,10929.6
2651,1493,48,1,6795.0,20,6795.0,1359.0,5436.0
2652,1494,23,2,6472.0,20,12944.0,2588.8,10355.2
2653,1494,90,1,1017.0,0,1017.0,0.0,1017.0
2654,1495,87,2,2509.0,20,5018.0,1003.6,4014.4
2655,1496,87,3,2509.0,0,7527.0,0.0,7527.0
2656,1497,4,2,12687.0,0,25374.0,0.0,25374.0
2657,1497,30,1,9049.0,5,9049.0,452.45,8596.55
2658,1498,36,3,2955.0,0,8865.0,0.0,8865.0
2659,1498,58,3,1598.0,0,4794.0,0.0,4794.0
2660,1499,50,2,1637.0,15,3274.0,491.1,2782.9
2661,1499,72,1,9649.0,5,9649.0,482.45,9166.55
2662,1499,9,2,51674.0,10,103348.0,10334.8,93013.2
2663,1500,40,2,8752.0,20,17504.0,3500.8,14003.2
2664,1500,23,1,6472.0,0,6472.0,0.0,6472.0
2665,1500,52,4,5521.0,10,22084.0,2208.4,19875.6
2666,1501,99,4,7459.0,0,29836.0,0.0,29836.0
2667,1501,43,4,7661.0,10,30644.0,3064.4,27579.6
2668,1502,16,2,28374.0,0,56748.0,0.0,56748.0
2669,1502,30,2,9049.0,15,18098.0,2714.7,15383.3
2670,1502,23,4,6472.0,20,25888.0,5177.6,20710.4
2671,1503,25,2,3012.0,0,6024.0,0.0,6024.0
2672,1503,17,4,64036.0,10,256144.0,25614.4,230529.6
2673,1504,37,1,2567.0,15,2567.0,385.05,2181.95
2674,1504,34,3,7864.0,20,23592.0,4718.4,18873.6
2675,1504,75,1,1408.0,20,1408.0,281.6,1126.4
2676,1505,13,4,55796.0,0,223184.0,0.0,223184.0
2677,1505,57,4,7649.0,10,30596.0,3059.6,27536.4
2678,1505,83,1,2485.0,0,2485.0,0.0,2485.0
2679,1505,61,4,2121.0,15,8484.0,1272.6,7211.4
2680,1506,52,1,5521.0,0,5521.0,0.0,5521.0
2681,1507,33,2,9645.0,0,19290.0,0.0,19290.0
2682,1507,91,2,986.0,0,1972.0,0.0,1972.0
2683,1507,47,2,7097.0,20,14194.0,2838.8,11355.2
2684,1507,14,2,2689.0,0,5378.0,0.0,5378.0
2685,1508,51,2,3978.0,5,7956.0,397.8,7558.2
2686,1508,92,2,5380.0,10,10760.0,1076.0,9684.0
2687,1509,84,1,6072.0,15,6072.0,910.8,5161.2
2688,1509,45,4,3937.0,5,15748.0,787.4,14960.6
2689,1510,45,1,3937.0,10,3937.0,393.7,3543.3
2690,1510,76,4,6697.0,10,26788.0,2678.8,24109.2
2691,1511,59,1,4493.0,10,4493.0,449.3,4043.7
2692,1512,62,3,4193.0,15,12579.0,1886.85,10692.15
2693,1512,1,2,53878.0,0,107756.0,0.0,107756.0
2694,1513,56,1,2573.0,20,2573.0,514.6,2058.4
2695,1513,65,3,7789.0,0,23367.0,0.0,23367.0
2696,1514,60,2,2749.0,10,5498.0,549.8,4948.2
2697,1514,38,4,1154.0,10,4616.0,461.6,4154.4
2698,1515,11,1,49672.0,5,49672.0,2483.6,47188.4
2699,1516,69,4,2652.0,15,10608.0,1591.2,9016.8
2700,1516,27,2,6268.0,15,12536.0,1880.4,10655.6
2701,1516,65,3,7789.0,5,23367.0,1168.35,22198.65
2702,1516,26,4,1015.0,0,4060.0,0.0,4060.0
2703,1517,93,1,9197.0,20,9197.0,1839.4,7357.6
2704,1517,53,2,5793.0,20,11586.0,2317.2,9268.8
2705,1518,58,3,1598.0,20,4794.0,958.8,3835.2
2706,1519,54,4,2554.0,15,10216.0,1532.4,8683.6
2707,1519,29,4,7655.0,0,30620.0,0.0,30620.0
2708,1519,31,3,5370.0,15,16110.0,2416.5,13693.5
2709,1519,14,1,2689.0,0,2689.0,0.0,2689.0
2710,1520,54,2,2554.0,5,5108.0,255.4,4852.6
2711,1521,41,2,4970.0,5,9940.0,497.0,9443.0
2712,1521,47,3,7097.0,0,21291.0,0.0,21291.0
2713,1522,31,4,5370.0,20,21480.0,4296.0,17184.0
2714,1522,96,1,6148.0,10,6148.0,614.8,5533.2
2715,1523,34,2,7864.0,15,15728.0,2359.2,13368.8
2716,1523,36,1,2955.0,10,2955.0,295.5,2659.5
2717,1524,17,4,64036.0,0,256144.0,0.0,256144.0
2718,1525,92,4,5380.0,10,21520.0,2152.0,19368.0
2719,1525,35,3,6556.0,0,19668.0,0.0,19668.0
2720,1526,85,4,3168.0,10,12672.0,1267.2,11404.8
2721,1526,59,1,4493.0,15,4493.0,673.95,3819.05
2722,1527,52,4,5521.0,5,22084.0,1104.2,20979.8
2723,1528,21,4,8617.0,5,34468.0,1723.4,32744.6
2724,1528,57,3,7649.0,20,22947.0,4589.4,18357.6
2725,1529,68,3,8743.0,10,26229.0,2622.9,23606.1
2726,1529,37,3,2567.0,0,7701.0,0.0,7701.0
2727,1530,78,2,6416.0,15,12832.0,1924.8,10907.2
2728,1530,37,3,2567.0,0,7701.0,0.0,7701.0
2729,1530,89,4,5107.0,10,20428.0,2042.8,18385.2
2730,1530,26,2,1015.0,5,2030.0,101.5,1928.5
2731,1531,14,3,2689.0,0,8067.0,0.0,8067.0
2732,1531,63,4,2296.0,20,9184.0,1836.8,7347.2
2733,1531,91,1,986.0,10,986.0,98.6,887.4
2734,1532,2,1,7163.0,5,7163.0,358.15,6804.85
2735,1533,23,1,6472.0,15,6472.0,970.8,5501.2
2736,1534,4,4,12687.0,0,50748.0,0.0,50748.0
2737,1535,13,2,55796.0,0,111592.0,0.0,111592.0
2738,1536,39,1,6381.0,0,6381.0,0.0,6381.0
2739,1536,78,4,6416.0,0,25664.0,0.0,25664.0
2740,1536,84,4,6072.0,0,24288.0,0.0,24288.0
2741,1537,57,3,7649.0,15,22947.0,3442.05,19504.95
2742,1538,83,1,2485.0,0,2485.0,0.0,2485.0
2743,1538,19,2,20608.0,5,41216.0,2060.8,39155.2
2744,1539,46,3,6027.0,5,18081.0,904.05,17176.95
2745,1539,14,1,2689.0,0,2689.0,0.0,2689.0
2746,1540,84,2,6072.0,20,12144.0,2428.8,9715.2
2747,1541,31,3,5370.0,10,16110.0,1611.0,14499.0
2748,1541,8,3,46151.0,20,138453.0,27690.6,110762.4
2749,1541,73,2,3368.0,15,6736.0,1010.4,5725.6
2750,1542,92,4,5380.0,5,21520.0,1076.0,20444.0
2751,1542,52,1,5521.0,15,5521.0,828.15,4692.85
2752,1543,1,2,53878.0,0,107756.0,0.0,107756.0
2753,1544,61,4,2121.0,5,8484.0,424.2,8059.8
2754,1545,79,1,566.0,0,566.0,0.0,566.0
2755,1545,98,2,2339.0,0,4678.0,0.0,4678.0
2756,1545,2,3,7163.0,20,21489.0,4297.8,17191.2
2757,1546,9,4,51674.0,0,206696.0,0.0,206696.0
2758,1547,7,3,10982.0,20,32946.0,6589.2,26356.8
2759,1547,63,2,2296.0,0,4592.0,0.0,4592.0
2760,1548,41,3,4970.0,10,14910.0,1491.0,13419.0
2761,1548,36,3,2955.0,0,8865.0,0.0,8865.0
2762,1548,38,3,1154.0,15,3462.0,519.3,2942.7
2763,1549,88,4,7798.0,15,31192.0,4678.8,26513.2
2764,1550,33,3,9645.0,10,28935.0,2893.5,26041.5
2765,1550,77,4,1013.0,15,4052.0,607.8,3444.2
2766,1551,63,4,2296.0,20,9184.0,1836.8,7347.2
2767,1552,4,1,12687.0,15,12687.0,1903.05,10783.95
2768,1552,63,4,2296.0,0,9184.0,0.0,9184.0
2769,1552,78,4,6416.0,20,25664.0,5132.8,20531.2
2770,1553,57,1,7649.0,0,7649.0,0.0,7649.0
2771,1553,97,2,5738.0,10,11476.0,1147.6,10328.4
2772,1553,53,3,5793.0,20,17379.0,3475.8,13903.2
2773,1554,31,2,5370.0,5,10740.0,537.0,10203.0
2774,1555,13,3,55796.0,5,167388.0,8369.4,159018.6
2775,1555,45,2,3937.0,15,7874.0,1181.1,6692.9
2776,1555,39,1,6381.0,10,6381.0,638.1,5742.9
2777,1556,86,3,8140.0,10,24420.0,2442.0,21978.0
2778,1557,56,4,2573.0,5,10292.0,514.6,9777.4
2779,1557,61,2,2121.0,5,4242.0,212.1,4029.9
2780,1558,94,4,4450.0,0,17800.0,0.0,17800.0
2781,1558,19,2,20608.0,0,41216.0,0.0,41216.0
2782,1558,68,3,8743.0,5,26229.0,1311.45,24917.55
2783,1559,88,4,7798.0,10,31192.0,3119.2,28072.8
2784,1559,9,2,51674.0,5,103348.0,5167.4,98180.6
2785,1560,79,2,566.0,0,1132.0,0.0,1132.0
2786,1560,46,2,6027.0,0,12054.0,0.0,12054.0
2787,1560,5,1,37543.0,5,37543.0,1877.15,35665.85
2788,1561,12,3,17050.0,10,51150.0,5115.0,46035.0
2789,1562,17,3,64036.0,10,192108.0,19210.8,172897.2
2790,1562,88,3,7798.0,10,23394.0,2339.4,21054.6
2791,1563,61,3,2121.0,15,6363.0,954.45,5408.55
2792,1563,56,3,2573.0,20,7719.0,1543.8,6175.2
2793,1563,92,3,5380.0,5,16140.0,807.0,15333.0
2794,1564,87,4,2509.0,5,10036.0,501.8,9534.2
2795,1564,94,2,4450.0,0,8900.0,0.0,8900.0
2796,1565,48,2,6795.0,15,13590.0,2038.5,11551.5
2797,1565,38,2,1154.0,5,2308.0,115.4,2192.6
2798,1565,35,1,6556.0,10,6556.0,655.6,5900.4
2799,1566,11,2,49672.0,5,99344.0,4967.2,94376.8
2800,1566,57,3,7649.0,20,22947.0,4589.4,18357.6
2801,1566,34,3,7864.0,0,23592.0,0.0,23592.0
2802,1567,5,1,37543.0,0,37543.0,0.0,37543.0
2803,1568,56,4,2573.0,0,10292.0,0.0,10292.0
2804,1568,80,2,1406.0,0,2812.0,0.0,2812.0
2805,1569,25,1,3012.0,20,3012.0,602.4,2409.6
2806,1569,1,4,53878.0,0,215512.0,0.0,215512.0
2807,1569,10,2,11404.0,20,22808.0,4561.6,18246.4
2808,1570,77,4,1013.0,0,4052.0,0.0,4052.0
2809,1570,19,4,20608.0,5,82432.0,4121.6,78310.4
2810,1570,71,2,6080.0,15,12160.0,1824.0,10336.0
2811,1570,24,3,2958.0,15,8874.0,1331.1,7542.9
2812,1571,90,3,1017.0,15,3051.0,457.65,2593.35
2813,1572,6,2,20009.0,15,40018.0,6002.7,34015.3
2814,1573,77,2,1013.0,20,2026.0,405.2,1620.8
2815,1573,35,3,6556.0,0,19668.0,0.0,19668.0
2816,1574,27,3,6268.0,0,18804.0,0.0,18804.0
2817,1574,88,4,7798.0,0,31192.0,0.0,31192.0
2818,1575,5,3,37543.0,10,112629.0,11262.9,101366.1
2819,1575,90,3,1017.0,15,3051.0,457.65,2593.35
2820,1575,93,1,9197.0,10,9197.0,919.7,8277.3
2821,1575,23,1,6472.0,0,6472.0,0.0,6472.0
2822,1576,85,1,3168.0,15,3168.0,475.2,2692.8
2823,1577,62,1,4193.0,5,4193.0,209.65,3983.35
2824,1577,55,3,5000.0,15,15000.0,2250.0,12750.0
2825,1577,24,1,2958.0,5,2958.0,147.9,2810.1
2826,1578,79,3,566.0,5,1698.0,84.9,1613.1
2827,1579,12,3,17050.0,20,51150.0,10230.0,40920.0
2828,1580,86,2,8140.0,5,16280.0,814.0,15466.0
2829,1581,93,3,9197.0,0,27591.0,0.0,27591.0
2830,1582,100,4,7504.0,0,30016.0,0.0,30016.0
2831,1582,39,3,6381.0,15,19143.0,2871.45,16271.55
2832,1582,41,3,4970.0,20,14910.0,2982.0,11928.0
2833,1583,95,4,3431.0,0,13724.0,0.0,13724.0
2834,1583,24,3,2958.0,5,8874.0,443.7,8430.3
2835,1583,85,2,3168.0,0,6336.0,0.0,6336.0
2836,1584,85,4,3168.0,15,12672.0,1900.8,10771.2
2837,1585,20,2,39070.0,0,78140.0,0.0,78140.0
2838,1585,54,1,2554.0,15,2554.0,383.1,2170.9
2839,1586,44,1,7467.0,0,7467.0,0.0,7467.0
2840,1587,43,2,7661.0,20,15322.0,3064.4,12257.6
2841,1587,48,2,6795.0,10,13590.0,1359.0,12231.0
2842,1588,8,4,46151.0,15,184604.0,27690.6,156913.4
2843,1588,38,2,1154.0,15,2308.0,346.2,1961.8
2844,1588,48,1,6795.0,5,6795.0,339.75,6455.25
2845,1589,82,4,9833.0,15,39332.0,5899.8,33432.2
2846,1589,98,4,2339.0,0,9356.0,0.0,9356.0
2847,1590,44,4,7467.0,0,29868.0,0.0,29868.0
2848,1591,88,1,7798.0,5,7798.0,389.9,7408.1
2849,1592,47,4,7097.0,20,28388.0,5677.6,22710.4
2850,1593,25,3,3012.0,20,9036.0,1807.2,7228.8
2851,1594,34,3,7864.0,20,23592.0,4718.4,18873.6
2852,1595,21,1,8617.0,0,8617.0,0.0,8617.0
2853,1596,53,1,5793.0,5,5793.0,289.65,5503.35
2854,1596,99,4,7459.0,20,29836.0,5967.2,23868.8
2855,1597,4,3,12687.0,5,38061.0,1903.05,36157.95
2856,1598,88,4,7798.0,0,31192.0,0.0,31192.0
2857,1598,72,4,9649.0,10,38596.0,3859.6,34736.4
2858,1598,27,4,6268.0,0,25072.0,0.0,25072.0
2859,1599,13,4,55796.0,15,223184.0,33477.6,189706.4
2860,1599,78,1,6416.0,5,6416.0,320.8,6095.2
2861,1600,29,4,7655.0,0,30620.0,0.0,30620.0
2862,1601,31,3,5370.0,10,16110.0,1611.0,14499.0
2863,1601,37,4,2567.0,5,10268.0,513.4,9754.6
2864,1602,98,3,2339.0,0,7017.0,0.0,7017.0
2865,1602,7,1,10982.0,20,10982.0,2196.4,8785.6
2866,1602,41,1,4970.0,0,4970.0,0.0,4970.0
2867,1602,39,1,6381.0,15,6381.0,957.15,5423.85
2868,1603,4,3,12687.0,10,38061.0,3806.1,34254.9
2869,1603,40,2,8752.0,15,17504.0,2625.6,14878.4
2870,1604,92,2,5380.0,20,10760.0,2152.0,8608.0
2871,1605,18,2,29993.0,0,59986.0,0.0,59986.0
2872,1605,62,1,4193.0,15,4193.0,628.95,3564.05
2873,1606,70,3,7332.0,5,21996.0,1099.8,20896.2
2874,1606,50,2,1637.0,20,3274.0,654.8,2619.2
2875,1607,9,3,51674.0,20,155022.0,31004.4,124017.6
2876,1608,73,3,3368.0,15,10104.0,1515.6,8588.4
2877,1608,92,4,5380.0,15,21520.0,3228.0,18292.0
2878,1608,84,3,6072.0,10,18216.0,1821.6,16394.4
2879,1609,53,3,5793.0,10,17379.0,1737.9,15641.1
2880,1610,57,3,7649.0,15,22947.0,3442.05,19504.95
2881,1611,73,1,3368.0,15,3368.0,505.2,2862.8
2882,1612,56,2,2573.0,0,5146.0,0.0,5146.0
2883,1613,39,4,6381.0,20,25524.0,5104.8,20419.2
2884,1614,83,1,2485.0,0,2485.0,0.0,2485.0
2885,1614,33,3,9645.0,15,28935.0,4340.25,24594.75
2886,1615,73,4,3368.0,0,13472.0,0.0,13472.0
2887,1615,100,4,7504.0,0,30016.0,0.0,30016.0
2888,1616,64,3,4206.0,5,12618.0,630.9,11987.1
2889,1616,75,3,1408.0,0,4224.0,0.0,4224.0
2890,1616,33,3,9645.0,0,28935.0,0.0,28935.0
2891,1617,86,2,8140.0,15,16280.0,2442.0,13838.0
2892,1618,50,1,1637.0,0,1637.0,0.0,1637.0
2893,1618,61,2,2121.0,20,4242.0,848.4,3393.6
2894,1618,88,2,7798.0,20,15596.0,3119.2,12476.8
2895,1618,40,1,8752.0,0,8752.0,0.0,8752.0
2896,1619,40,3,8752.0,10,26256.0,2625.6,23630.4
2897,1619,12,1,17050.0,0,17050.0,0.0,17050.0
2898,1620,32,4,3478.0,15,13912.0,2086.8,11825.2
2899,1620,84,1,6072.0,5,6072.0,303.6,5768.4
2900,1621,19,3,20608.0,15,61824.0,9273.6,52550.4
2901,1621,7,1,10982.0,0,10982.0,0.0,10982.0
2902,1621,17,2,64036.0,0,128072.0,0.0,128072.0
2903,1622,2,1,7163.0,5,7163.0,358.15,6804.85
2904,1623,34,4,7864.0,10,31456.0,3145.6,28310.4
2905,1624,86,2,8140.0,5,16280.0,814.0,15466.0
2906,1624,88,1,7798.0,20,7798.0,1559.6,6238.4
2907,1625,60,3,2749.0,20,8247.0,1649.4,6597.6
2908,1625,25,1,3012.0,20,3012.0,602.4,2409.6
2909,1625,17,4,64036.0,20,256144.0,51228.8,204915.2
2910,1626,43,3,7661.0,0,22983.0,0.0,22983.0
2911,1627,8,4,46151.0,0,184604.0,0.0,184604.0
2912,1628,37,1,2567.0,0,2567.0,0.0,2567.0
2913,1628,91,2,986.0,15,1972.0,295.8,1676.2
2914,1629,86,2,8140.0,15,16280.0,2442.0,13838.0
2915,1630,99,4,7459.0,5,29836.0,1491.8,28344.2
2916,1631,70,3,7332.0,5,21996.0,1099.8,20896.2
2917,1632,3,4,8939.0,0,35756.0,0.0,35756.0
2918,1633,57,3,7649.0,15,22947.0,3442.05,19504.95
2919,1633,36,1,2955.0,15,2955.0,443.25,2511.75
2920,1634,54,1,2554.0,5,2554.0,127.7,2426.3
2921,1634,8,3,46151.0,0,138453.0,0.0,138453.0
2922,1635,68,3,8743.0,0,26229.0,0.0,26229.0
2923,1635,17,4,64036.0,0,256144.0,0.0,256144.0
2924,1635,81,4,4250.0,0,17000.0,0.0,17000.0
2925,1636,8,4,46151.0,0,184604.0,0.0,184604.0
2926,1636,12,4,17050.0,10,68200.0,6820.0,61380.0
2927,1636,43,2,7661.0,10,15322.0,1532.2,13789.8
2928,1637,42,3,2926.0,15,8778.0,1316.7,7461.3
2929,1638,44,4,7467.0,15,29868.0,4480.2,25387.8
2930,1638,28,2,7577.0,0,15154.0,0.0,15154.0
2931,1639,93,1,9197.0,20,9197.0,1839.4,7357.6
2932,1640,8,3,46151.0,15,138453.0,20767.95,117685.05
2933,1641,40,4,8752.0,0,35008.0,0.0,35008.0
2934,1642,56,3,2573.0,10,7719.0,771.9,6947.1
2935,1643,46,1,6027.0,20,6027.0,1205.4,4821.6
2936,1643,76,3,6697.0,10,20091.0,2009.1,18081.9
2937,1644,60,2,2749.0,15,5498.0,824.7,4673.3
2938,1644,24,4,2958.0,15,11832.0,1774.8,10057.2
2939,1644,11,2,49672.0,5,99344.0,4967.2,94376.8
2940,1645,68,1,8743.0,0,8743.0,0.0,8743.0
2941,1646,97,2,5738.0,10,11476.0,1147.6,10328.4
2942,1647,81,1,4250.0,20,4250.0,850.0,3400.0
2943,1647,79,2,566.0,15,1132.0,169.8,962.2
2944,1647,87,2,2509.0,10,5018.0,501.8,4516.2
2945,1647,69,4,2652.0,0,10608.0,0.0,10608.0
2946,1648,62,2,4193.0,15,8386.0,1257.9,7128.1
2947,1649,22,4,5817.0,10,23268.0,2326.8,20941.2
2948,1649,77,1,1013.0,5,1013.0,50.65,962.35
2949,1650,65,3,7789.0,0,23367.0,0.0,23367.0
2950,1650,79,1,566.0,10,566.0,56.6,509.4
2951,1650,45,3,3937.0,5,11811.0,590.55,11220.45
2952,1651,37,4,2567.0,0,10268.0,0.0,10268.0
2953,1652,63,1,2296.0,15,2296.0,344.4,1951.6
2954,1653,47,4,7097.0,5,28388.0,1419.4,26968.6
2955,1653,1,2,53878.0,5,107756.0,5387.8,102368.2
2956,1653,8,3,46151.0,10,138453.0,13845.3,124607.7
2957,1653,89,3,5107.0,0,15321.0,0.0,15321.0
2958,1654,40,1,8752.0,0,8752.0,0.0,8752.0
2959,1654,26,2,1015.0,20,2030.0,406.0,1624.0
2960,1654,76,1,6697.0,0,6697.0,0.0,6697.0
2961,1654,96,4,6148.0,0,24592.0,0.0,24592.0
2962,1655,53,2,5793.0,10,11586.0,1158.6,10427.4
2963,1656,100,4,7504.0,0,30016.0,0.0,30016.0
2964,1657,98,1,2339.0,5,2339.0,116.95,2222.05
2965,1657,11,3,49672.0,20,149016.0,29803.2,119212.8
2966,1657,44,3,7467.0,10,22401.0,2240.1,20160.9
2967,1658,6,2,20009.0,15,40018.0,6002.7,34015.3
2968,1659,25,2,3012.0,0,6024.0,0.0,6024.0
2969,1660,90,1,1017.0,10,1017.0,101.7,915.3
2970,1660,79,4,566.0,10,2264.0,226.4,2037.6
2971,1661,25,1,3012.0,15,3012.0,451.8,2560.2
2972,1662,93,3,9197.0,15,27591.0,4138.65,23452.35
2973,1663,19,3,20608.0,5,61824.0,3091.2,58732.8
2974,1663,62,3,4193.0,0,12579.0,0.0,12579.0
2975,1664,65,2,7789.0,5,15578.0,778.9,14799.1
2976,1664,56,4,2573.0,0,10292.0,0.0,10292.0
2977,1664,70,4,7332.0,0,29328.0,0.0,29328.0
2978,1665,46,2,6027.0,0,12054.0,0.0,12054.0
2979,1666,54,4,2554.0,15,10216.0,1532.4,8683.6
2980,1666,9,1,51674.0,0,51674.0,0.0,51674.0
2981,1667,49,3,4162.0,20,12486.0,2497.2,9988.8
2982,1667,81,1,4250.0,0,4250.0,0.0,4250.0
2983,1668,17,2,64036.0,15,128072.0,19210.8,108861.2
2984,1669,27,1,6268.0,15,6268.0,940.2,5327.8
2985,1669,34,4,7864.0,0,31456.0,0.0,31456.0
2986,1670,11,4,49672.0,20,198688.0,39737.6,158950.4
2987,1670,38,3,1154.0,15,3462.0,519.3,2942.7
2988,1671,27,2,6268.0,0,12536.0,0.0,12536.0
2989,1672,87,4,2509.0,10,10036.0,1003.6,9032.4
2990,1673,38,3,1154.0,0,3462.0,0.0,3462.0
2991,1674,41,1,4970.0,15,4970.0,745.5,4224.5
2992,1675,1,1,53878.0,5,53878.0,2693.9,51184.1
2993,1676,73,4,3368.0,0,13472.0,0.0,13472.0
2994,1677,87,2,2509.0,10,5018.0,501.8,4516.2
2995,1678,90,3,1017.0,0,3051.0,0.0,3051.0
2996,1679,34,3,7864.0,0,23592.0,0.0,23592.0
2997,1679,94,2,4450.0,0,8900.0,0.0,8900.0
2998,1679,89,1,5107.0,15,5107.0,766.05,4340.95
2999,1679,80,1,1406.0,20,1406.0,281.2,1124.8
3000,1680,32,4,3478.0,10,13912.0,1391.2,12520.8
3001,1680,28,2,7577.0,0,15154.0,0.0,15154.0
3002,1681,50,3,1637.0,0,4911.0,0.0,4911.0
3003,1682,89,4,5107.0,20,20428.0,4085.6,16342.4
3004,1683,86,3,8140.0,0,24420.0,0.0,24420.0
3005,1683,49,2,4162.0,0,8324.0,0.0,8324.0
3006,1684,80,2,1406.0,15,2812.0,421.8,2390.2
3007,1685,15,1,40783.0,15,40783.0,6117.45,34665.55
3008,1685,95,4,3431.0,20,13724.0,2744.8,10979.2
3009,1686,98,1,2339.0,20,2339.0,467.8,1871.2
3010,1686,46,2,6027.0,0,12054.0,0.0,12054.0
3011,1687,31,4,5370.0,0,21480.0,0.0,21480.0
3012,1687,10,4,11404.0,0,45616.0,0.0,45616.0
3013,1688,71,3,6080.0,15,18240.0,2736.0,15504.0
3014,1688,60,4,2749.0,0,10996.0,0.0,10996.0
3015,1689,26,3,1015.0,0,3045.0,0.0,3045.0
3016,1690,17,3,64036.0,0,192108.0,0.0,192108.0
3017,1690,49,2,4162.0,5,8324.0,416.2,7907.8
3018,1690,22,1,5817.0,5,5817.0,290.85,5526.15
3019,1690,48,2,6795.0,0,13590.0,0.0,13590.0
3020,1691,68,1,8743.0,15,8743.0,1311.45,7431.55
3021,1692,4,1,12687.0,0,12687.0,0.0,12687.0
3022,1692,26,2,1015.0,5,2030.0,101.5,1928.5
3023,1692,42,4,2926.0,15,11704.0,1755.6,9948.4
3024,1693,29,4,7655.0,0,30620.0,0.0,30620.0
3025,1694,30,1,9049.0,0,9049.0,0.0,9049.0
3026,1695,56,4,2573.0,20,10292.0,2058.4,8233.6
3027,1695,18,2,29993.0,0,59986.0,0.0,59986.0
3028,1696,73,2,3368.0,0,6736.0,0.0,6736.0
3029,1696,7,1,10982.0,15,10982.0,1647.3,9334.7
3030,1696,20,3,39070.0,0,117210.0,0.0,117210.0
3031,1697,73,4,3368.0,20,13472.0,2694.4,10777.6
3032,1698,96,3,6148.0,0,18444.0,0.0,18444.0
3033,1699,99,1,7459.0,0,7459.0,0.0,7459.0
3034,1700,98,4,2339.0,15,9356.0,1403.4,7952.6
3035,1701,65,1,7789.0,0,7789.0,0.0,7789.0
3036,1702,84,2,6072.0,5,12144.0,607.2,11536.8
3037,1703,61,1,2121.0,0,2121.0,0.0,2121.0
3038,1703,57,4,7649.0,0,30596.0,0.0,30596.0
3039,1703,27,4,6268.0,0,25072.0,0.0,25072.0
3040,1703,75,2,1408.0,0,2816.0,0.0,2816.0
3041,1704,30,2,9049.0,0,18098.0,0.0,18098.0
3042,1704,53,1,5793.0,0,5793.0,0.0,5793.0
3043,1705,92,4,5380.0,15,21520.0,3228.0,18292.0
3044,1706,98,4,2339.0,0,9356.0,0.0,9356.0
3045,1707,10,4,11404.0,0,45616.0,0.0,45616.0
3046,1707,38,2,1154.0,0,2308.0,0.0,2308.0
3047,1708,48,3,6795.0,5,20385.0,1019.25,19365.75
3048,1709,33,3,9645.0,20,28935.0,5787.0,23148.0
3049,1709,15,4,40783.0,0,163132.0,0.0,163132.0
3050,1709,44,4,7467.0,0,29868.0,0.0,29868.0
3051,1710,98,1,2339.0,10,2339.0,233.9,2105.1
3052,1710,90,1,1017.0,10,1017.0,101.7,915.3
3053,1711,5,2,37543.0,10,75086.0,7508.6,67577.4
3054,1712,28,2,7577.0,0,15154.0,0.0,15154.0
3055,1713,66,3,2116.0,0,6348.0,0.0,6348.0
3056,1713,64,2,4206.0,5,8412.0,420.6,7991.4
3057,1714,97,4,5738.0,0,22952.0,0.0,22952.0
3058,1715,96,2,6148.0,0,12296.0,0.0,12296.0
3059,1716,85,3,3168.0,0,9504.0,0.0,9504.0
3060,1716,96,2,6148.0,20,12296.0,2459.2,9836.8
3061,1716,26,1,1015.0,15,1015.0,152.25,862.75
3062,1717,21,4,8617.0,10,34468.0,3446.8,31021.2
3063,1718,78,4,6416.0,15,25664.0,3849.6,21814.4
3064,1718,30,1,9049.0,0,9049.0,0.0,9049.0
3065,1718,89,2,5107.0,10,10214.0,1021.4,9192.6
3066,1719,88,3,7798.0,5,23394.0,1169.7,22224.3
3067,1719,51,1,3978.0,0,3978.0,0.0,3978.0
3068,1720,83,4,2485.0,10,9940.0,994.0,8946.0
3069,1720,43,1,7661.0,20,7661.0,1532.2,6128.8
3070,1720,70,4,7332.0,15,29328.0,4399.2,24928.8
3071,1721,92,1,5380.0,20,5380.0,1076.0,4304.0
3072,1721,89,2,5107.0,5,10214.0,510.7,9703.3
3073,1721,96,3,6148.0,20,18444.0,3688.8,14755.2
3074,1722,78,3,6416.0,0,19248.0,0.0,19248.0
3075,1723,75,2,1408.0,0,2816.0,0.0,2816.0
3076,1724,33,1,9645.0,5,9645.0,482.25,9162.75
3077,1725,52,1,5521.0,0,5521.0,0.0,5521.0
3078,1725,72,4,9649.0,15,38596.0,5789.4,32806.6
3079,1725,68,4,8743.0,20,34972.0,6994.4,27977.6
3080,1725,87,3,2509.0,20,7527.0,1505.4,6021.6
3081,1726,60,4,2749.0,5,10996.0,549.8,10446.2
3082,1726,54,4,2554.0,15,10216.0,1532.4,8683.6
3083,1727,48,4,6795.0,0,27180.0,0.0,27180.0
3084,1728,79,4,566.0,0,2264.0,0.0,2264.0
3085,1729,80,3,1406.0,5,4218.0,210.9,4007.1
3086,1729,21,4,8617.0,5,34468.0,1723.4,32744.6
3087,1729,65,1,7789.0,15,7789.0,1168.35,6620.65
3088,1730,35,4,6556.0,20,26224.0,5244.8,20979.2
3089,1730,56,1,2573.0,15,2573.0,385.95,2187.05
3090,1731,32,1,3478.0,10,3478.0,347.8,3130.2
3091,1732,73,2,3368.0,0,6736.0,0.0,6736.0
3092,1733,99,1,7459.0,0,7459.0,0.0,7459.0
3093,1734,22,2,5817.0,10,11634.0,1163.4,10470.6
3094,1735,75,2,1408.0,0,2816.0,0.0,2816.0
3095,1735,13,3,55796.0,0,167388.0,0.0,167388.0
3096,1736,57,3,7649.0,15,22947.0,3442.05,19504.95
3097,1737,57,4,7649.0,0,30596.0,0.0,30596.0
3098,1738,10,1,11404.0,0,11404.0,0.0,11404.0
3099,1738,94,4,4450.0,5,17800.0,890.0,16910.0
3100,1739,75,2,1408.0,0,2816.0,0.0,2816.0
3101,1740,34,1,7864.0,0,7864.0,0.0,7864.0
3102,1740,33,1,9645.0,0,9645.0,0.0,9645.0
3103,1741,20,4,39070.0,20,156280.0,31256.0,125024.0
3104,1742,46,2,6027.0,0,12054.0,0.0,12054.0
3105,1742,11,3,49672.0,5,149016.0,7450.8,141565.2
3106,1742,2,1,7163.0,0,7163.0,0.0,7163.0
3107,1743,4,1,12687.0,0,12687.0,0.0,12687.0
3108,1743,13,1,55796.0,0,55796.0,0.0,55796.0
3109,1744,54,4,2554.0,0,10216.0,0.0,10216.0
3110,1744,89,3,5107.0,20,15321.0,3064.2,12256.8
3111,1745,27,4,6268.0,10,25072.0,2507.2,22564.8
3112,1745,17,2,64036.0,15,128072.0,19210.8,108861.2
3113,1746,9,1,51674.0,0,51674.0,0.0,51674.0
3114,1747,49,1,4162.0,0,4162.0,0.0,4162.0
3115,1747,93,3,9197.0,0,27591.0,0.0,27591.0
3116,1748,57,1,7649.0,0,7649.0,0.0,7649.0
3117,1749,64,1,4206.0,10,4206.0,420.6,3785.4
3118,1749,40,2,8752.0,0,17504.0,0.0,17504.0
3119,1750,79,4,566.0,0,2264.0,0.0,2264.0
3120,1751,12,4,17050.0,20,68200.0,13640.0,54560.0
3121,1751,70,1,7332.0,10,7332.0,733.2,6598.8
3122,1751,35,1,6556.0,15,6556.0,983.4,5572.6
3123,1752,54,3,2554.0,5,7662.0,383.1,7278.9
3124,1752,69,1,2652.0,15,2652.0,397.8,2254.2
3125,1753,41,3,4970.0,10,14910.0,1491.0,13419.0
3126,1754,71,1,6080.0,0,6080.0,0.0,6080.0
3127,1755,43,3,7661.0,20,22983.0,4596.6,18386.4
3128,1755,39,2,6381.0,0,12762.0,0.0,12762.0
3129,1755,56,4,2573.0,0,10292.0,0.0,10292.0
3130,1756,68,2,8743.0,10,17486.0,1748.6,15737.4
3131,1756,50,1,1637.0,0,1637.0,0.0,1637.0
3132,1756,32,1,3478.0,5,3478.0,173.9,3304.1
3133,1757,62,3,4193.0,20,12579.0,2515.8,10063.2
3134,1758,34,2,7864.0,15,15728.0,2359.2,13368.8
3135,1759,25,3,3012.0,0,9036.0,0.0,9036.0
3136,1759,7,1,10982.0,0,10982.0,0.0,10982.0
3137,1759,14,3,2689.0,20,8067.0,1613.4,6453.6
3138,1759,45,1,3937.0,0,3937.0,0.0,3937.0
3139,1760,31,3,5370.0,0,16110.0,0.0,16110.0
3140,1761,11,4,49672.0,0,198688.0,0.0,198688.0
3141,1762,18,4,29993.0,15,119972.0,17995.8,101976.2
3142,1763,78,3,6416.0,5,19248.0,962.4,18285.6
3143,1763,50,3,1637.0,10,4911.0,491.1,4419.9
3144,1764,82,2,9833.0,20,19666.0,3933.2,15732.8
3145,1765,99,1,7459.0,15,7459.0,1118.85,6340.15
3146,1766,22,1,5817.0,0,5817.0,0.0,5817.0
3147,1767,32,1,3478.0,20,3478.0,695.6,2782.4
3148,1767,64,2,4206.0,0,8412.0,0.0,8412.0
3149,1768,22,4,5817.0,15,23268.0,3490.2,19777.8
3150,1768,9,3,51674.0,0,155022.0,0.0,155022.0
3151,1769,49,4,4162.0,0,16648.0,0.0,16648.0
3152,1770,69,3,2652.0,15,7956.0,1193.4,6762.6
3153,1771,74,4,8876.0,5,35504.0,1775.2,33728.8
3154,1771,55,3,5000.0,0,15000.0,0.0,15000.0
3155,1771,42,4,2926.0,0,11704.0,0.0,11704.0
3156,1772,12,3,17050.0,20,51150.0,10230.0,40920.0
3157,1772,52,2,5521.0,10,11042.0,1104.2,9937.8
3158,1773,95,2,3431.0,5,6862.0,343.1,6518.9
3159,1774,21,1,8617.0,0,8617.0,0.0,8617.0
3160,1774,16,3,28374.0,0,85122.0,0.0,85122.0
3161,1774,32,2,3478.0,15,6956.0,1043.4,5912.6
3162,1774,31,1,5370.0,15,5370.0,805.5,4564.5
3163,1775,47,3,7097.0,0,21291.0,0.0,21291.0
3164,1775,62,1,4193.0,20,4193.0,838.6,3354.4
3165,1775,23,4,6472.0,0,25888.0,0.0,25888.0
3166,1775,85,2,3168.0,20,6336.0,1267.2,5068.8
3167,1776,69,3,2652.0,15,7956.0,1193.4,6762.6
3168,1776,25,1,3012.0,5,3012.0,150.6,2861.4
3169,1776,8,4,46151.0,0,184604.0,0.0,184604.0
3170,1776,18,1,29993.0,0,29993.0,0.0,29993.0
3171,1777,20,2,39070.0,0,78140.0,0.0,78140.0
3172,1778,18,4,29993.0,10,119972.0,11997.2,107974.8
3173,1779,67,1,9082.0,0,9082.0,0.0,9082.0
3174,1780,30,2,9049.0,10,18098.0,1809.8,16288.2
3175,1780,13,1,55796.0,0,55796.0,0.0,55796.0
3176,1781,92,2,5380.0,0,10760.0,0.0,10760.0
3177,1782,47,2,7097.0,15,14194.0,2129.1,12064.9
3178,1782,42,4,2926.0,0,11704.0,0.0,11704.0
3179,1782,2,3,7163.0,0,21489.0,0.0,21489.0
3180,1782,89,2,5107.0,0,10214.0,0.0,10214.0
3181,1783,100,3,7504.0,15,22512.0,3376.8,19135.2
3182,1783,37,3,2567.0,0,7701.0,0.0,7701.0
3183,1784,74,4,8876.0,10,35504.0,3550.4,31953.6
3184,1785,40,2,8752.0,20,17504.0,3500.8,14003.2
3185,1785,77,3,1013.0,5,3039.0,151.95,2887.05
3186,1786,88,1,7798.0,5,7798.0,389.9,7408.1
3187,1787,15,2,40783.0,10,81566.0,8156.6,73409.4
3188,1787,29,4,7655.0,0,30620.0,0.0,30620.0
3189,1788,33,3,9645.0,10,28935.0,2893.5,26041.5
3190,1788,82,1,9833.0,0,9833.0,0.0,9833.0
3191,1788,75,1,1408.0,5,1408.0,70.4,1337.6
3192,1789,99,3,7459.0,10,22377.0,2237.7,20139.3
3193,1790,55,2,5000.0,20,10000.0,2000.0,8000.0
3194,1790,96,3,6148.0,10,18444.0,1844.4,16599.6
3195,1791,26,3,1015.0,0,3045.0,0.0,3045.0
3196,1791,10,3,11404.0,15,34212.0,5131.8,29080.2
3197,1791,87,4,2509.0,0,10036.0,0.0,10036.0
3198,1792,1,4,53878.0,15,215512.0,32326.8,183185.2
3199,1793,38,3,1154.0,0,3462.0,0.0,3462.0
3200,1794,37,2,2567.0,10,5134.0,513.4,4620.6
3201,1794,84,2,6072.0,10,12144.0,1214.4,10929.6
3202,1795,16,1,28374.0,15,28374.0,4256.1,24117.9
3203,1796,65,4,7789.0,20,31156.0,6231.2,24924.8
3204,1797,32,3,3478.0,20,10434.0,2086.8,8347.2
3205,1797,7,4,10982.0,0,43928.0,0.0,43928.0
3206,1797,39,2,6381.0,5,12762.0,638.1,12123.9
3207,1798,31,4,5370.0,10,21480.0,2148.0,19332.0
3208,1798,67,4,9082.0,15,36328.0,5449.2,30878.8
3209,1798,78,3,6416.0,15,19248.0,2887.2,16360.8
3210,1798,22,3,5817.0,10,17451.0,1745.1,15705.9
3211,1799,30,1,9049.0,20,9049.0,1809.8,7239.2
3212,1800,4,1,12687.0,20,12687.0,2537.4,10149.6
3213,1801,93,1,9197.0,0,9197.0,0.0,9197.0
3214,1802,49,1,4162.0,15,4162.0,624.3,3537.7
3215,1803,47,4,7097.0,5,28388.0,1419.4,26968.6
3216,1804,57,2,7649.0,0,15298.0,0.0,15298.0
3217,1804,53,3,5793.0,5,17379.0,868.95,16510.05
3218,1804,16,2,28374.0,5,56748.0,2837.4,53910.6
3219,1804,15,1,40783.0,5,40783.0,2039.15,38743.85
3220,1805,69,4,2652.0,15,10608.0,1591.2,9016.8
3221,1805,11,2,49672.0,0,99344.0,0.0,99344.0
3222,1806,67,3,9082.0,20,27246.0,5449.2,21796.8
3223,1807,6,3,20009.0,15,60027.0,9004.05,51022.95
3224,1808,45,3,3937.0,0,11811.0,0.0,11811.0
3225,1808,91,3,986.0,5,2958.0,147.9,2810.1
3226,1809,1,2,53878.0,0,107756.0,0.0,107756.0
3227,1809,45,4,3937.0,20,15748.0,3149.6,12598.4
3228,1810,28,3,7577.0,20,22731.0,4546.2,18184.8
3229,1810,19,1,20608.0,0,20608.0,0.0,20608.0
3230,1811,32,4,3478.0,0,13912.0,0.0,13912.0
3231,1812,95,1,3431.0,15,3431.0,514.65,2916.35
3232,1812,67,2,9082.0,10,18164.0,1816.4,16347.6
3233,1813,79,4,566.0,0,2264.0,0.0,2264.0
3234,1814,66,3,2116.0,20,6348.0,1269.6,5078.4
3235,1815,5,3,37543.0,15,112629.0,16894.35,95734.65
3236,1815,3,2,8939.0,20,17878.0,3575.6,14302.4
3237,1816,81,3,4250.0,15,12750.0,1912.5,10837.5
3238,1817,4,1,12687.0,10,12687.0,1268.7,11418.3
3239,1817,24,4,2958.0,5,11832.0,591.6,11240.4
3240,1817,53,1,5793.0,5,5793.0,289.65,5503.35
3241,1818,89,1,5107.0,0,5107.0,0.0,5107.0
3242,1818,43,2,7661.0,0,15322.0,0.0,15322.0
3243,1818,57,2,7649.0,5,15298.0,764.9,14533.1
3244,1819,37,3,2567.0,0,7701.0,0.0,7701.0
3245,1820,81,2,4250.0,0,8500.0,0.0,8500.0
3246,1820,21,1,8617.0,0,8617.0,0.0,8617.0
3247,1820,68,4,8743.0,0,34972.0,0.0,34972.0
3248,1821,90,4,1017.0,0,4068.0,0.0,4068.0
3249,1822,5,2,37543.0,10,75086.0,7508.6,67577.4
3250,1822,44,2,7467.0,0,14934.0,0.0,14934.0
3251,1822,64,4,4206.0,0,16824.0,0.0,16824.0
3252,1823,70,2,7332.0,0,14664.0,0.0,14664.0
3253,1823,89,1,5107.0,20,5107.0,1021.4,4085.6
3254,1823,47,2,7097.0,0,14194.0,0.0,14194.0
3255,1823,71,4,6080.0,15,24320.0,3648.0,20672.0
3256,1824,39,1,6381.0,0,6381.0,0.0,6381.0
3257,1824,89,1,5107.0,5,5107.0,255.35,4851.65
3258,1824,86,1,8140.0,0,8140.0,0.0,8140.0
3259,1825,39,4,6381.0,0,25524.0,0.0,25524.0
3260,1826,51,4,3978.0,20,15912.0,3182.4,12729.6
3261,1827,17,4,64036.0,20,256144.0,51228.8,204915.2
3262,1828,92,1,5380.0,20,5380.0,1076.0,4304.0
3263,1828,75,1,1408.0,20,1408.0,281.6,1126.4
3264,1829,56,2,2573.0,5,5146.0,257.3,4888.7
3265,1829,20,1,39070.0,20,39070.0,7814.0,31256.0
3266,1830,30,1,9049.0,15,9049.0,1357.35,7691.65
3267,1830,13,3,55796.0,20,167388.0,33477.6,133910.4
3268,1831,11,3,49672.0,5,149016.0,7450.8,141565.2
3269,1832,80,1,1406.0,0,1406.0,0.0,1406.0
3270,1832,5,2,37543.0,10,75086.0,7508.6,67577.4
3271,1832,29,3,7655.0,0,22965.0,0.0,22965.0
3272,1833,8,2,46151.0,20,92302.0,18460.4,73841.6
3273,1834,27,4,6268.0,0,25072.0,0.0,25072.0
3274,1835,94,4,4450.0,15,17800.0,2670.0,15130.0
3275,1835,93,1,9197.0,10,9197.0,919.7,8277.3
3276,1836,81,4,4250.0,15,17000.0,2550.0,14450.0
3277,1837,90,2,1017.0,10,2034.0,203.4,1830.6
3278,1837,79,1,566.0,10,566.0,56.6,509.4
3279,1838,72,1,9649.0,15,9649.0,1447.35,8201.65
3280,1839,31,1,5370.0,15,5370.0,805.5,4564.5
3281,1839,59,4,4493.0,0,17972.0,0.0,17972.0
3282,1840,66,2,2116.0,20,4232.0,846.4,3385.6
3283,1841,28,4,7577.0,5,30308.0,1515.4,28792.6
3284,1841,61,4,2121.0,10,8484.0,848.4,7635.6
3285,1842,64,2,4206.0,10,8412.0,841.2,7570.8
3286,1842,75,3,1408.0,0,4224.0,0.0,4224.0
3287,1843,49,4,4162.0,15,16648.0,2497.2,14150.8
3288,1844,29,1,7655.0,0,7655.0,0.0,7655.0
3289,1844,39,3,6381.0,15,19143.0,2871.45,16271.55
3290,1844,48,1,6795.0,20,6795.0,1359.0,5436.0
3291,1845,86,3,8140.0,5,24420.0,1221.0,23199.0
3292,1845,1,4,53878.0,15,215512.0,32326.8,183185.2
3293,1846,5,2,37543.0,20,75086.0,15017.2,60068.8
3294,1847,67,3,9082.0,0,27246.0,0.0,27246.0
3295,1848,50,2,1637.0,0,3274.0,0.0,3274.0
3296,1848,13,4,55796.0,0,223184.0,0.0,223184.0
3297,1849,91,1,986.0,10,986.0,98.6,887.4
3298,1850,49,4,4162.0,15,16648.0,2497.2,14150.8
3299,1850,100,4,7504.0,15,30016.0,4502.4,25513.6
3300,1851,96,4,6148.0,5,24592.0,1229.6,23362.4
3301,1852,84,4,6072.0,0,24288.0,0.0,24288.0
3302,1853,40,4,8752.0,20,35008.0,7001.6,28006.4
3303,1854,37,1,2567.0,10,2567.0,256.7,2310.3
3304,1854,62,1,4193.0,0,4193.0,0.0,4193.0
3305,1855,36,3,2955.0,20,8865.0,1773.0,7092.0
3306,1855,87,2,2509.0,0,5018.0,0.0,5018.0
3307,1856,22,1,5817.0,10,5817.0,581.7,5235.3
3308,1857,35,2,6556.0,10,13112.0,1311.2,11800.8
3309,1857,9,1,51674.0,0,51674.0,0.0,51674.0
3310,1857,96,4,6148.0,0,24592.0,0.0,24592.0
3311,1858,11,3,49672.0,0,149016.0,0.0,149016.0
3312,1859,48,3,6795.0,0,20385.0,0.0,20385.0
3313,1859,87,3,2509.0,0,7527.0,0.0,7527.0
3314,1859,74,1,8876.0,15,8876.0,1331.4,7544.6
3315,1859,78,2,6416.0,15,12832.0,1924.8,10907.2
3316,1860,61,3,2121.0,15,6363.0,954.45,5408.55
3317,1861,67,1,9082.0,0,9082.0,0.0,9082.0
3318,1862,71,1,6080.0,20,6080.0,1216.0,4864.0
3319,1863,54,1,2554.0,0,2554.0,0.0,2554.0
3320,1864,79,2,566.0,0,1132.0,0.0,1132.0
3321,1865,98,3,2339.0,0,7017.0,0.0,7017.0
3322,1866,45,3,3937.0,20,11811.0,2362.2,9448.8
3323,1867,6,4,20009.0,20,80036.0,16007.2,64028.8
3324,1867,63,3,2296.0,10,6888.0,688.8,6199.2
3325,1868,1,2,53878.0,0,107756.0,0.0,107756.0
3326,1868,84,3,6072.0,0,18216.0,0.0,18216.0
3327,1869,44,1,7467.0,0,7467.0,0.0,7467.0
3328,1870,97,1,5738.0,0,5738.0,0.0,5738.0
3329,1871,69,3,2652.0,10,7956.0,795.6,7160.4
3330,1871,9,4,51674.0,5,206696.0,10334.8,196361.2
3331,1871,55,2,5000.0,10,10000.0,1000.0,9000.0
3332,1872,2,4,7163.0,0,28652.0,0.0,28652.0
3333,1872,11,3,49672.0,10,149016.0,14901.6,134114.4
3334,1873,46,3,6027.0,5,18081.0,904.05,17176.95
3335,1874,94,1,4450.0,0,4450.0,0.0,4450.0
3336,1874,36,1,2955.0,10,2955.0,295.5,2659.5
3337,1875,28,3,7577.0,0,22731.0,0.0,22731.0
3338,1875,84,2,6072.0,0,12144.0,0.0,12144.0
3339,1875,26,3,1015.0,15,3045.0,456.75,2588.25
3340,1876,58,1,1598.0,5,1598.0,79.9,1518.1
3341,1877,31,2,5370.0,10,10740.0,1074.0,9666.0
3342,1878,77,1,1013.0,20,1013.0,202.6,810.4
3343,1878,12,4,17050.0,0,68200.0,0.0,68200.0
3344,1878,32,2,3478.0,20,6956.0,1391.2,5564.8
3345,1879,16,2,28374.0,5,56748.0,2837.4,53910.6
3346,1880,12,4,17050.0,20,68200.0,13640.0,54560.0
3347,1880,4,3,12687.0,5,38061.0,1903.05,36157.95
3348,1881,97,4,5738.0,10,22952.0,2295.2,20656.8
3349,1882,79,3,566.0,0,1698.0,0.0,1698.0
3350,1883,54,1,2554.0,10,2554.0,255.4,2298.6
3351,1884,60,4,2749.0,0,10996.0,0.0,10996.0
3352,1885,88,3,7798.0,20,23394.0,4678.8,18715.2
3353,1886,90,2,1017.0,10,2034.0,203.4,1830.6
3354,1887,37,1,2567.0,0,2567.0,0.0,2567.0
3355,1887,91,1,986.0,10,986.0,98.6,887.4
3356,1888,3,2,8939.0,15,17878.0,2681.7,15196.3
3357,1889,18,2,29993.0,10,59986.0,5998.6,53987.4
3358,1890,61,1,2121.0,5,2121.0,106.05,2014.95
3359,1891,98,3,2339.0,20,7017.0,1403.4,5613.6
3360,1891,16,4,28374.0,20,113496.0,22699.2,90796.8
3361,1892,10,1,11404.0,0,11404.0,0.0,11404.0
3362,1893,46,3,6027.0,5,18081.0,904.05,17176.95
3363,1893,4,4,12687.0,20,50748.0,10149.6,40598.4
3364,1894,32,2,3478.0,10,6956.0,695.6,6260.4
3365,1894,29,2,7655.0,15,15310.0,2296.5,13013.5
3366,1895,66,3,2116.0,0,6348.0,0.0,6348.0
3367,1895,97,4,5738.0,10,22952.0,2295.2,20656.8
3368,1896,62,2,4193.0,0,8386.0,0.0,8386.0
3369,1897,67,4,9082.0,20,36328.0,7265.6,29062.4
3370,1898,34,4,7864.0,0,31456.0,0.0,31456.0
3371,1899,36,2,2955.0,5,5910.0,295.5,5614.5
3372,1899,91,2,986.0,20,1972.0,394.4,1577.6
3373,1899,98,4,2339.0,10,9356.0,935.6,8420.4
3374,1900,8,2,46151.0,5,92302.0,4615.1,87686.9
3375,1901,61,2,2121.0,15,4242.0,636.3,3605.7
3376,1901,59,4,4493.0,20,17972.0,3594.4,14377.6
3377,1902,38,4,1154.0,15,4616.0,692.4,3923.6
3378,1902,73,1,3368.0,10,3368.0,336.8,3031.2
3379,1903,66,1,2116.0,5,2116.0,105.8,2010.2
3380,1903,11,4,49672.0,15,198688.0,29803.2,168884.8
3381,1903,85,2,3168.0,0,6336.0,0.0,6336.0
3382,1904,24,3,2958.0,5,8874.0,443.7,8430.3
3383,1905,4,3,12687.0,0,38061.0,0.0,38061.0
3384,1905,38,3,1154.0,0,3462.0,0.0,3462.0
3385,1906,57,2,7649.0,10,15298.0,1529.8,13768.2
3386,1906,54,2,2554.0,15,5108.0,766.2,4341.8
3387,1907,10,1,11404.0,5,11404.0,570.2,10833.8
3388,1908,45,4,3937.0,10,15748.0,1574.8,14173.2
3389,1908,76,3,6697.0,0,20091.0,0.0,20091.0
3390,1909,88,3,7798.0,10,23394.0,2339.4,21054.6
3391,1910,16,4,28374.0,15,113496.0,17024.4,96471.6
3392,1911,12,4,17050.0,10,68200.0,6820.0,61380.0
3393,1911,48,3,6795.0,5,20385.0,1019.25,19365.75
3394,1912,83,4,2485.0,0,9940.0,0.0,9940.0
3395,1913,59,1,4493.0,0,4493.0,0.0,4493.0
3396,1913,63,3,2296.0,0,6888.0,0.0,6888.0
3397,1914,36,4,2955.0,0,11820.0,0.0,11820.0
3398,1914,98,4,2339.0,20,9356.0,1871.2,7484.8
3399,1914,62,2,4193.0,10,8386.0,838.6,7547.4
3400,1915,11,2,49672.0,0,99344.0,0.0,99344.0
3401,1915,21,2,8617.0,0,17234.0,0.0,17234.0
3402,1916,12,2,17050.0,10,34100.0,3410.0,30690.0
3403,1916,76,1,6697.0,0,6697.0,0.0,6697.0
3404,1916,81,1,4250.0,10,4250.0,425.0,3825.0
3405,1917,34,4,7864.0,10,31456.0,3145.6,28310.4
3406,1917,59,1,4493.0,10,4493.0,449.3,4043.7
3407,1917,11,1,49672.0,10,49672.0,4967.2,44704.8
3408,1918,9,3,51674.0,0,155022.0,0.0,155022.0
3409,1919,62,3,4193.0,0,12579.0,0.0,12579.0
3410,1919,66,3,2116.0,5,6348.0,317.4,6030.6
3411,1920,30,4,9049.0,15,36196.0,5429.4,30766.6
3412,1920,56,2,2573.0,0,5146.0,0.0,5146.0
3413,1920,53,3,5793.0,0,17379.0,0.0,17379.0
3414,1921,96,4,6148.0,15,24592.0,3688.8,20903.2
3415,1921,65,1,7789.0,0,7789.0,0.0,7789.0
3416,1921,40,2,8752.0,0,17504.0,0.0,17504.0
3417,1922,90,2,1017.0,20,2034.0,406.8,1627.2
3418,1923,73,1,3368.0,0,3368.0,0.0,3368.0
3419,1924,60,3,2749.0,0,8247.0,0.0,8247.0
3420,1924,90,4,1017.0,5,4068.0,203.4,3864.6
3421,1924,70,4,7332.0,0,29328.0,0.0,29328.0
3422,1924,87,1,2509.0,10,2509.0,250.9,2258.1
3423,1925,85,1,3168.0,10,3168.0,316.8,2851.2
3424,1925,19,4,20608.0,0,82432.0,0.0,82432.0
3425,1926,36,1,2955.0,10,2955.0,295.5,2659.5
3426,1926,94,2,4450.0,10,8900.0,890.0,8010.0
3427,1926,23,1,6472.0,5,6472.0,323.6,6148.4
3428,1927,79,1,566.0,5,566.0,28.3,537.7
3429,1927,45,2,3937.0,0,7874.0,0.0,7874.0
3430,1928,41,4,4970.0,0,19880.0,0.0,19880.0
3431,1929,94,3,4450.0,10,13350.0,1335.0,12015.0
3432,1930,40,1,8752.0,10,8752.0,875.2,7876.8
3433,1930,95,2,3431.0,15,6862.0,1029.3,5832.7
3434,1931,87,4,2509.0,10,10036.0,1003.6,9032.4
3435,1932,86,1,8140.0,15,8140.0,1221.0,6919.0
3436,1932,99,2,7459.0,15,14918.0,2237.7,12680.3
3437,1932,41,1,4970.0,20,4970.0,994.0,3976.0
3438,1932,73,4,3368.0,5,13472.0,673.6,12798.4
3439,1933,59,2,4493.0,5,8986.0,449.3,8536.7
3440,1934,13,3,55796.0,0,167388.0,0.0,167388.0
3441,1934,31,2,5370.0,20,10740.0,2148.0,8592.0
3442,1935,81,2,4250.0,10,8500.0,850.0,7650.0
3443,1935,88,2,7798.0,10,15596.0,1559.6,14036.4
3444,1936,37,1,2567.0,0,2567.0,0.0,2567.0
3445,1937,90,1,1017.0,10,1017.0,101.7,915.3
3446,1937,85,2,3168.0,5,6336.0,316.8,6019.2
3447,1937,11,1,49672.0,5,49672.0,2483.6,47188.4
3448,1938,14,4,2689.0,0,10756.0,0.0,10756.0
3449,1938,99,2,7459.0,10,14918.0,1491.8,13426.2
3450,1938,17,4,64036.0,10,256144.0,25614.4,230529.6
3451,1938,95,4,3431.0,20,13724.0,2744.8,10979.2
3452,1939,87,2,2509.0,10,5018.0,501.8,4516.2
3453,1940,32,3,3478.0,5,10434.0,521.7,9912.3
3454,1940,10,2,11404.0,15,22808.0,3421.2,19386.8
3455,1940,50,4,1637.0,5,6548.0,327.4,6220.6
3456,1941,25,3,3012.0,0,9036.0,0.0,9036.0
3457,1941,43,4,7661.0,20,30644.0,6128.8,24515.2
3458,1942,2,4,7163.0,5,28652.0,1432.6,27219.4
3459,1943,100,4,7504.0,20,30016.0,6003.2,24012.8
3460,1943,19,4,20608.0,5,82432.0,4121.6,78310.4
3461,1943,42,4,2926.0,0,11704.0,0.0,11704.0
3462,1944,23,1,6472.0,20,6472.0,1294.4,5177.6
3463,1945,29,1,7655.0,15,7655.0,1148.25,6506.75
3464,1945,57,2,7649.0,15,15298.0,2294.7,13003.3
3465,1946,84,2,6072.0,0,12144.0,0.0,12144.0
3466,1947,17,3,64036.0,0,192108.0,0.0,192108.0
3467,1947,15,1,40783.0,5,40783.0,2039.15,38743.85
3468,1947,3,3,8939.0,15,26817.0,4022.55,22794.45
3469,1948,42,1,2926.0,15,2926.0,438.9,2487.1
3470,1948,31,2,5370.0,0,10740.0,0.0,10740.0
3471,1949,84,3,6072.0,0,18216.0,0.0,18216.0
3472,1949,35,2,6556.0,0,13112.0,0.0,13112.0
3473,1949,21,2,8617.0,0,17234.0,0.0,17234.0
3474,1950,68,2,8743.0,5,17486.0,874.3,16611.7
3475,1950,57,1,7649.0,0,7649.0,0.0,7649.0
3476,1950,80,2,1406.0,5,2812.0,140.6,2671.4
3477,1950,89,3,5107.0,5,15321.0,766.05,14554.95
3478,1951,86,1,8140.0,0,8140.0,0.0,8140.0
3479,1951,47,2,7097.0,5,14194.0,709.7,13484.3
3480,1951,84,3,6072.0,5,18216.0,910.8,17305.2
3481,1952,76,1,6697.0,0,6697.0,0.0,6697.0
3482,1952,10,4,11404.0,15,45616.0,6842.4,38773.6
3483,1953,81,3,4250.0,20,12750.0,2550.0,10200.0
3484,1953,55,2,5000.0,15,10000.0,1500.0,8500.0
3485,1954,6,2,20009.0,0,40018.0,0.0,40018.0
3486,1955,73,3,3368.0,0,10104.0,0.0,10104.0
3487,1955,1,4,53878.0,0,215512.0,0.0,215512.0
3488,1955,36,4,2955.0,0,11820.0,0.0,11820.0
3489,1956,50,1,1637.0,5,1637.0,81.85,1555.15
3490,1957,1,2,53878.0,0,107756.0,0.0,107756.0
3491,1957,3,2,8939.0,5,17878.0,893.9,16984.1
3492,1958,73,1,3368.0,0,3368.0,0.0,3368.0
3493,1958,10,1,11404.0,10,11404.0,1140.4,10263.6
3494,1959,55,4,5000.0,5,20000.0,1000.0,19000.0
3495,1959,78,2,6416.0,0,12832.0,0.0,12832.0
3496,1960,40,2,8752.0,10,17504.0,1750.4,15753.6
3497,1961,48,1,6795.0,10,6795.0,679.5,6115.5
3498,1962,56,3,2573.0,5,7719.0,385.95,7333.05
3499,1963,58,1,1598.0,10,1598.0,159.8,1438.2
3500,1964,67,3,9082.0,20,27246.0,5449.2,21796.8
3501,1965,43,2,7661.0,10,15322.0,1532.2,13789.8
3502,1966,83,1,2485.0,15,2485.0,372.75,2112.25
3503,1967,11,4,49672.0,10,198688.0,19868.8,178819.2
3504,1968,82,2,9833.0,0,19666.0,0.0,19666.0
3505,1969,67,2,9082.0,20,18164.0,3632.8,14531.2
3506,1970,37,4,2567.0,5,10268.0,513.4,9754.6
3507,1971,13,2,55796.0,20,111592.0,22318.4,89273.6
3508,1972,26,4,1015.0,5,4060.0,203.0,3857.0
3509,1972,69,4,2652.0,0,10608.0,0.0,10608.0
3510,1972,47,2,7097.0,20,14194.0,2838.8,11355.2
3511,1973,75,4,1408.0,0,5632.0,0.0,5632.0
3512,1974,51,2,3978.0,0,7956.0,0.0,7956.0
3513,1975,50,2,1637.0,20,3274.0,654.8,2619.2
3514,1976,67,3,9082.0,5,27246.0,1362.3,25883.7
3515,1976,92,2,5380.0,5,10760.0,538.0,10222.0
3516,1977,100,2,7504.0,20,15008.0,3001.6,12006.4
3517,1978,25,3,3012.0,20,9036.0,1807.2,7228.8
3518,1979,34,3,7864.0,5,23592.0,1179.6,22412.4
3519,1980,17,1,64036.0,5,64036.0,3201.8,60834.2
3520,1981,9,2,51674.0,0,103348.0,0.0,103348.0
3521,1982,15,1,40783.0,5,40783.0,2039.15,38743.85
3522,1982,97,2,5738.0,20,11476.0,2295.2,9180.8
3523,1983,51,4,3978.0,10,15912.0,1591.2,14320.8
3524,1983,94,4,4450.0,20,17800.0,3560.0,14240.0
3525,1983,18,2,29993.0,5,59986.0,2999.3,56986.7
3526,1984,11,2,49672.0,5,99344.0,4967.2,94376.8
3527,1985,61,3,2121.0,0,6363.0,0.0,6363.0
3528,1985,65,2,7789.0,0,15578.0,0.0,15578.0
3529,1986,50,2,1637.0,20,3274.0,654.8,2619.2
3530,1986,78,3,6416.0,20,19248.0,3849.6,15398.4
3531,1987,11,3,49672.0,20,149016.0,29803.2,119212.8
3532,1987,55,1,5000.0,15,5000.0,750.0,4250.0
3533,1988,34,1,7864.0,5,7864.0,393.2,7470.8
3534,1989,70,4,7332.0,10,29328.0,2932.8,26395.2
3535,1989,77,1,1013.0,10,1013.0,101.3,911.7
3536,1990,44,4,7467.0,15,29868.0,4480.2,25387.8
3537,1991,62,2,4193.0,0,8386.0,0.0,8386.0
3538,1992,65,4,7789.0,5,31156.0,1557.8,29598.2
3539,1992,25,1,3012.0,5,3012.0,150.6,2861.4
3540,1993,99,1,7459.0,0,7459.0,0.0,7459.0
3541,1993,58,3,1598.0,10,4794.0,479.4,4314.6
3542,1993,96,3,6148.0,10,18444.0,1844.4,16599.6
3543,1994,64,3,4206.0,20,12618.0,2523.6,10094.4
3544,1995,71,3,6080.0,20,18240.0,3648.0,14592.0
3545,1995,99,2,7459.0,20,14918.0,2983.6,11934.4
3546,1996,2,3,7163.0,20,21489.0,4297.8,17191.2
3547,1996,44,4,7467.0,20,29868.0,5973.6,23894.4
3548,1997,77,2,1013.0,10,2026.0,202.6,1823.4
3549,1997,9,2,51674.0,0,103348.0,0.0,103348.0
3550,1998,45,3,3937.0,10,11811.0,1181.1,10629.9
3551,1998,39,4,6381.0,0,25524.0,0.0,25524.0
3552,1999,44,2,7467.0,5,14934.0,746.7,14187.3
3553,1999,99,3,7459.0,0,22377.0,0.0,22377.0
3554,2000,70,3,7332.0,20,21996.0,4399.2,17596.8
3555,2000,30,3,9049.0,0,27147.0,0.0,27147.0
3556,2000,49,4,4162.0,0,16648.0,0.0,16648.0
3557,2001,54,2,2554.0,0,5108.0,0.0,5108.0
3558,2001,83,3,2485.0,0,7455.0,0.0,7455.0
3559,2002,100,2,7504.0,5,15008.0,750.4,14257.6
3560,2002,33,4,9645.0,0,38580.0,0.0,38580.0
3561,2003,6,3,20009.0,10,60027.0,6002.7,54024.3
3562,2003,52,2,5521.0,15,11042.0,1656.3,9385.7
3563,2004,48,3,6795.0,0,20385.0,0.0,20385.0
3564,2005,29,1,7655.0,0,7655.0,0.0,7655.0
3565,2005,63,2,2296.0,0,4592.0,0.0,4592.0
3566,2006,9,1,51674.0,5,51674.0,2583.7,49090.3
3567,2006,90,2,1017.0,15,2034.0,305.1,1728.9
3568,2006,98,1,2339.0,0,2339.0,0.0,2339.0
3569,2007,76,4,6697.0,10,26788.0,2678.8,24109.2
3570,2007,65,2,7789.0,20,15578.0,3115.6,12462.4
3571,2008,1,2,53878.0,10,107756.0,10775.6,96980.4
3572,2009,45,3,3937.0,5,11811.0,590.55,11220.45
3573,2010,87,1,2509.0,15,2509.0,376.35,2132.65
3574,2010,58,3,1598.0,10,4794.0,479.4,4314.6
3575,2010,61,2,2121.0,0,4242.0,0.0,4242.0
3576,2011,44,3,7467.0,20,22401.0,4480.2,17920.8
3577,2012,97,2,5738.0,15,11476.0,1721.4,9754.6
3578,2013,89,1,5107.0,15,5107.0,766.05,4340.95
3579,2014,47,3,7097.0,0,21291.0,0.0,21291.0
3580,2015,3,2,8939.0,0,17878.0,0.0,17878.0
3581,2015,81,2,4250.0,5,8500.0,425.0,8075.0
3582,2016,44,1,7467.0,0,7467.0,0.0,7467.0
3583,2016,55,2,5000.0,10,10000.0,1000.0,9000.0
3584,2016,25,1,3012.0,20,3012.0,602.4,2409.6
3585,2017,88,1,7798.0,15,7798.0,1169.7,6628.3
3586,2018,12,4,17050.0,20,68200.0,13640.0,54560.0
3587,2019,42,4,2926.0,5,11704.0,585.2,11118.8
3588,2020,77,4,1013.0,0,4052.0,0.0,4052.0
3589,2021,13,4,55796.0,0,223184.0,0.0,223184.0
3590,2022,23,2,6472.0,20,12944.0,2588.8,10355.2
3591,2023,98,3,2339.0,0,7017.0,0.0,7017.0
3592,2023,1,1,53878.0,15,53878.0,8081.7,45796.3
3593,2024,72,4,9649.0,0,38596.0,0.0,38596.0
3594,2025,85,4,3168.0,0,12672.0,0.0,12672.0
3595,2026,1,4,53878.0,20,215512.0,43102.4,172409.6
3596,2027,81,2,4250.0,20,8500.0,1700.0,6800.0
3597,2028,44,2,7467.0,10,14934.0,1493.4,13440.6
3598,2029,20,3,39070.0,5,117210.0,5860.5,111349.5
3599,2030,85,4,3168.0,5,12672.0,633.6,12038.4
3600,2030,3,2,8939.0,0,17878.0,0.0,17878.0
3601,2031,27,4,6268.0,5,25072.0,1253.6,23818.4
3602,2031,65,3,7789.0,5,23367.0,1168.35,22198.65
3603,2032,36,2,2955.0,10,5910.0,591.0,5319.0
3604,2033,75,4,1408.0,20,5632.0,1126.4,4505.6
3605,2034,16,3,28374.0,10,85122.0,8512.2,76609.8
3606,2034,68,4,8743.0,0,34972.0,0.0,34972.0
3607,2034,57,4,7649.0,20,30596.0,6119.2,24476.8
3608,2035,6,3,20009.0,15,60027.0,9004.05,51022.95
3609,2036,31,1,5370.0,5,5370.0,268.5,5101.5
3610,2037,76,1,6697.0,10,6697.0,669.7,6027.3
3611,2037,59,3,4493.0,5,13479.0,673.95,12805.05
3612,2037,43,1,7661.0,15,7661.0,1149.15,6511.85
3613,2038,17,1,64036.0,0,64036.0,0.0,64036.0
3614,2038,35,4,6556.0,15,26224.0,3933.6,22290.4
3615,2039,37,2,2567.0,0,5134.0,0.0,5134.0
3616,2039,53,3,5793.0,20,17379.0,3475.8,13903.2
3617,2040,37,2,2567.0,5,5134.0,256.7,4877.3
3618,2041,57,4,7649.0,5,30596.0,1529.8,29066.2
3619,2041,48,3,6795.0,5,20385.0,1019.25,19365.75
3620,2042,86,4,8140.0,0,32560.0,0.0,32560.0
3621,2043,40,3,8752.0,10,26256.0,2625.6,23630.4
3622,2044,47,2,7097.0,15,14194.0,2129.1,12064.9
3623,2044,14,4,2689.0,15,10756.0,1613.4,9142.6
3624,2045,84,1,6072.0,0,6072.0,0.0,6072.0
3625,2046,81,3,4250.0,15,12750.0,1912.5,10837.5
3626,2047,55,2,5000.0,10,10000.0,1000.0,9000.0
3627,2048,89,2,5107.0,10,10214.0,1021.4,9192.6
3628,2048,64,1,4206.0,5,4206.0,210.3,3995.7
3629,2048,87,4,2509.0,0,10036.0,0.0,10036.0
3630,2049,85,4,3168.0,20,12672.0,2534.4,10137.6
3631,2050,57,1,7649.0,20,7649.0,1529.8,6119.2
3632,2050,30,1,9049.0,0,9049.0,0.0,9049.0
3633,2051,90,2,1017.0,15,2034.0,305.1,1728.9
3634,2051,58,3,1598.0,20,4794.0,958.8,3835.2
3635,2052,71,4,6080.0,20,24320.0,4864.0,19456.0
3636,2052,83,3,2485.0,0,7455.0,0.0,7455.0
3637,2052,57,1,7649.0,10,7649.0,764.9,6884.1
3638,2053,27,2,6268.0,5,12536.0,626.8,11909.2
3639,2053,72,1,9649.0,0,9649.0,0.0,9649.0
3640,2054,15,2,40783.0,10,81566.0,8156.6,73409.4
3641,2054,85,1,3168.0,5,3168.0,158.4,3009.6
3642,2055,25,1,3012.0,5,3012.0,150.6,2861.4
3643,2055,93,4,9197.0,20,36788.0,7357.6,29430.4
3644,2056,69,1,2652.0,5,2652.0,132.6,2519.4
3645,2056,26,2,1015.0,10,2030.0,203.0,1827.0
3646,2057,27,3,6268.0,5,18804.0,940.2,17863.8
3647,2057,30,2,9049.0,10,18098.0,1809.8,16288.2
3648,2058,76,4,6697.0,0,26788.0,0.0,26788.0
3649,2059,22,4,5817.0,20,23268.0,4653.6,18614.4
3650,2059,37,3,2567.0,10,7701.0,770.1,6930.9
3651,2060,1,4,53878.0,10,215512.0,21551.2,193960.8
3652,2061,58,4,1598.0,0,6392.0,0.0,6392.0
3653,2062,17,1,64036.0,5,64036.0,3201.8,60834.2
3654,2063,68,1,8743.0,15,8743.0,1311.45,7431.55
3655,2063,51,3,3978.0,15,11934.0,1790.1,10143.9
3656,2064,87,1,2509.0,0,2509.0,0.0,2509.0
3657,2064,86,2,8140.0,10,16280.0,1628.0,14652.0
3658,2065,38,2,1154.0,15,2308.0,346.2,1961.8
3659,2066,8,1,46151.0,15,46151.0,6922.65,39228.35
3660,2066,6,3,20009.0,5,60027.0,3001.35,57025.65
3661,2066,26,1,1015.0,20,1015.0,203.0,812.0
3662,2067,43,4,7661.0,0,30644.0,0.0,30644.0
3663,2068,55,2,5000.0,5,10000.0,500.0,9500.0
3664,2069,55,4,5000.0,0,20000.0,0.0,20000.0
3665,2070,82,1,9833.0,0,9833.0,0.0,9833.0
3666,2071,99,4,7459.0,5,29836.0,1491.8,28344.2
3667,2071,17,4,64036.0,15,256144.0,38421.6,217722.4
3668,2072,92,2,5380.0,0,10760.0,0.0,10760.0
3669,2072,24,4,2958.0,10,11832.0,1183.2,10648.8
3670,2073,42,2,2926.0,0,5852.0,0.0,5852.0
3671,2073,36,4,2955.0,10,11820.0,1182.0,10638.0
3672,2074,72,1,9649.0,15,9649.0,1447.35,8201.65
3673,2074,60,2,2749.0,0,5498.0,0.0,5498.0
3674,2075,90,4,1017.0,10,4068.0,406.8,3661.2
3675,2075,28,4,7577.0,15,30308.0,4546.2,25761.8
3676,2076,99,1,7459.0,15,7459.0,1118.85,6340.15
3677,2076,91,1,986.0,15,986.0,147.9,838.1
3678,2077,60,4,2749.0,5,10996.0,549.8,10446.2
3679,2078,18,3,29993.0,20,89979.0,17995.8,71983.2
3680,2079,69,1,2652.0,10,2652.0,265.2,2386.8
3681,2079,34,4,7864.0,0,31456.0,0.0,31456.0
3682,2080,58,2,1598.0,5,3196.0,159.8,3036.2
3683,2080,48,2,6795.0,20,13590.0,2718.0,10872.0
3684,2081,66,4,2116.0,10,8464.0,846.4,7617.6
3685,2081,5,1,37543.0,20,37543.0,7508.6,30034.4
3686,2082,96,3,6148.0,0,18444.0,0.0,18444.0
3687,2082,20,3,39070.0,15,117210.0,17581.5,99628.5
3688,2082,84,2,6072.0,0,12144.0,0.0,12144.0
3689,2083,22,4,5817.0,0,23268.0,0.0,23268.0
3690,2083,39,3,6381.0,20,19143.0,3828.6,15314.4
3691,2083,49,4,4162.0,20,16648.0,3329.6,13318.4
3692,2084,90,4,1017.0,20,4068.0,813.6,3254.4
3693,2084,8,4,46151.0,0,184604.0,0.0,184604.0
3694,2085,69,2,2652.0,0,5304.0,0.0,5304.0
3695,2086,21,1,8617.0,10,8617.0,861.7,7755.3
3696,2086,20,2,39070.0,15,78140.0,11721.0,66419.0
3697,2086,27,1,6268.0,10,6268.0,626.8,5641.2
3698,2087,71,2,6080.0,15,12160.0,1824.0,10336.0
3699,2088,22,1,5817.0,20,5817.0,1163.4,4653.6
3700,2088,89,2,5107.0,10,10214.0,1021.4,9192.6
3701,2088,81,1,4250.0,15,4250.0,637.5,3612.5
3702,2089,30,3,9049.0,0,27147.0,0.0,27147.0
3703,2090,75,2,1408.0,10,2816.0,281.6,2534.4
3704,2090,85,1,3168.0,10,3168.0,316.8,2851.2
3705,2091,11,1,49672.0,15,49672.0,7450.8,42221.2
3706,2091,8,4,46151.0,5,184604.0,9230.2,175373.8
3707,2092,50,2,1637.0,10,3274.0,327.4,2946.6
3708,2092,6,3,20009.0,0,60027.0,0.0,60027.0
3709,2093,12,2,17050.0,0,34100.0,0.0,34100.0
3710,2094,100,2,7504.0,5,15008.0,750.4,14257.6
3711,2094,78,3,6416.0,20,19248.0,3849.6,15398.4
3712,2095,86,1,8140.0,0,8140.0,0.0,8140.0
3713,2095,96,3,6148.0,5,18444.0,922.2,17521.8
3714,2095,28,4,7577.0,10,30308.0,3030.8,27277.2
3715,2095,9,1,51674.0,10,51674.0,5167.4,46506.6
3716,2096,42,1,2926.0,15,2926.0,438.9,2487.1
3717,2096,84,3,6072.0,15,18216.0,2732.4,15483.6
3718,2097,92,1,5380.0,5,5380.0,269.0,5111.0
3719,2098,24,2,2958.0,5,5916.0,295.8,5620.2
3720,2099,70,3,7332.0,20,21996.0,4399.2,17596.8
3721,2100,58,1,1598.0,20,1598.0,319.6,1278.4
3722,2100,2,2,7163.0,20,14326.0,2865.2,11460.8
3723,2101,96,1,6148.0,10,6148.0,614.8,5533.2
3724,2101,99,1,7459.0,10,7459.0,745.9,6713.1
3725,2102,45,1,3937.0,10,3937.0,393.7,3543.3
3726,2103,13,3,55796.0,20,167388.0,33477.6,133910.4
3727,2103,9,2,51674.0,20,103348.0,20669.6,82678.4
3728,2104,70,1,7332.0,0,7332.0,0.0,7332.0
3729,2105,93,3,9197.0,15,27591.0,4138.65,23452.35
3730,2106,85,2,3168.0,20,6336.0,1267.2,5068.8
3731,2106,95,1,3431.0,5,3431.0,171.55,3259.45
3732,2106,72,1,9649.0,0,9649.0,0.0,9649.0
3733,2107,30,1,9049.0,0,9049.0,0.0,9049.0
3734,2107,40,4,8752.0,0,35008.0,0.0,35008.0
3735,2107,33,2,9645.0,10,19290.0,1929.0,17361.0
3736,2108,85,1,3168.0,10,3168.0,316.8,2851.2
3737,2108,21,1,8617.0,0,8617.0,0.0,8617.0
3738,2109,12,1,17050.0,15,17050.0,2557.5,14492.5
3739,2110,65,1,7789.0,10,7789.0,778.9,7010.1
3740,2110,25,2,3012.0,10,6024.0,602.4,5421.6
3741,2111,28,2,7577.0,15,15154.0,2273.1,12880.9
3742,2112,56,2,2573.0,20,5146.0,1029.2,4116.8
3743,2112,84,3,6072.0,5,18216.0,910.8,17305.2
3744,2112,42,3,2926.0,0,8778.0,0.0,8778.0
3745,2113,31,1,5370.0,10,5370.0,537.0,4833.0
3746,2113,28,2,7577.0,15,15154.0,2273.1,12880.9
3747,2114,5,3,37543.0,15,112629.0,16894.35,95734.65
3748,2114,94,2,4450.0,20,8900.0,1780.0,7120.0
3749,2115,68,3,8743.0,0,26229.0,0.0,26229.0
3750,2115,59,1,4493.0,10,4493.0,449.3,4043.7
3751,2116,97,4,5738.0,15,22952.0,3442.8,19509.2
3752,2116,28,1,7577.0,20,7577.0,1515.4,6061.6
3753,2117,65,4,7789.0,0,31156.0,0.0,31156.0
3754,2117,74,2,8876.0,10,17752.0,1775.2,15976.8
3755,2118,92,2,5380.0,0,10760.0,0.0,10760.0
3756,2119,78,2,6416.0,0,12832.0,0.0,12832.0
3757,2119,42,2,2926.0,15,5852.0,877.8,4974.2
3758,2120,48,1,6795.0,20,6795.0,1359.0,5436.0
3759,2121,95,2,3431.0,10,6862.0,686.2,6175.8
3760,2121,70,2,7332.0,20,14664.0,2932.8,11731.2
3761,2122,99,3,7459.0,5,22377.0,1118.85,21258.15
3762,2122,25,3,3012.0,0,9036.0,0.0,9036.0
3763,2122,46,3,6027.0,15,18081.0,2712.15,15368.85
3764,2123,95,2,3431.0,20,6862.0,1372.4,5489.6
3765,2124,65,4,7789.0,0,31156.0,0.0,31156.0
3766,2125,52,1,5521.0,20,5521.0,1104.2,4416.8
3767,2126,3,2,8939.0,5,17878.0,893.9,16984.1
3768,2126,77,2,1013.0,20,2026.0,405.2,1620.8
3769,2127,83,2,2485.0,10,4970.0,497.0,4473.0
3770,2127,23,1,6472.0,15,6472.0,970.8,5501.2
3771,2127,55,1,5000.0,0,5000.0,0.0,5000.0
3772,2128,42,4,2926.0,5,11704.0,585.2,11118.8
3773,2128,83,2,2485.0,0,4970.0,0.0,4970.0
3774,2128,87,2,2509.0,15,5018.0,752.7,4265.3
3775,2128,100,3,7504.0,15,22512.0,3376.8,19135.2
3776,2129,80,1,1406.0,0,1406.0,0.0,1406.0
3777,2130,81,4,4250.0,0,17000.0,0.0,17000.0
3778,2130,52,2,5521.0,5,11042.0,552.1,10489.9
3779,2131,93,3,9197.0,0,27591.0,0.0,27591.0
3780,2132,86,3,8140.0,0,24420.0,0.0,24420.0
3781,2132,77,3,1013.0,5,3039.0,151.95,2887.05
3782,2132,24,2,2958.0,20,5916.0,1183.2,4732.8
3783,2133,94,3,4450.0,15,13350.0,2002.5,11347.5
3784,2133,91,1,986.0,20,986.0,197.2,788.8
3785,2134,8,4,46151.0,5,184604.0,9230.2,175373.8
3786,2134,43,3,7661.0,20,22983.0,4596.6,18386.4
3787,2135,72,2,9649.0,10,19298.0,1929.8,17368.2
3788,2136,87,3,2509.0,15,7527.0,1129.05,6397.95
3789,2136,74,2,8876.0,0,17752.0,0.0,17752.0
3790,2136,46,3,6027.0,20,18081.0,3616.2,14464.8
3791,2137,21,4,8617.0,0,34468.0,0.0,34468.0
3792,2137,43,3,7661.0,5,22983.0,1149.15,21833.85
3793,2138,52,4,5521.0,10,22084.0,2208.4,19875.6
3794,2138,38,2,1154.0,0,2308.0,0.0,2308.0
3795,2138,94,2,4450.0,0,8900.0,0.0,8900.0
3796,2139,4,4,12687.0,10,50748.0,5074.8,45673.2
3797,2140,97,4,5738.0,5,22952.0,1147.6,21804.4
3798,2140,12,1,17050.0,0,17050.0,0.0,17050.0
3799,2140,27,3,6268.0,15,18804.0,2820.6,15983.4
3800,2141,47,4,7097.0,20,28388.0,5677.6,22710.4
3801,2142,2,2,7163.0,20,14326.0,2865.2,11460.8
3802,2142,64,1,4206.0,5,4206.0,210.3,3995.7
3803,2142,57,2,7649.0,15,15298.0,2294.7,13003.3
3804,2143,58,2,1598.0,0,3196.0,0.0,3196.0
3805,2143,15,4,40783.0,15,163132.0,24469.8,138662.2
3806,2144,93,1,9197.0,10,9197.0,919.7,8277.3
3807,2144,31,4,5370.0,10,21480.0,2148.0,19332.0
3808,2145,82,4,9833.0,15,39332.0,5899.8,33432.2
3809,2146,35,2,6556.0,0,13112.0,0.0,13112.0
3810,2146,60,3,2749.0,10,8247.0,824.7,7422.3
3811,2147,5,2,37543.0,15,75086.0,11262.9,63823.1
3812,2147,84,2,6072.0,0,12144.0,0.0,12144.0
3813,2148,98,4,2339.0,10,9356.0,935.6,8420.4
3814,2149,100,4,7504.0,20,30016.0,6003.2,24012.8
3815,2149,22,4,5817.0,10,23268.0,2326.8,20941.2
3816,2150,7,3,10982.0,10,32946.0,3294.6,29651.4
3817,2150,79,1,566.0,5,566.0,28.3,537.7
3818,2151,56,3,2573.0,15,7719.0,1157.85,6561.15
3819,2152,100,3,7504.0,15,22512.0,3376.8,19135.2
3820,2153,52,1,5521.0,5,5521.0,276.05,5244.95
3821,2153,12,2,17050.0,15,34100.0,5115.0,28985.0
3822,2153,29,2,7655.0,15,15310.0,2296.5,13013.5
3823,2154,88,2,7798.0,10,15596.0,1559.6,14036.4
3824,2155,89,1,5107.0,0,5107.0,0.0,5107.0
3825,2156,43,1,7661.0,20,7661.0,1532.2,6128.8
3826,2157,28,4,7577.0,10,30308.0,3030.8,27277.2
3827,2157,72,2,9649.0,15,19298.0,2894.7,16403.3
3828,2157,44,1,7467.0,5,7467.0,373.35,7093.65
3829,2157,82,2,9833.0,0,19666.0,0.0,19666.0
3830,2158,29,1,7655.0,0,7655.0,0.0,7655.0
3831,2158,2,3,7163.0,0,21489.0,0.0,21489.0
3832,2158,44,1,7467.0,0,7467.0,0.0,7467.0
3833,2159,38,4,1154.0,5,4616.0,230.8,4385.2
3834,2159,18,2,29993.0,20,59986.0,11997.2,47988.8
3835,2160,73,4,3368.0,0,13472.0,0.0,13472.0
3836,2160,17,1,64036.0,15,64036.0,9605.4,54430.6
3837,2160,65,4,7789.0,20,31156.0,6231.2,24924.8
3838,2161,5,4,37543.0,5,150172.0,7508.6,142663.4
3839,2162,83,2,2485.0,5,4970.0,248.5,4721.5
3840,2163,96,3,6148.0,15,18444.0,2766.6,15677.4
3841,2163,67,2,9082.0,0,18164.0,0.0,18164.0
3842,2163,89,2,5107.0,0,10214.0,0.0,10214.0
3843,2164,8,2,46151.0,0,92302.0,0.0,92302.0
3844,2165,88,4,7798.0,10,31192.0,3119.2,28072.8
3845,2165,90,4,1017.0,15,4068.0,610.2,3457.8
3846,2166,63,1,2296.0,15,2296.0,344.4,1951.6
3847,2166,79,3,566.0,15,1698.0,254.7,1443.3
3848,2166,52,4,5521.0,0,22084.0,0.0,22084.0
3849,2167,72,1,9649.0,20,9649.0,1929.8,7719.2
3850,2167,1,3,53878.0,10,161634.0,16163.4,145470.6
3851,2167,71,2,6080.0,0,12160.0,0.0,12160.0
3852,2168,92,3,5380.0,0,16140.0,0.0,16140.0
3853,2169,49,1,4162.0,10,4162.0,416.2,3745.8
3854,2169,75,4,1408.0,10,5632.0,563.2,5068.8
3855,2170,70,4,7332.0,15,29328.0,4399.2,24928.8
3856,2171,76,4,6697.0,0,26788.0,0.0,26788.0
3857,2172,93,3,9197.0,0,27591.0,0.0,27591.0
3858,2172,46,3,6027.0,0,18081.0,0.0,18081.0
3859,2173,36,3,2955.0,10,8865.0,886.5,7978.5
3860,2173,25,3,3012.0,0,9036.0,0.0,9036.0
3861,2174,29,3,7655.0,0,22965.0,0.0,22965.0
3862,2174,93,1,9197.0,20,9197.0,1839.4,7357.6
3863,2175,75,3,1408.0,10,4224.0,422.4,3801.6
3864,2176,88,1,7798.0,10,7798.0,779.8,7018.2
3865,2177,1,2,53878.0,20,107756.0,21551.2,86204.8
3866,2178,70,4,7332.0,5,29328.0,1466.4,27861.6
3867,2179,67,4,9082.0,0,36328.0,0.0,36328.0
3868,2180,96,2,6148.0,0,12296.0,0.0,12296.0
3869,2180,22,2,5817.0,20,11634.0,2326.8,9307.2
3870,2181,98,1,2339.0,15,2339.0,350.85,1988.15
3871,2182,13,4,55796.0,0,223184.0,0.0,223184.0
3872,2183,74,1,8876.0,0,8876.0,0.0,8876.0
3873,2184,12,2,17050.0,5,34100.0,1705.0,32395.0
3874,2185,78,3,6416.0,5,19248.0,962.4,18285.6
3875,2185,25,4,3012.0,5,12048.0,602.4,11445.6
3876,2185,86,1,8140.0,5,8140.0,407.0,7733.0
3877,2186,48,1,6795.0,10,6795.0,679.5,6115.5
3878,2187,40,4,8752.0,0,35008.0,0.0,35008.0
3879,2187,32,2,3478.0,5,6956.0,347.8,6608.2
3880,2188,34,1,7864.0,20,7864.0,1572.8,6291.2
3881,2188,82,4,9833.0,10,39332.0,3933.2,35398.8
3882,2188,55,3,5000.0,0,15000.0,0.0,15000.0
3883,2188,53,1,5793.0,10,5793.0,579.3,5213.7
3884,2189,82,3,9833.0,0,29499.0,0.0,29499.0
3885,2189,53,4,5793.0,20,23172.0,4634.4,18537.6
3886,2190,69,2,2652.0,15,5304.0,795.6,4508.4
3887,2191,81,1,4250.0,5,4250.0,212.5,4037.5
3888,2191,2,3,7163.0,10,21489.0,2148.9,19340.1
3889,2192,64,3,4206.0,0,12618.0,0.0,12618.0
3890,2193,81,1,4250.0,15,4250.0,637.5,3612.5
3891,2193,79,3,566.0,15,1698.0,254.7,1443.3
3892,2194,88,3,7798.0,15,23394.0,3509.1,19884.9
3893,2195,65,1,7789.0,5,7789.0,389.45,7399.55
3894,2195,32,4,3478.0,5,13912.0,695.6,13216.4
3895,2196,92,4,5380.0,20,21520.0,4304.0,17216.0
3896,2197,65,1,7789.0,10,7789.0,778.9,7010.1
3897,2198,79,4,566.0,10,2264.0,226.4,2037.6
3898,2199,97,3,5738.0,0,17214.0,0.0,17214.0
3899,2200,64,1,4206.0,20,4206.0,841.2,3364.8
3900,2200,30,3,9049.0,5,27147.0,1357.35,25789.65
3901,2201,57,1,7649.0,15,7649.0,1147.35,6501.65
3902,2201,34,3,7864.0,0,23592.0,0.0,23592.0
3903,2201,16,2,28374.0,15,56748.0,8512.2,48235.8
3904,2202,69,2,2652.0,0,5304.0,0.0,5304.0
3905,2202,48,1,6795.0,15,6795.0,1019.25,5775.75
3906,2202,44,1,7467.0,20,7467.0,1493.4,5973.6
3907,2203,48,4,6795.0,10,27180.0,2718.0,24462.0
3908,2204,42,1,2926.0,0,2926.0,0.0,2926.0
3909,2204,96,3,6148.0,15,18444.0,2766.6,15677.4
3910,2205,42,3,2926.0,20,8778.0,1755.6,7022.4
3911,2205,44,1,7467.0,20,7467.0,1493.4,5973.6
3912,2206,100,1,7504.0,0,7504.0,0.0,7504.0
3913,2207,76,2,6697.0,15,13394.0,2009.1,11384.9
3914,2208,69,1,2652.0,10,2652.0,265.2,2386.8
3915,2208,37,3,2567.0,20,7701.0,1540.2,6160.8
3916,2209,12,2,17050.0,0,34100.0,0.0,34100.0
3917,2210,33,3,9645.0,20,28935.0,5787.0,23148.0
3918,2210,82,4,9833.0,0,39332.0,0.0,39332.0
3919,2211,25,2,3012.0,15,6024.0,903.6,5120.4
3920,2212,28,3,7577.0,5,22731.0,1136.55,21594.45
3921,2212,40,1,8752.0,15,8752.0,1312.8,7439.2
3922,2212,42,1,2926.0,10,2926.0,292.6,2633.4
3923,2212,52,4,5521.0,0,22084.0,0.0,22084.0
3924,2213,52,4,5521.0,0,22084.0,0.0,22084.0
3925,2213,59,2,4493.0,0,8986.0,0.0,8986.0
3926,2214,99,1,7459.0,15,7459.0,1118.85,6340.15
3927,2214,79,1,566.0,15,566.0,84.9,481.1
3928,2214,62,3,4193.0,0,12579.0,0.0,12579.0
3929,2214,60,1,2749.0,0,2749.0,0.0,2749.0
3930,2215,92,2,5380.0,10,10760.0,1076.0,9684.0
3931,2216,12,1,17050.0,5,17050.0,852.5,16197.5
3932,2217,21,3,8617.0,15,25851.0,3877.65,21973.35
3933,2217,25,1,3012.0,5,3012.0,150.6,2861.4
3934,2218,25,4,3012.0,0,12048.0,0.0,12048.0
3935,2219,16,1,28374.0,0,28374.0,0.0,28374.0
3936,2220,19,4,20608.0,0,82432.0,0.0,82432.0
3937,2220,8,3,46151.0,10,138453.0,13845.3,124607.7
3938,2221,100,2,7504.0,0,15008.0,0.0,15008.0
3939,2221,53,1,5793.0,5,5793.0,289.65,5503.35
3940,2222,92,4,5380.0,20,21520.0,4304.0,17216.0
3941,2223,69,4,2652.0,5,10608.0,530.4,10077.6
3942,2224,79,3,566.0,5,1698.0,84.9,1613.1
3943,2225,34,1,7864.0,15,7864.0,1179.6,6684.4
3944,2226,36,2,2955.0,20,5910.0,1182.0,4728.0
3945,2226,37,2,2567.0,0,5134.0,0.0,5134.0
3946,2227,91,1,986.0,5,986.0,49.3,936.7
3947,2228,20,1,39070.0,15,39070.0,5860.5,33209.5
3948,2229,3,2,8939.0,15,17878.0,2681.7,15196.3
3949,2229,7,3,10982.0,10,32946.0,3294.6,29651.4
3950,2230,12,4,17050.0,10,68200.0,6820.0,61380.0
3951,2230,51,4,3978.0,0,15912.0,0.0,15912.0
3952,2230,33,4,9645.0,0,38580.0,0.0,38580.0
3953,2231,77,4,1013.0,0,4052.0,0.0,4052.0
3954,2232,20,1,39070.0,0,39070.0,0.0,39070.0
3955,2233,37,1,2567.0,20,2567.0,513.4,2053.6
3956,2233,90,3,1017.0,0,3051.0,0.0,3051.0
3957,2234,97,4,5738.0,15,22952.0,3442.8,19509.2
3958,2235,13,1,55796.0,0,55796.0,0.0,55796.0
3959,2235,44,4,7467.0,15,29868.0,4480.2,25387.8
3960,2235,95,4,3431.0,0,13724.0,0.0,13724.0
3961,2236,42,1,2926.0,10,2926.0,292.6,2633.4
3962,2237,25,4,3012.0,10,12048.0,1204.8,10843.2
3963,2238,63,1,2296.0,5,2296.0,114.8,2181.2
3964,2239,10,1,11404.0,20,11404.0,2280.8,9123.2
3965,2240,23,3,6472.0,0,19416.0,0.0,19416.0
3966,2240,77,1,1013.0,0,1013.0,0.0,1013.0
3967,2241,76,1,6697.0,15,6697.0,1004.55,5692.45
3968,2241,71,1,6080.0,0,6080.0,0.0,6080.0
3969,2241,44,1,7467.0,20,7467.0,1493.4,5973.6
3970,2242,57,1,7649.0,0,7649.0,0.0,7649.0
3971,2243,50,1,1637.0,15,1637.0,245.55,1391.45
3972,2244,88,2,7798.0,20,15596.0,3119.2,12476.8
3973,2245,16,4,28374.0,5,113496.0,5674.8,107821.2
3974,2246,57,3,7649.0,0,22947.0,0.0,22947.0
3975,2246,84,1,6072.0,15,6072.0,910.8,5161.2
3976,2247,63,2,2296.0,10,4592.0,459.2,4132.8
3977,2247,67,1,9082.0,0,9082.0,0.0,9082.0
3978,2248,15,4,40783.0,0,163132.0,0.0,163132.0
3979,2248,77,2,1013.0,10,2026.0,202.6,1823.4
3980,2249,44,4,7467.0,5,29868.0,1493.4,28374.6
3981,2250,96,3,6148.0,5,18444.0,922.2,17521.8
3982,2250,94,2,4450.0,0,8900.0,0.0,8900.0
3983,2251,26,3,1015.0,20,3045.0,609.0,2436.0
3984,2252,97,3,5738.0,0,17214.0,0.0,17214.0
3985,2253,21,1,8617.0,15,8617.0,1292.55,7324.45
3986,2253,9,1,51674.0,20,51674.0,10334.8,41339.2
3987,2254,34,4,7864.0,5,31456.0,1572.8,29883.2
3988,2254,9,3,51674.0,15,155022.0,23253.3,131768.7
3989,2255,33,3,9645.0,5,28935.0,1446.75,27488.25
3990,2256,68,4,8743.0,0,34972.0,0.0,34972.0
3991,2257,47,3,7097.0,0,21291.0,0.0,21291.0
3992,2257,3,1,8939.0,10,8939.0,893.9,8045.1
3993,2257,83,4,2485.0,0,9940.0,0.0,9940.0
3994,2258,59,4,4493.0,10,17972.0,1797.2,16174.8
3995,2259,68,4,8743.0,0,34972.0,0.0,34972.0
3996,2260,71,2,6080.0,5,12160.0,608.0,11552.0
3997,2260,94,4,4450.0,0,17800.0,0.0,17800.0
3998,2260,8,4,46151.0,0,184604.0,0.0,184604.0
3999,2261,40,2,8752.0,10,17504.0,1750.4,15753.6
4000,2262,90,4,1017.0,0,4068.0,0.0,4068.0
4001,2262,67,2,9082.0,0,18164.0,0.0,18164.0
4002,2262,45,3,3937.0,0,11811.0,0.0,11811.0
4003,2263,94,3,4450.0,0,13350.0,0.0,13350.0
4004,2264,57,2,7649.0,20,15298.0,3059.6,12238.4
4005,2265,16,4,28374.0,0,113496.0,0.0,113496.0
4006,2266,71,1,6080.0,10,6080.0,608.0,5472.0
4007,2266,70,4,7332.0,0,29328.0,0.0,29328.0
4008,2267,33,1,9645.0,5,9645.0,482.25,9162.75
4009,2268,24,1,2958.0,5,2958.0,147.9,2810.1
4010,2268,46,2,6027.0,0,12054.0,0.0,12054.0
4011,2269,4,1,12687.0,0,12687.0,0.0,12687.0
4012,2270,86,3,8140.0,5,24420.0,1221.0,23199.0
4013,2271,19,3,20608.0,0,61824.0,0.0,61824.0
4014,2272,66,3,2116.0,20,6348.0,1269.6,5078.4
4015,2272,88,3,7798.0,0,23394.0,0.0,23394.0
4016,2273,14,3,2689.0,20,8067.0,1613.4,6453.6
4017,2274,92,4,5380.0,15,21520.0,3228.0,18292.0
4018,2274,31,1,5370.0,5,5370.0,268.5,5101.5
4019,2274,87,4,2509.0,0,10036.0,0.0,10036.0
4020,2275,17,1,64036.0,20,64036.0,12807.2,51228.8
4021,2275,59,4,4493.0,10,17972.0,1797.2,16174.8
4022,2276,36,3,2955.0,20,8865.0,1773.0,7092.0
4023,2276,71,4,6080.0,15,24320.0,3648.0,20672.0
4024,2276,2,2,7163.0,10,14326.0,1432.6,12893.4
4025,2276,5,3,37543.0,10,112629.0,11262.9,101366.1
4026,2277,61,2,2121.0,0,4242.0,0.0,4242.0
4027,2277,28,3,7577.0,20,22731.0,4546.2,18184.8
4028,2277,90,4,1017.0,5,4068.0,203.4,3864.6
4029,2278,4,4,12687.0,10,50748.0,5074.8,45673.2
4030,2278,88,1,7798.0,5,7798.0,389.9,7408.1
4031,2279,13,1,55796.0,0,55796.0,0.0,55796.0
4032,2279,15,2,40783.0,20,81566.0,16313.2,65252.8
4033,2280,64,4,4206.0,20,16824.0,3364.8,13459.2
4034,2280,48,1,6795.0,15,6795.0,1019.25,5775.75
4035,2281,61,1,2121.0,20,2121.0,424.2,1696.8
4036,2282,36,2,2955.0,0,5910.0,0.0,5910.0
4037,2283,33,3,9645.0,10,28935.0,2893.5,26041.5
4038,2284,1,2,53878.0,0,107756.0,0.0,107756.0
4039,2285,55,2,5000.0,20,10000.0,2000.0,8000.0
4040,2285,23,4,6472.0,0,25888.0,0.0,25888.0
4041,2285,9,2,51674.0,0,103348.0,0.0,103348.0
4042,2286,23,4,6472.0,5,25888.0,1294.4,24593.6
4043,2286,81,3,4250.0,0,12750.0,0.0,12750.0
4044,2287,99,2,7459.0,5,14918.0,745.9,14172.1
4045,2288,11,2,49672.0,10,99344.0,9934.4,89409.6
4046,2289,28,4,7577.0,10,30308.0,3030.8,27277.2
4047,2289,65,2,7789.0,5,15578.0,778.9,14799.1
4048,2289,54,2,2554.0,10,5108.0,510.8,4597.2
4049,2290,24,2,2958.0,15,5916.0,887.4,5028.6
4050,2291,7,2,10982.0,0,21964.0,0.0,21964.0
4051,2291,51,3,3978.0,20,11934.0,2386.8,9547.2
4052,2291,16,2,28374.0,0,56748.0,0.0,56748.0
4053,2292,21,2,8617.0,0,17234.0,0.0,17234.0
4054,2293,14,3,2689.0,20,8067.0,1613.4,6453.6
4055,2293,65,1,7789.0,0,7789.0,0.0,7789.0
4056,2294,89,2,5107.0,0,10214.0,0.0,10214.0
4057,2295,22,2,5817.0,15,11634.0,1745.1,9888.9
4058,2295,69,3,2652.0,5,7956.0,397.8,7558.2
4059,2296,64,3,4206.0,10,12618.0,1261.8,11356.2
4060,2297,1,2,53878.0,15,107756.0,16163.4,91592.6
4061,2297,6,1,20009.0,20,20009.0,4001.8,16007.2
4062,2298,49,3,4162.0,0,12486.0,0.0,12486.0
4063,2299,85,3,3168.0,20,9504.0,1900.8,7603.2
4064,2300,86,4,8140.0,0,32560.0,0.0,32560.0
4065,2301,33,4,9645.0,5,38580.0,1929.0,36651.0
4066,2301,51,4,3978.0,15,15912.0,2386.8,13525.2
4067,2301,89,1,5107.0,0,5107.0,0.0,5107.0
4068,2302,12,2,17050.0,0,34100.0,0.0,34100.0
4069,2302,59,1,4493.0,0,4493.0,0.0,4493.0
4070,2303,33,4,9645.0,5,38580.0,1929.0,36651.0
4071,2303,94,2,4450.0,0,8900.0,0.0,8900.0
4072,2304,65,2,7789.0,10,15578.0,1557.8,14020.2
4073,2304,19,2,20608.0,0,41216.0,0.0,41216.0
4074,2305,26,4,1015.0,10,4060.0,406.0,3654.0
4075,2306,88,1,7798.0,10,7798.0,779.8,7018.2
4076,2307,37,1,2567.0,10,2567.0,256.7,2310.3
4077,2307,23,4,6472.0,5,25888.0,1294.4,24593.6
4078,2307,59,4,4493.0,0,17972.0,0.0,17972.0
4079,2308,58,4,1598.0,0,6392.0,0.0,6392.0
4080,2308,89,2,5107.0,15,10214.0,1532.1,8681.9
4081,2308,83,3,2485.0,0,7455.0,0.0,7455.0
4082,2309,99,1,7459.0,5,7459.0,372.95,7086.05
4083,2310,27,2,6268.0,15,12536.0,1880.4,10655.6
4084,2310,99,3,7459.0,0,22377.0,0.0,22377.0
4085,2311,42,1,2926.0,20,2926.0,585.2,2340.8
4086,2311,82,1,9833.0,20,9833.0,1966.6,7866.4
4087,2312,62,3,4193.0,20,12579.0,2515.8,10063.2
4088,2313,11,4,49672.0,5,198688.0,9934.4,188753.6
4089,2314,100,4,7504.0,10,30016.0,3001.6,27014.4
4090,2315,42,3,2926.0,15,8778.0,1316.7,7461.3
4091,2315,65,2,7789.0,10,15578.0,1557.8,14020.2
4092,2316,25,2,3012.0,5,6024.0,301.2,5722.8
4093,2317,47,1,7097.0,10,7097.0,709.7,6387.3
4094,2317,63,2,2296.0,0,4592.0,0.0,4592.0
4095,2318,4,2,12687.0,20,25374.0,5074.8,20299.2
4096,2318,45,4,3937.0,0,15748.0,0.0,15748.0
4097,2318,14,3,2689.0,20,8067.0,1613.4,6453.6
4098,2319,12,4,17050.0,5,68200.0,3410.0,64790.0
4099,2319,23,4,6472.0,20,25888.0,5177.6,20710.4
4100,2319,17,1,64036.0,5,64036.0,3201.8,60834.2
4101,2320,51,3,3978.0,5,11934.0,596.7,11337.3
4102,2320,93,4,9197.0,20,36788.0,7357.6,29430.4
4103,2321,36,1,2955.0,15,2955.0,443.25,2511.75
4104,2321,85,2,3168.0,15,6336.0,950.4,5385.6
4105,2322,61,4,2121.0,20,8484.0,1696.8,6787.2
4106,2322,67,3,9082.0,15,27246.0,4086.9,23159.1
4107,2323,1,3,53878.0,15,161634.0,24245.1,137388.9
4108,2323,44,4,7467.0,0,29868.0,0.0,29868.0
4109,2324,83,3,2485.0,5,7455.0,372.75,7082.25
4110,2324,65,1,7789.0,5,7789.0,389.45,7399.55
4111,2325,14,2,2689.0,0,5378.0,0.0,5378.0
4112,2325,77,4,1013.0,10,4052.0,405.2,3646.8
4113,2326,69,2,2652.0,0,5304.0,0.0,5304.0
4114,2327,36,3,2955.0,10,8865.0,886.5,7978.5
4115,2327,21,1,8617.0,0,8617.0,0.0,8617.0
4116,2328,47,1,7097.0,20,7097.0,1419.4,5677.6
4117,2329,15,1,40783.0,5,40783.0,2039.15,38743.85
4118,2329,41,3,4970.0,15,14910.0,2236.5,12673.5
4119,2329,63,3,2296.0,0,6888.0,0.0,6888.0
4120,2330,13,1,55796.0,20,55796.0,11159.2,44636.8
4121,2331,34,4,7864.0,10,31456.0,3145.6,28310.4
4122,2332,59,2,4493.0,0,8986.0,0.0,8986.0
4123,2332,8,2,46151.0,15,92302.0,13845.3,78456.7
4124,2333,28,3,7577.0,10,22731.0,2273.1,20457.9
4125,2333,1,3,53878.0,0,161634.0,0.0,161634.0
4126,2333,15,2,40783.0,5,81566.0,4078.3,77487.7
4127,2333,33,4,9645.0,20,38580.0,7716.0,30864.0
4128,2334,80,4,1406.0,0,5624.0,0.0,5624.0
4129,2335,83,2,2485.0,0,4970.0,0.0,4970.0
4130,2335,79,2,566.0,10,1132.0,113.2,1018.8
4131,2335,58,4,1598.0,0,6392.0,0.0,6392.0
4132,2336,20,3,39070.0,0,117210.0,0.0,117210.0
4133,2337,8,1,46151.0,10,46151.0,4615.1,41535.9
4134,2338,98,2,2339.0,20,4678.0,935.6,3742.4
4135,2338,38,3,1154.0,15,3462.0,519.3,2942.7
4136,2339,63,4,2296.0,5,9184.0,459.2,8724.8
4137,2339,15,4,40783.0,20,163132.0,32626.4,130505.6
4138,2340,66,3,2116.0,10,6348.0,634.8,5713.2
4139,2340,59,1,4493.0,20,4493.0,898.6,3594.4
4140,2340,72,3,9649.0,15,28947.0,4342.05,24604.95
4141,2340,95,4,3431.0,20,13724.0,2744.8,10979.2
4142,2341,64,3,4206.0,15,12618.0,1892.7,10725.3
4143,2342,52,4,5521.0,0,22084.0,0.0,22084.0
4144,2342,85,2,3168.0,0,6336.0,0.0,6336.0
4145,2343,39,4,6381.0,0,25524.0,0.0,25524.0
4146,2343,27,2,6268.0,10,12536.0,1253.6,11282.4
4147,2343,45,1,3937.0,0,3937.0,0.0,3937.0
4148,2344,93,1,9197.0,15,9197.0,1379.55,7817.45
4149,2344,43,2,7661.0,10,15322.0,1532.2,13789.8
4150,2344,30,1,9049.0,10,9049.0,904.9,8144.1
4151,2345,74,1,8876.0,0,8876.0,0.0,8876.0
4152,2346,87,3,2509.0,5,7527.0,376.35,7150.65
4153,2347,73,4,3368.0,5,13472.0,673.6,12798.4
4154,2347,90,3,1017.0,10,3051.0,305.1,2745.9
4155,2348,56,4,2573.0,5,10292.0,514.6,9777.4
4156,2348,14,3,2689.0,5,8067.0,403.35,7663.65
4157,2349,40,3,8752.0,0,26256.0,0.0,26256.0
4158,2349,34,2,7864.0,5,15728.0,786.4,14941.6
4159,2349,38,4,1154.0,10,4616.0,461.6,4154.4
4160,2350,52,1,5521.0,0,5521.0,0.0,5521.0
4161,2351,65,4,7789.0,5,31156.0,1557.8,29598.2
4162,2352,7,4,10982.0,15,43928.0,6589.2,37338.8
4163,2352,9,2,51674.0,5,103348.0,5167.4,98180.6
4164,2353,42,3,2926.0,0,8778.0,0.0,8778.0
4165,2353,13,4,55796.0,10,223184.0,22318.4,200865.6
4166,2354,82,3,9833.0,0,29499.0,0.0,29499.0
4167,2355,7,3,10982.0,5,32946.0,1647.3,31298.7
4168,2356,80,4,1406.0,5,5624.0,281.2,5342.8
4169,2357,44,2,7467.0,0,14934.0,0.0,14934.0
4170,2358,92,4,5380.0,0,21520.0,0.0,21520.0
4171,2358,61,2,2121.0,5,4242.0,212.1,4029.9
4172,2359,92,1,5380.0,20,5380.0,1076.0,4304.0
4173,2359,85,1,3168.0,10,3168.0,316.8,2851.2
4174,2359,57,1,7649.0,0,7649.0,0.0,7649.0
4175,2360,44,1,7467.0,15,7467.0,1120.05,6346.95
4176,2361,4,3,12687.0,0,38061.0,0.0,38061.0
4177,2362,88,4,7798.0,0,31192.0,0.0,31192.0
4178,2362,54,2,2554.0,0,5108.0,0.0,5108.0
4179,2362,10,3,11404.0,20,34212.0,6842.4,27369.6
4180,2363,36,2,2955.0,0,5910.0,0.0,5910.0
4181,2364,77,3,1013.0,20,3039.0,607.8,2431.2
4182,2364,58,1,1598.0,0,1598.0,0.0,1598.0
4183,2364,90,3,1017.0,20,3051.0,610.2,2440.8
4184,2364,84,1,6072.0,15,6072.0,910.8,5161.2
4185,2365,36,1,2955.0,15,2955.0,443.25,2511.75
4186,2365,20,4,39070.0,15,156280.0,23442.0,132838.0
4187,2366,45,4,3937.0,0,15748.0,0.0,15748.0
4188,2367,14,3,2689.0,0,8067.0,0.0,8067.0
4189,2367,47,3,7097.0,0,21291.0,0.0,21291.0
4190,2367,63,2,2296.0,5,4592.0,229.6,4362.4
4191,2368,52,3,5521.0,15,16563.0,2484.45,14078.55
4192,2369,88,3,7798.0,0,23394.0,0.0,23394.0
4193,2370,68,3,8743.0,10,26229.0,2622.9,23606.1
4194,2371,26,4,1015.0,5,4060.0,203.0,3857.0
4195,2371,87,1,2509.0,15,2509.0,376.35,2132.65
4196,2372,70,2,7332.0,15,14664.0,2199.6,12464.4
4197,2373,56,1,2573.0,5,2573.0,128.65,2444.35
4198,2374,2,1,7163.0,0,7163.0,0.0,7163.0
4199,2374,33,4,9645.0,0,38580.0,0.0,38580.0
4200,2375,28,3,7577.0,5,22731.0,1136.55,21594.45
4201,2376,45,1,3937.0,0,3937.0,0.0,3937.0
4202,2377,14,3,2689.0,15,8067.0,1210.05,6856.95
4203,2377,3,2,8939.0,5,17878.0,893.9,16984.1
4204,2377,51,3,3978.0,15,11934.0,1790.1,10143.9
4205,2377,19,1,20608.0,10,20608.0,2060.8,18547.2
4206,2378,10,3,11404.0,0,34212.0,0.0,34212.0
4207,2379,48,1,6795.0,15,6795.0,1019.25,5775.75
4208,2380,28,4,7577.0,10,30308.0,3030.8,27277.2
4209,2380,76,3,6697.0,15,20091.0,3013.65,17077.35
4210,2381,60,3,2749.0,15,8247.0,1237.05,7009.95
4211,2382,46,1,6027.0,20,6027.0,1205.4,4821.6
4212,2383,12,4,17050.0,20,68200.0,13640.0,54560.0
4213,2384,37,2,2567.0,0,5134.0,0.0,5134.0
4214,2385,1,2,53878.0,15,107756.0,16163.4,91592.6
4215,2386,23,4,6472.0,20,25888.0,5177.6,20710.4
4216,2387,49,3,4162.0,0,12486.0,0.0,12486.0
4217,2387,14,4,2689.0,0,10756.0,0.0,10756.0
4218,2388,81,2,4250.0,0,8500.0,0.0,8500.0
4219,2389,24,4,2958.0,0,11832.0,0.0,11832.0
4220,2389,94,3,4450.0,20,13350.0,2670.0,10680.0
4221,2389,86,4,8140.0,20,32560.0,6512.0,26048.0
4222,2389,72,3,9649.0,0,28947.0,0.0,28947.0
4223,2390,18,4,29993.0,5,119972.0,5998.6,113973.4
4224,2391,80,2,1406.0,0,2812.0,0.0,2812.0
4225,2391,60,4,2749.0,0,10996.0,0.0,10996.0
4226,2391,82,1,9833.0,10,9833.0,983.3,8849.7
4227,2392,15,2,40783.0,20,81566.0,16313.2,65252.8
4228,2393,82,1,9833.0,5,9833.0,491.65,9341.35
4229,2393,57,1,7649.0,15,7649.0,1147.35,6501.65
4230,2393,83,1,2485.0,10,2485.0,248.5,2236.5
4231,2393,81,2,4250.0,5,8500.0,425.0,8075.0
4232,2394,68,4,8743.0,5,34972.0,1748.6,33223.4
4233,2394,11,3,49672.0,15,149016.0,22352.4,126663.6
4234,2395,96,1,6148.0,10,6148.0,614.8,5533.2
4235,2396,45,2,3937.0,0,7874.0,0.0,7874.0
4236,2396,35,4,6556.0,20,26224.0,5244.8,20979.2
4237,2396,70,2,7332.0,0,14664.0,0.0,14664.0
4238,2397,63,1,2296.0,10,2296.0,229.6,2066.4
4239,2397,73,1,3368.0,0,3368.0,0.0,3368.0
4240,2398,24,2,2958.0,10,5916.0,591.6,5324.4
4241,2398,7,1,10982.0,0,10982.0,0.0,10982.0
4242,2398,39,4,6381.0,5,25524.0,1276.2,24247.8
4243,2399,8,4,46151.0,0,184604.0,0.0,184604.0
4244,2399,76,3,6697.0,10,20091.0,2009.1,18081.9
4245,2399,78,4,6416.0,15,25664.0,3849.6,21814.4
4246,2400,3,3,8939.0,0,26817.0,0.0,26817.0
4247,2401,97,4,5738.0,10,22952.0,2295.2,20656.8
4248,2401,32,4,3478.0,5,13912.0,695.6,13216.4
4249,2402,91,1,986.0,15,986.0,147.9,838.1
4250,2403,45,1,3937.0,10,3937.0,393.7,3543.3
4251,2403,42,2,2926.0,10,5852.0,585.2,5266.8
4252,2404,96,3,6148.0,15,18444.0,2766.6,15677.4
4253,2404,81,1,4250.0,5,4250.0,212.5,4037.5
4254,2405,69,1,2652.0,15,2652.0,397.8,2254.2
4255,2406,72,3,9649.0,15,28947.0,4342.05,24604.95
4256,2406,13,4,55796.0,0,223184.0,0.0,223184.0
4257,2407,80,2,1406.0,15,2812.0,421.8,2390.2
4258,2408,86,4,8140.0,10,32560.0,3256.0,29304.0
4259,2409,86,1,8140.0,0,8140.0,0.0,8140.0
4260,2410,50,4,1637.0,10,6548.0,654.8,5893.2
4261,2410,97,1,5738.0,0,5738.0,0.0,5738.0
4262,2410,65,2,7789.0,15,15578.0,2336.7,13241.3
4263,2410,67,4,9082.0,20,36328.0,7265.6,29062.4
4264,2411,40,1,8752.0,20,8752.0,1750.4,7001.6
4265,2412,94,1,4450.0,20,4450.0,890.0,3560.0
4266,2412,24,3,2958.0,20,8874.0,1774.8,7099.2
4267,2413,45,1,3937.0,0,3937.0,0.0,3937.0
4268,2414,23,4,6472.0,20,25888.0,5177.6,20710.4
4269,2414,81,1,4250.0,15,4250.0,637.5,3612.5
4270,2414,68,2,8743.0,0,17486.0,0.0,17486.0
4271,2415,10,4,11404.0,0,45616.0,0.0,45616.0
4272,2415,9,4,51674.0,10,206696.0,20669.6,186026.4
4273,2416,33,1,9645.0,0,9645.0,0.0,9645.0
4274,2416,4,1,12687.0,10,12687.0,1268.7,11418.3
4275,2417,58,2,1598.0,10,3196.0,319.6,2876.4
4276,2417,15,2,40783.0,15,81566.0,12234.9,69331.1
4277,2418,1,4,53878.0,15,215512.0,32326.8,183185.2
4278,2418,68,2,8743.0,0,17486.0,0.0,17486.0
4279,2419,10,4,11404.0,20,45616.0,9123.2,36492.8
4280,2420,77,4,1013.0,0,4052.0,0.0,4052.0
4281,2421,50,3,1637.0,0,4911.0,0.0,4911.0
4282,2422,65,3,7789.0,10,23367.0,2336.7,21030.3
4283,2423,10,4,11404.0,15,45616.0,6842.4,38773.6
4284,2423,98,2,2339.0,0,4678.0,0.0,4678.0
4285,2424,4,4,12687.0,0,50748.0,0.0,50748.0
4286,2425,31,4,5370.0,0,21480.0,0.0,21480.0
4287,2425,11,1,49672.0,0,49672.0,0.0,49672.0
4288,2425,4,2,12687.0,0,25374.0,0.0,25374.0
4289,2426,73,3,3368.0,20,10104.0,2020.8,8083.2
4290,2427,53,3,5793.0,10,17379.0,1737.9,15641.1
4291,2428,80,1,1406.0,5,1406.0,70.3,1335.7
4292,2428,100,2,7504.0,20,15008.0,3001.6,12006.4
4293,2429,21,4,8617.0,15,34468.0,5170.2,29297.8
4294,2430,91,2,986.0,15,1972.0,295.8,1676.2
4295,2430,78,3,6416.0,20,19248.0,3849.6,15398.4
4296,2431,20,3,39070.0,0,117210.0,0.0,117210.0
4297,2431,46,3,6027.0,5,18081.0,904.05,17176.95
4298,2431,94,2,4450.0,0,8900.0,0.0,8900.0
4299,2432,39,3,6381.0,0,19143.0,0.0,19143.0
4300,2432,73,3,3368.0,10,10104.0,1010.4,9093.6
4301,2432,9,1,51674.0,20,51674.0,10334.8,41339.2
4302,2432,25,1,3012.0,0,3012.0,0.0,3012.0
4303,2433,88,3,7798.0,0,23394.0,0.0,23394.0
4304,2433,87,2,2509.0,10,5018.0,501.8,4516.2
4305,2433,68,4,8743.0,0,34972.0,0.0,34972.0
4306,2434,1,4,53878.0,15,215512.0,32326.8,183185.2
4307,2435,35,1,6556.0,15,6556.0,983.4,5572.6
4308,2435,9,4,51674.0,10,206696.0,20669.6,186026.4
4309,2436,1,1,53878.0,0,53878.0,0.0,53878.0
4310,2436,19,2,20608.0,20,41216.0,8243.2,32972.8
4311,2437,72,3,9649.0,5,28947.0,1447.35,27499.65
4312,2437,20,4,39070.0,15,156280.0,23442.0,132838.0
4313,2437,35,3,6556.0,5,19668.0,983.4,18684.6
4314,2437,50,4,1637.0,10,6548.0,654.8,5893.2
4315,2438,65,3,7789.0,0,23367.0,0.0,23367.0
4316,2438,94,2,4450.0,10,8900.0,890.0,8010.0
4317,2439,5,4,37543.0,5,150172.0,7508.6,142663.4
4318,2439,91,1,986.0,0,986.0,0.0,986.0
4319,2440,69,2,2652.0,15,5304.0,795.6,4508.4
4320,2441,5,2,37543.0,10,75086.0,7508.6,67577.4
4321,2442,33,2,9645.0,0,19290.0,0.0,19290.0
4322,2442,52,3,5521.0,15,16563.0,2484.45,14078.55
4323,2443,70,3,7332.0,10,21996.0,2199.6,19796.4
4324,2443,18,2,29993.0,15,59986.0,8997.9,50988.1
4325,2443,59,2,4493.0,20,8986.0,1797.2,7188.8
4326,2444,24,1,2958.0,15,2958.0,443.7,2514.3
4327,2445,9,2,51674.0,20,103348.0,20669.6,82678.4
4328,2446,88,1,7798.0,5,7798.0,389.9,7408.1
4329,2447,74,3,8876.0,20,26628.0,5325.6,21302.4
4330,2447,67,2,9082.0,0,18164.0,0.0,18164.0
4331,2448,99,3,7459.0,0,22377.0,0.0,22377.0
4332,2449,67,3,9082.0,0,27246.0,0.0,27246.0
4333,2450,86,3,8140.0,15,24420.0,3663.0,20757.0
4334,2450,60,2,2749.0,15,5498.0,824.7,4673.3
4335,2451,33,4,9645.0,0,38580.0,0.0,38580.0
4336,2452,60,2,2749.0,5,5498.0,274.9,5223.1
4337,2452,97,3,5738.0,10,17214.0,1721.4,15492.6
4338,2452,9,4,51674.0,20,206696.0,41339.2,165356.8
4339,2453,47,2,7097.0,20,14194.0,2838.8,11355.2
4340,2454,50,3,1637.0,15,4911.0,736.65,4174.35
4341,2455,38,1,1154.0,20,1154.0,230.8,923.2
4342,2456,53,1,5793.0,10,5793.0,579.3,5213.7
4343,2457,98,1,2339.0,5,2339.0,116.95,2222.05
4344,2458,24,2,2958.0,0,5916.0,0.0,5916.0
4345,2459,86,1,8140.0,10,8140.0,814.0,7326.0
4346,2460,75,1,1408.0,20,1408.0,281.6,1126.4
4347,2460,20,3,39070.0,0,117210.0,0.0,117210.0
4348,2461,10,3,11404.0,5,34212.0,1710.6,32501.4
4349,2462,38,4,1154.0,20,4616.0,923.2,3692.8
4350,2462,91,1,986.0,20,986.0,197.2,788.8
4351,2463,44,2,7467.0,20,14934.0,2986.8,11947.2
4352,2463,100,4,7504.0,10,30016.0,3001.6,27014.4
4353,2464,55,2,5000.0,15,10000.0,1500.0,8500.0
4354,2465,33,2,9645.0,15,19290.0,2893.5,16396.5
4355,2465,60,4,2749.0,5,10996.0,549.8,10446.2
4356,2465,54,2,2554.0,0,5108.0,0.0,5108.0
4357,2466,99,1,7459.0,0,7459.0,0.0,7459.0
4358,2466,70,4,7332.0,20,29328.0,5865.6,23462.4
4359,2467,52,1,5521.0,15,5521.0,828.15,4692.85
4360,2468,53,4,5793.0,20,23172.0,4634.4,18537.6
4361,2468,81,2,4250.0,0,8500.0,0.0,8500.0
4362,2469,9,2,51674.0,10,103348.0,10334.8,93013.2
4363,2469,18,4,29993.0,10,119972.0,11997.2,107974.8
4364,2470,27,4,6268.0,10,25072.0,2507.2,22564.8
4365,2471,11,1,49672.0,0,49672.0,0.0,49672.0
4366,2472,19,3,20608.0,20,61824.0,12364.8,49459.2
4367,2473,30,2,9049.0,5,18098.0,904.9,17193.1
4368,2474,6,1,20009.0,0,20009.0,0.0,20009.0
4369,2475,74,2,8876.0,0,17752.0,0.0,17752.0
4370,2475,36,2,2955.0,5,5910.0,295.5,5614.5
4371,2476,39,1,6381.0,0,6381.0,0.0,6381.0
4372,2476,82,2,9833.0,20,19666.0,3933.2,15732.8
4373,2477,30,4,9049.0,15,36196.0,5429.4,30766.6
4374,2478,72,4,9649.0,10,38596.0,3859.6,34736.4
4375,2479,92,1,5380.0,0,5380.0,0.0,5380.0
4376,2480,98,4,2339.0,15,9356.0,1403.4,7952.6
4377,2481,93,2,9197.0,20,18394.0,3678.8,14715.2
4378,2482,3,4,8939.0,0,35756.0,0.0,35756.0
4379,2483,94,1,4450.0,15,4450.0,667.5,3782.5
4380,2484,92,2,5380.0,5,10760.0,538.0,10222.0
4381,2485,74,3,8876.0,10,26628.0,2662.8,23965.2
4382,2486,4,4,12687.0,5,50748.0,2537.4,48210.6
4383,2486,81,2,4250.0,10,8500.0,850.0,7650.0
4384,2486,23,1,6472.0,0,6472.0,0.0,6472.0
4385,2487,80,2,1406.0,10,2812.0,281.2,2530.8
4386,2487,69,2,2652.0,10,5304.0,530.4,4773.6
4387,2488,46,3,6027.0,20,18081.0,3616.2,14464.8
4388,2489,31,4,5370.0,15,21480.0,3222.0,18258.0
4389,2489,79,3,566.0,5,1698.0,84.9,1613.1
4390,2489,61,2,2121.0,20,4242.0,848.4,3393.6
4391,2490,13,4,55796.0,10,223184.0,22318.4,200865.6
4392,2491,76,3,6697.0,0,20091.0,0.0,20091.0
4393,2491,37,3,2567.0,15,7701.0,1155.15,6545.85
4394,2491,86,1,8140.0,0,8140.0,0.0,8140.0
4395,2492,17,3,64036.0,0,192108.0,0.0,192108.0
4396,2493,77,3,1013.0,5,3039.0,151.95,2887.05
4397,2493,82,1,9833.0,20,9833.0,1966.6,7866.4
4398,2493,5,2,37543.0,5,75086.0,3754.3,71331.7
4399,2493,89,3,5107.0,20,15321.0,3064.2,12256.8
4400,2494,50,4,1637.0,10,6548.0,654.8,5893.2
4401,2495,81,2,4250.0,15,8500.0,1275.0,7225.0
4402,2496,91,4,986.0,0,3944.0,0.0,3944.0
4403,2497,61,1,2121.0,5,2121.0,106.05,2014.95
4404,2497,80,3,1406.0,5,4218.0,210.9,4007.1
4405,2497,73,4,3368.0,20,13472.0,2694.4,10777.6
4406,2497,14,1,2689.0,5,2689.0,134.45,2554.55
4407,2498,94,3,4450.0,15,13350.0,2002.5,11347.5
4408,2498,98,2,2339.0,0,4678.0,0.0,4678.0
4409,2499,38,1,1154.0,5,1154.0,57.7,1096.3
4410,2500,23,4,6472.0,15,25888.0,3883.2,22004.8
4411,2500,64,4,4206.0,15,16824.0,2523.6,14300.4
