order_id,customer_id,order_date,order_status,sales_channel
1,355,2025-06-23 05:31:00,Delivered,Mobile App
2,41,2025-02-12 23:27:00,Delivered,Website
3,53,2025-10-07 09:20:00,Delivered,Mobile App
4,368,2025-06-06 14:38:00,Delivered,Mobile App
5,373,2025-06-29 14:02:00,Cancelled,Mobile App
6,328,2025-11-11 13:17:00,Returned,Website
7,208,2025-02-08 21:40:00,Delivered,Website
8,312,2025-01-16 04:54:00,Shipped,Mobile App
9,121,2025-01-18 04:04:00,Processing,Mobile App
10,17,2025-07-05 12:36:00,Delivered,Mobile App
11,391,2025-07-09 11:28:00,Delivered,Website
12,161,2025-09-29 11:25:00,Delivered,Website
13,96,2025-02-28 00:47:00,Delivered,Mobile App
14,397,2025-10-15 03:16:00,Delivered,Mobile App
15,356,2025-04-20 19:18:00,Cancelled,Mobile App
16,437,2025-04-13 03:08:00,Delivered,Website
17,350,2025-08-16 02:51:00,Returned,Mobile App
18,34,2025-12-08 11:45:00,Delivered,Mobile App
19,364,2025-06-03 05:45:00,Returned,Website
20,63,2025-07-05 16:14:00,Returned,Website
21,185,2025-05-02 15:01:00,Delivered,Mobile App
22,314,2025-08-28 17:08:00,Cancelled,Website
23,369,2025-06-08 12:45:00,Delivered,Mobile App
24,65,2025-07-29 18:04:00,Returned,Website
25,265,2025-08-19 14:43:00,Delivered,Website
26,467,2025-03-08 13:32:00,Cancelled,Website
27,85,2025-09-23 04:19:00,Delivered,Website
28,146,2025-06-27 16:57:00,Processing,Mobile App
29,141,2025-04-11 20:35:00,Delivered,Mobile App
30,258,2025-11-11 17:05:00,Delivered,Website
31,369,2025-03-29 21:39:00,Cancelled,Mobile App
32,443,2025-10-16 01:52:00,Delivered,Website
33,334,2025-11-25 18:16:00,Delivered,Mobile App
34,255,2025-11-13 20:01:00,Cancelled,Mobile App
35,126,2025-11-25 09:30:00,Processing,Mobile App
36,353,2025-06-02 14:04:00,Delivered,Mobile App
37,105,2025-08-01 15:29:00,Delivered,Website
38,376,2025-06-10 22:20:00,Returned,Mobile App
39,190,2025-07-24 04:48:00,Delivered,Website
40,63,2025-06-13 07:29:00,Delivered,Website
41,149,2025-03-14 03:03:00,Returned,Mobile App
42,168,2025-05-08 05:52:00,Returned,Mobile App
43,264,2025-04-08 05:31:00,Delivered,Mobile App
44,484,2025-09-12 00:05:00,Delivered,Mobile App
45,181,2025-05-04 06:37:00,Delivered,Mobile App
46,432,2025-09-11 19:56:00,Shipped,Mobile App
47,434,2025-05-27 17:00:00,Delivered,Website
48,392,2025-05-16 23:23:00,Delivered,Website
49,288,2025-07-25 01:36:00,Delivered,Mobile App
50,231,2025-02-07 12:32:00,Shipped,Mobile App
51,61,2025-11-16 21:39:00,Delivered,Website
52,174,2025-07-21 11:50:00,Delivered,Mobile App
53,261,2025-03-15 06:38:00,Delivered,Website
54,366,2025-01-24 01:08:00,Delivered,Mobile App
55,311,2025-09-23 14:09:00,Cancelled,Website
56,84,2025-06-17 19:20:00,Delivered,Mobile App
57,425,2025-10-31 10:32:00,Delivered,Mobile App
58,244,2025-12-29 18:19:00,Processing,Mobile App
59,214,2025-06-19 21:07:00,Delivered,Website
60,496,2025-11-02 15:16:00,Shipped,Website
61,88,2025-01-27 18:30:00,Delivered,Mobile App
62,17,2025-03-17 21:15:00,Delivered,Website
63,161,2025-04-08 00:28:00,Delivered,Mobile App
64,257,2025-12-20 06:26:00,Processing,Mobile App
65,266,2025-02-01 22:08:00,Delivered,Mobile App
66,193,2025-12-06 15:33:00,Delivered,Website
67,280,2025-08-24 17:21:00,Delivered,Mobile App
68,491,2025-11-09 15:12:00,Delivered,Mobile App
69,148,2025-04-26 09:49:00,Shipped,Mobile App
70,287,2025-06-12 15:22:00,Returned,Mobile App
71,347,2025-05-28 03:36:00,Delivered,Mobile App
72,22,2025-06-26 04:18:00,Delivered,Website
73,132,2025-06-27 14:41:00,Shipped,Website
74,478,2025-04-14 17:17:00,Delivered,Mobile App
75,380,2025-03-12 03:39:00,Delivered,Website
76,272,2025-01-26 21:57:00,Delivered,Website
77,170,2025-01-27 03:26:00,Shipped,Website
78,494,2025-12-15 04:00:00,Delivered,Website
79,451,2025-07-28 20:59:00,Cancelled,Mobile App
80,494,2025-11-30 06:48:00,Delivered,Mobile App
81,394,2025-11-27 01:58:00,Delivered,Website
82,436,2025-10-01 23:46:00,Returned,Website
83,471,2025-08-02 05:59:00,Delivered,Mobile App
84,384,2025-09-11 05:59:00,Returned,Mobile App
85,291,2025-01-20 00:19:00,Delivered,Mobile App
86,279,2025-05-26 14:41:00,Delivered,Website
87,99,2025-09-16 14:17:00,Processing,Mobile App
88,332,2025-03-25 23:29:00,Delivered,Website
89,405,2025-01-08 23:21:00,Delivered,Website
90,328,2025-03-31 19:54:00,Cancelled,Mobile App
91,206,2025-09-21 10:05:00,Shipped,Website
92,480,2025-03-13 15:20:00,Delivered,Mobile App
93,386,2025-07-16 07:28:00,Delivered,Mobile App
94,294,2025-06-04 18:46:00,Delivered,Mobile App
95,342,2025-12-21 07:03:00,Delivered,Mobile App
96,258,2025-03-23 12:43:00,Returned,Mobile App
97,470,2025-12-20 03:40:00,Returned,Mobile App
98,491,2025-11-11 07:14:00,Delivered,Website
99,192,2025-08-21 23:38:00,Delivered,Mobile App
100,112,2025-10-03 21:52:00,Shipped,Website
101,361,2025-09-27 14:33:00,Delivered,Website
102,259,2025-02-01 17:57:00,Delivered,Website
103,267,2025-03-26 10:54:00,Delivered,Website
104,461,2025-10-26 15:05:00,Delivered,Website
105,213,2025-08-21 04:32:00,Delivered,Website
106,414,2025-10-14 14:43:00,Delivered,Website
107,2,2025-07-22 08:52:00,Shipped,Website
108,359,2025-01-24 13:22:00,Delivered,Website
109,147,2025-02-05 15:02:00,Delivered,Website
110,494,2025-11-25 23:41:00,Delivered,Mobile App
111,42,2025-08-18 12:24:00,Shipped,Website
112,92,2025-12-01 11:07:00,Returned,Mobile App
113,115,2025-09-28 04:46:00,Processing,Website
114,369,2025-06-02 14:43:00,Delivered,Mobile App
115,178,2025-04-28 07:29:00,Delivered,Website
116,339,2025-02-27 01:51:00,Delivered,Website
117,52,2025-05-04 06:04:00,Delivered,Mobile App
118,447,2025-11-03 21:45:00,Delivered,Website
119,277,2025-07-25 14:14:00,Delivered,Website
120,120,2025-03-13 16:18:00,Processing,Mobile App
121,345,2025-10-23 19:49:00,Processing,Website
122,267,2025-06-04 04:42:00,Delivered,Mobile App
123,486,2025-05-21 01:35:00,Delivered,Website
124,285,2025-11-17 21:27:00,Delivered,Mobile App
125,403,2025-11-26 21:24:00,Delivered,Mobile App
126,193,2025-07-29 04:19:00,Delivered,Mobile App
127,440,2025-05-04 07:19:00,Shipped,Mobile App
128,496,2025-01-30 17:26:00,Delivered,Website
129,105,2025-07-18 07:16:00,Delivered,Website
130,275,2025-08-19 11:05:00,Shipped,Website
131,345,2025-01-27 08:24:00,Delivered,Website
132,390,2025-02-07 06:51:00,Delivered,Website
133,465,2025-09-03 06:55:00,Delivered,Website
134,61,2025-04-19 06:47:00,Shipped,Mobile App
135,361,2025-05-05 22:38:00,Delivered,Website
136,145,2025-10-10 10:49:00,Delivered,Mobile App
137,263,2025-06-07 08:23:00,Cancelled,Mobile App
138,390,2025-02-20 23:30:00,Processing,Website
139,24,2025-07-09 10:26:00,Delivered,Website
140,284,2025-03-16 00:16:00,Returned,Mobile App
141,169,2025-06-01 04:12:00,Delivered,Website
142,484,2025-09-13 17:41:00,Shipped,Mobile App
143,379,2025-09-08 23:41:00,Delivered,Website
144,369,2025-06-30 05:08:00,Delivered,Website
145,269,2025-10-05 20:03:00,Delivered,Website
146,4,2025-12-09 01:48:00,Delivered,Website
147,5,2025-02-04 22:09:00,Delivered,Mobile App
148,327,2025-07-11 01:39:00,Shipped,Mobile App
149,4,2025-12-04 15:01:00,Delivered,Mobile App
150,370,2025-01-07 00:33:00,Delivered,Mobile App
151,358,2025-01-09 16:52:00,Shipped,Website
152,77,2025-02-24 03:33:00,Delivered,Mobile App
153,204,2025-07-01 08:50:00,Delivered,Mobile App
154,357,2025-08-24 18:15:00,Delivered,Website
155,17,2025-12-01 20:48:00,Delivered,Mobile App
156,29,2025-07-13 17:30:00,Delivered,Website
157,223,2025-02-12 15:54:00,Delivered,Mobile App
158,271,2025-10-17 03:57:00,Cancelled,Website
159,291,2025-04-19 22:56:00,Delivered,Website
160,144,2025-02-08 21:59:00,Cancelled,Website
161,493,2025-04-02 10:01:00,Delivered,Website
162,40,2025-12-31 12:59:00,Delivered,Website
163,460,2025-10-18 12:43:00,Delivered,Mobile App
164,41,2025-03-13 22:46:00,Delivered,Mobile App
165,119,2025-01-28 03:27:00,Processing,Mobile App
166,204,2025-11-06 19:38:00,Returned,Mobile App
167,402,2025-01-16 20:17:00,Returned,Mobile App
168,482,2025-04-27 11:35:00,Delivered,Website
169,195,2025-12-15 18:42:00,Delivered,Mobile App
170,43,2025-05-07 22:04:00,Delivered,Mobile App
171,379,2025-12-31 20:09:00,Delivered,Mobile App
172,483,2025-02-24 02:00:00,Delivered,Mobile App
173,45,2025-05-19 03:08:00,Delivered,Mobile App
174,209,2025-10-13 17:32:00,Delivered,Website
175,306,2025-07-01 17:05:00,Delivered,Mobile App
176,212,2025-07-17 00:18:00,Delivered,Website
177,267,2025-10-14 07:36:00,Delivered,Mobile App
178,155,2025-03-28 04:17:00,Delivered,Website
179,142,2025-02-02 05:27:00,Delivered,Mobile App
180,484,2025-02-09 11:16:00,Delivered,Mobile App
181,235,2025-11-01 19:12:00,Delivered,Mobile App
182,431,2025-01-04 12:21:00,Delivered,Mobile App
183,418,2025-08-14 10:27:00,Processing,Website
184,486,2025-06-03 10:38:00,Shipped,Mobile App
185,496,2025-06-10 05:25:00,Delivered,Mobile App
186,193,2025-10-22 07:20:00,Delivered,Mobile App
187,289,2025-07-06 03:59:00,Delivered,Website
188,488,2025-12-16 17:01:00,Shipped,Website
189,355,2025-08-13 09:53:00,Delivered,Mobile App
190,325,2025-12-11 15:08:00,Delivered,Mobile App
191,217,2025-12-04 04:45:00,Processing,Website
192,299,2025-08-18 19:30:00,Delivered,Mobile App
193,496,2025-10-06 01:50:00,Delivered,Website
194,341,2025-02-25 07:42:00,Delivered,Website
195,332,2025-10-16 20:43:00,Delivered,Mobile App
196,51,2025-08-09 03:00:00,Delivered,Website
197,238,2025-08-17 11:25:00,Processing,Website
198,54,2025-06-26 00:30:00,Delivered,Website
199,179,2025-03-01 23:09:00,Delivered,Mobile App
200,179,2025-04-16 16:30:00,Delivered,Mobile App
201,35,2025-12-23 14:20:00,Delivered,Website
202,56,2025-01-12 10:41:00,Shipped,Website
203,283,2025-05-05 16:11:00,Delivered,Mobile App
204,208,2025-08-25 07:51:00,Delivered,Website
205,203,2025-11-24 21:27:00,Delivered,Website
206,200,2025-08-19 18:27:00,Delivered,Website
207,361,2025-04-16 08:48:00,Processing,Website
208,447,2025-10-23 03:51:00,Delivered,Mobile App
209,59,2025-06-16 06:29:00,Delivered,Mobile App
210,306,2025-09-28 20:20:00,Delivered,Mobile App
211,181,2025-10-28 03:22:00,Processing,Website
212,153,2025-12-11 22:51:00,Cancelled,Website
213,61,2025-12-11 04:20:00,Delivered,Website
214,73,2025-04-04 11:44:00,Delivered,Mobile App
215,197,2025-11-02 04:36:00,Delivered,Mobile App
216,471,2025-11-22 17:44:00,Delivered,Website
217,148,2025-10-12 05:31:00,Delivered,Mobile App
218,444,2025-08-19 19:03:00,Delivered,Website
219,418,2025-09-06 04:12:00,Delivered,Mobile App
220,213,2025-07-29 21:31:00,Shipped,Mobile App
221,290,2025-09-08 05:05:00,Delivered,Website
222,116,2025-05-30 01:17:00,Delivered,Website
223,396,2025-08-23 18:47:00,Shipped,Website
224,397,2025-10-21 03:17:00,Delivered,Mobile App
225,369,2025-10-05 01:48:00,Delivered,Website
226,425,2025-08-06 03:47:00,Shipped,Website
227,135,2025-06-02 01:28:00,Delivered,Website
228,416,2025-08-13 03:49:00,Delivered,Mobile App
229,220,2025-12-30 19:40:00,Delivered,Website
230,31,2025-04-16 06:51:00,Delivered,Mobile App
231,166,2025-11-02 17:10:00,Returned,Mobile App
232,488,2025-05-29 18:17:00,Cancelled,Website
233,31,2025-03-11 13:58:00,Returned,Website
234,75,2025-12-26 04:15:00,Shipped,Website
235,73,2025-12-13 12:31:00,Delivered,Mobile App
236,232,2025-11-18 13:24:00,Delivered,Website
237,143,2025-07-26 16:47:00,Shipped,Mobile App
238,298,2025-08-21 15:20:00,Delivered,Website
239,358,2025-08-23 20:42:00,Delivered,Website
240,496,2025-10-01 12:13:00,Delivered,Website
241,425,2025-09-11 08:20:00,Delivered,Website
242,176,2025-10-17 15:50:00,Cancelled,Website
243,402,2025-01-24 03:40:00,Processing,Website
244,234,2025-03-05 05:28:00,Delivered,Mobile App
245,68,2025-04-14 22:58:00,Cancelled,Mobile App
246,336,2025-03-23 08:05:00,Delivered,Website
247,333,2025-07-10 21:57:00,Delivered,Mobile App
248,359,2025-11-17 09:46:00,Shipped,Mobile App
249,49,2025-12-02 02:45:00,Delivered,Mobile App
250,116,2025-02-09 04:37:00,Delivered,Mobile App
251,176,2025-01-05 00:44:00,Processing,Mobile App
252,37,2025-12-22 04:30:00,Delivered,Website
253,189,2025-02-22 03:20:00,Cancelled,Website
254,347,2025-07-15 04:41:00,Delivered,Website
255,226,2025-11-09 20:10:00,Delivered,Website
256,471,2025-11-18 23:09:00,Delivered,Mobile App
257,52,2025-04-22 02:57:00,Delivered,Website
258,180,2025-10-29 23:24:00,Returned,Mobile App
259,331,2025-03-13 07:17:00,Delivered,Mobile App
260,434,2025-12-20 00:54:00,Shipped,Mobile App
261,261,2025-04-16 16:38:00,Delivered,Mobile App
262,402,2025-06-01 20:03:00,Cancelled,Website
263,124,2025-09-11 12:07:00,Delivered,Website
264,479,2025-09-28 00:23:00,Delivered,Mobile App
265,280,2025-10-19 13:23:00,Shipped,Mobile App
266,35,2025-02-07 00:37:00,Delivered,Website
267,204,2025-01-21 01:50:00,Delivered,Mobile App
268,43,2025-08-05 22:25:00,Delivered,Website
269,41,2025-05-23 02:19:00,Delivered,Website
270,201,2025-03-21 17:20:00,Delivered,Website
271,374,2025-06-08 22:27:00,Returned,Website
272,474,2025-01-30 07:05:00,Delivered,Mobile App
273,159,2025-11-10 19:03:00,Shipped,Website
274,71,2025-03-03 00:45:00,Shipped,Website
275,265,2025-09-12 11:33:00,Processing,Mobile App
276,384,2025-03-27 11:08:00,Processing,Mobile App
277,414,2025-03-02 00:21:00,Delivered,Website
278,322,2025-05-15 22:36:00,Delivered,Mobile App
279,256,2025-09-19 11:03:00,Cancelled,Website
280,396,2025-07-08 05:16:00,Delivered,Website
281,2,2025-04-27 23:32:00,Delivered,Website
282,187,2025-05-06 01:30:00,Delivered,Website
283,412,2025-04-02 01:35:00,Cancelled,Mobile App
284,214,2025-04-25 10:15:00,Cancelled,Mobile App
285,191,2025-05-19 02:36:00,Delivered,Website
286,265,2025-04-02 07:51:00,Returned,Mobile App
287,145,2025-02-05 14:55:00,Processing,Mobile App
288,234,2025-06-17 02:35:00,Delivered,Website
289,156,2025-05-30 18:50:00,Shipped,Website
290,498,2025-08-26 11:37:00,Delivered,Website
291,4,2025-10-07 07:09:00,Returned,Website
292,326,2025-04-30 17:22:00,Processing,Website
293,337,2025-06-21 00:48:00,Delivered,Mobile App
294,122,2025-02-23 06:33:00,Delivered,Website
295,48,2025-03-14 22:17:00,Delivered,Website
296,459,2025-09-24 13:44:00,Delivered,Website
297,69,2025-10-25 03:32:00,Delivered,Mobile App
298,32,2025-02-08 18:36:00,Delivered,Website
299,436,2025-05-02 09:16:00,Delivered,Mobile App
300,163,2025-12-25 23:20:00,Delivered,Website
301,400,2025-02-08 06:08:00,Processing,Website
302,231,2025-03-21 03:10:00,Delivered,Mobile App
303,494,2025-03-03 17:22:00,Processing,Mobile App
304,437,2025-06-07 14:16:00,Delivered,Website
305,361,2025-12-18 09:52:00,Shipped,Website
306,47,2025-04-21 10:09:00,Shipped,Mobile App
307,347,2025-07-22 16:03:00,Delivered,Website
308,232,2025-01-16 12:54:00,Delivered,Website
309,412,2025-02-18 14:06:00,Processing,Website
310,400,2025-01-07 01:53:00,Returned,Website
311,352,2025-04-12 12:23:00,Delivered,Website
312,470,2025-10-26 18:16:00,Processing,Website
313,331,2025-02-03 06:57:00,Delivered,Website
314,22,2025-02-17 10:07:00,Returned,Website
315,421,2025-03-28 18:27:00,Shipped,Mobile App
316,219,2025-01-16 12:43:00,Delivered,Website
317,229,2025-04-06 08:17:00,Cancelled,Website
318,126,2025-11-11 19:39:00,Delivered,Mobile App
319,32,2025-07-30 17:30:00,Delivered,Mobile App
320,330,2025-03-12 13:12:00,Cancelled,Website
321,10,2025-11-19 17:50:00,Returned,Mobile App
322,249,2025-09-03 17:50:00,Delivered,Mobile App
323,14,2025-07-18 08:11:00,Delivered,Website
324,415,2025-01-16 08:03:00,Returned,Mobile App
325,52,2025-10-27 07:10:00,Delivered,Website
326,406,2025-05-17 17:52:00,Cancelled,Website
327,409,2025-04-23 18:54:00,Delivered,Website
328,163,2025-04-01 07:37:00,Processing,Mobile App
329,359,2025-10-30 00:45:00,Delivered,Website
330,415,2025-10-16 06:53:00,Cancelled,Mobile App
331,252,2025-10-05 09:11:00,Delivered,Website
332,11,2025-04-30 19:14:00,Delivered,Website
333,413,2025-06-19 19:12:00,Delivered,Website
334,76,2025-06-15 01:01:00,Delivered,Website
335,187,2025-02-26 16:55:00,Returned,Mobile App
336,301,2025-12-27 21:25:00,Delivered,Mobile App
337,375,2025-06-15 04:10:00,Returned,Mobile App
338,363,2025-11-29 10:11:00,Returned,Mobile App
339,418,2025-04-25 21:37:00,Delivered,Mobile App
340,91,2025-12-19 09:08:00,Shipped,Mobile App
341,309,2025-10-18 01:11:00,Delivered,Website
342,480,2025-11-24 18:06:00,Delivered,Mobile App
343,164,2025-02-09 07:22:00,Delivered,Website
344,374,2025-12-29 21:40:00,Cancelled,Mobile App
345,128,2025-01-06 08:13:00,Shipped,Mobile App
346,1,2025-05-12 03:46:00,Delivered,Mobile App
347,212,2025-08-03 05:56:00,Delivered,Mobile App
348,52,2025-06-29 17:24:00,Processing,Website
349,410,2025-03-25 14:04:00,Processing,Mobile App
350,488,2025-01-11 10:16:00,Delivered,Mobile App
351,375,2025-03-29 12:10:00,Delivered,Website
352,458,2025-06-23 19:39:00,Delivered,Website
353,311,2025-08-09 20:10:00,Cancelled,Website
354,106,2025-01-28 03:21:00,Returned,Mobile App
355,474,2025-12-23 17:46:00,Shipped,Mobile App
356,122,2025-12-05 09:19:00,Delivered,Mobile App
357,252,2025-10-20 17:53:00,Delivered,Mobile App
358,151,2025-01-02 13:05:00,Processing,Mobile App
359,106,2025-04-13 03:01:00,Delivered,Mobile App
360,60,2025-02-11 15:54:00,Delivered,Mobile App
361,339,2025-08-30 15:57:00,Delivered,Mobile App
362,196,2025-04-05 11:56:00,Delivered,Mobile App
363,239,2025-01-23 08:28:00,Delivered,Mobile App
364,386,2025-10-16 01:09:00,Shipped,Website
365,414,2025-02-13 21:22:00,Delivered,Website
366,199,2025-10-11 01:53:00,Processing,Mobile App
367,480,2025-10-02 21:55:00,Delivered,Website
368,203,2025-09-01 09:05:00,Cancelled,Website
369,265,2025-09-15 18:57:00,Processing,Website
370,486,2025-03-03 14:11:00,Returned,Website
371,217,2025-04-09 04:02:00,Delivered,Mobile App
372,428,2025-04-14 20:09:00,Delivered,Mobile App
373,285,2025-02-04 02:24:00,Delivered,Mobile App
374,470,2025-05-22 16:29:00,Cancelled,Mobile App
375,76,2025-02-27 13:09:00,Delivered,Website
376,52,2025-02-24 18:49:00,Processing,Mobile App
377,336,2025-07-30 08:24:00,Delivered,Mobile App
378,207,2025-01-20 05:17:00,Delivered,Mobile App
379,451,2025-01-20 12:56:00,Delivered,Website
380,472,2025-01-26 23:30:00,Delivered,Mobile App
381,407,2025-01-11 10:52:00,Delivered,Mobile App
382,51,2025-09-09 22:43:00,Returned,Website
383,227,2025-03-10 09:47:00,Processing,Mobile App
384,310,2025-05-18 23:26:00,Delivered,Website
385,422,2025-08-15 06:58:00,Delivered,Mobile App
386,29,2025-09-22 11:52:00,Delivered,Website
387,260,2025-02-03 09:45:00,Delivered,Website
388,427,2025-03-30 06:56:00,Delivered,Website
389,26,2025-05-08 01:29:00,Cancelled,Website
390,238,2025-05-21 11:52:00,Delivered,Website
391,191,2025-12-15 00:15:00,Delivered,Mobile App
392,283,2025-04-01 15:37:00,Delivered,Website
393,353,2025-05-13 23:53:00,Delivered,Website
394,438,2025-07-17 01:10:00,Delivered,Website
395,347,2025-04-24 20:14:00,Delivered,Mobile App
396,400,2025-09-20 00:55:00,Returned,Website
397,89,2025-08-31 04:41:00,Delivered,Website
398,413,2025-04-25 08:38:00,Returned,Mobile App
399,179,2025-08-05 12:54:00,Delivered,Website
400,267,2025-08-27 09:43:00,Processing,Mobile App
401,262,2025-10-27 03:00:00,Returned,Mobile App
402,312,2025-10-15 20:38:00,Delivered,Website
403,142,2025-09-04 02:21:00,Delivered,Mobile App
404,488,2025-05-14 20:45:00,Cancelled,Mobile App
405,392,2025-04-07 04:33:00,Delivered,Website
406,164,2025-11-04 12:42:00,Shipped,Website
407,133,2025-12-02 15:18:00,Cancelled,Mobile App
408,299,2025-07-18 23:02:00,Shipped,Website
409,114,2025-06-25 23:45:00,Shipped,Mobile App
410,154,2025-12-10 11:32:00,Processing,Website
411,66,2025-05-31 03:30:00,Shipped,Website
412,46,2025-12-15 10:41:00,Delivered,Website
413,455,2025-06-07 13:50:00,Delivered,Mobile App
414,436,2025-10-27 09:29:00,Delivered,Website
415,484,2025-11-21 18:37:00,Delivered,Mobile App
416,445,2025-04-10 16:07:00,Shipped,Mobile App
417,438,2025-07-31 01:55:00,Delivered,Website
418,458,2025-06-25 13:36:00,Cancelled,Mobile App
419,367,2025-03-15 10:55:00,Delivered,Website
420,91,2025-09-07 10:40:00,Delivered,Website
421,108,2025-01-03 14:17:00,Shipped,Website
422,403,2025-10-23 05:31:00,Shipped,Website
423,325,2025-03-08 19:27:00,Delivered,Mobile App
424,20,2025-09-02 12:00:00,Delivered,Mobile App
425,427,2025-01-08 10:48:00,Delivered,Website
426,376,2025-12-13 00:40:00,Delivered,Mobile App
427,197,2025-06-09 04:06:00,Delivered,Mobile App
428,24,2025-03-27 02:52:00,Delivered,Mobile App
429,306,2025-08-22 23:33:00,Delivered,Mobile App
430,462,2025-12-18 04:21:00,Delivered,Website
431,117,2025-03-26 12:01:00,Delivered,Website
432,302,2025-04-19 23:01:00,Delivered,Website
433,406,2025-07-07 22:41:00,Delivered,Mobile App
434,305,2025-10-01 19:03:00,Returned,Website
435,354,2025-12-01 00:03:00,Delivered,Mobile App
436,130,2025-07-14 03:35:00,Delivered,Website
437,323,2025-04-16 22:43:00,Delivered,Mobile App
438,267,2025-12-05 03:42:00,Delivered,Website
439,369,2025-08-03 03:32:00,Delivered,Mobile App
440,102,2025-02-28 03:31:00,Delivered,Mobile App
441,361,2025-09-25 06:22:00,Delivered,Website
442,467,2025-01-21 17:31:00,Delivered,Mobile App
443,7,2025-06-19 07:00:00,Shipped,Website
444,77,2025-10-21 21:31:00,Returned,Website
445,119,2025-02-21 08:41:00,Delivered,Mobile App
446,52,2025-05-16 14:03:00,Processing,Website
447,347,2025-05-29 11:51:00,Delivered,Website
448,437,2025-02-18 01:00:00,Delivered,Website
449,225,2025-06-18 11:57:00,Returned,Mobile App
450,176,2025-02-17 11:52:00,Delivered,Mobile App
451,428,2025-07-24 14:17:00,Delivered,Mobile App
452,409,2025-08-04 20:56:00,Delivered,Website
453,483,2025-12-23 23:03:00,Processing,Website
454,411,2025-08-02 18:30:00,Delivered,Mobile App
455,399,2025-04-03 19:24:00,Delivered,Website
456,67,2025-12-17 23:57:00,Delivered,Mobile App
457,24,2025-02-27 13:28:00,Delivered,Mobile App
458,348,2025-01-07 22:55:00,Delivered,Website
459,268,2025-12-09 10:33:00,Shipped,Website
460,128,2025-08-10 21:46:00,Delivered,Mobile App
461,314,2025-03-18 17:57:00,Delivered,Website
462,254,2025-09-16 15:54:00,Cancelled,Website
463,170,2025-09-09 10:15:00,Returned,Website
464,330,2025-09-17 07:35:00,Delivered,Website
465,411,2025-02-10 14:28:00,Delivered,Website
466,61,2025-09-13 14:20:00,Returned,Website
467,19,2025-02-22 12:26:00,Delivered,Website
468,327,2025-02-16 19:39:00,Delivered,Website
469,487,2025-12-02 21:29:00,Delivered,Website
470,287,2025-04-25 14:21:00,Shipped,Mobile App
471,232,2025-12-03 11:45:00,Delivered,Website
472,425,2025-01-02 10:22:00,Delivered,Mobile App
473,360,2025-10-08 16:23:00,Delivered,Website
474,368,2025-09-10 04:52:00,Shipped,Mobile App
475,101,2025-02-24 08:39:00,Delivered,Mobile App
476,401,2025-04-21 14:52:00,Delivered,Mobile App
477,475,2025-02-25 13:02:00,Delivered,Website
478,302,2025-08-19 14:42:00,Returned,Website
479,377,2025-09-13 00:33:00,Delivered,Mobile App
480,261,2025-10-27 15:59:00,Processing,Website
481,375,2025-12-21 18:11:00,Processing,Website
482,311,2025-07-18 21:38:00,Cancelled,Mobile App
483,355,2025-08-03 19:58:00,Shipped,Mobile App
484,232,2025-07-23 10:18:00,Processing,Website
485,454,2025-07-31 19:44:00,Shipped,Mobile App
486,161,2025-12-26 17:55:00,Shipped,Website
487,366,2025-04-13 06:39:00,Delivered,Mobile App
488,333,2025-12-11 04:45:00,Returned,Website
489,327,2025-09-15 17:44:00,Delivered,Website
490,299,2025-06-30 17:30:00,Delivered,Mobile App
491,431,2025-12-12 23:57:00,Delivered,Mobile App
492,13,2025-01-07 16:06:00,Delivered,Website
493,137,2025-12-10 01:12:00,Shipped,Website
494,75,2025-05-27 21:16:00,Processing,Mobile App
495,184,2025-04-15 17:02:00,Processing,Website
496,288,2025-11-12 21:47:00,Cancelled,Mobile App
497,408,2025-05-02 16:50:00,Processing,Mobile App
498,475,2025-12-21 21:03:00,Delivered,Mobile App
499,28,2025-12-17 10:35:00,Delivered,Mobile App
500,400,2025-04-14 19:55:00,Cancelled,Mobile App
501,364,2025-04-26 20:45:00,Delivered,Website
502,91,2025-04-10 09:28:00,Returned,Website
503,264,2025-04-06 05:47:00,Delivered,Website
504,136,2025-08-08 08:35:00,Delivered,Mobile App
505,364,2025-01-03 10:29:00,Returned,Website
506,27,2025-03-20 10:38:00,Processing,Mobile App
507,184,2025-09-09 18:35:00,Delivered,Mobile App
508,267,2025-09-27 07:11:00,Delivered,Website
509,207,2025-08-01 17:34:00,Delivered,Website
510,170,2025-04-20 21:21:00,Delivered,Website
511,288,2025-11-13 16:30:00,Processing,Website
512,229,2025-02-28 21:22:00,Delivered,Website
513,165,2025-01-21 21:56:00,Delivered,Website
514,371,2025-07-17 08:34:00,Delivered,Mobile App
515,250,2025-09-21 16:28:00,Delivered,Website
516,486,2025-06-14 16:05:00,Delivered,Website
517,344,2025-11-17 02:13:00,Delivered,Website
518,54,2025-12-17 13:53:00,Delivered,Mobile App
519,352,2025-11-28 02:47:00,Delivered,Mobile App
520,38,2025-06-19 01:05:00,Delivered,Mobile App
521,421,2025-10-13 02:36:00,Delivered,Mobile App
522,323,2025-07-28 12:28:00,Delivered,Mobile App
523,61,2025-01-09 12:43:00,Delivered,Website
524,435,2025-10-27 01:44:00,Delivered,Website
525,311,2025-05-29 21:19:00,Delivered,Mobile App
526,339,2025-07-15 12:52:00,Delivered,Website
527,383,2025-10-01 07:08:00,Delivered,Mobile App
528,347,2025-11-21 04:19:00,Cancelled,Mobile App
529,285,2025-01-06 17:55:00,Delivered,Website
530,202,2025-01-03 18:38:00,Delivered,Website
531,380,2025-06-06 06:47:00,Cancelled,Mobile App
532,331,2025-04-19 13:57:00,Cancelled,Website
533,316,2025-03-24 05:14:00,Processing,Website
534,410,2025-02-28 05:42:00,Delivered,Website
535,282,2025-10-09 14:41:00,Delivered,Website
536,372,2025-05-09 03:12:00,Delivered,Mobile App
537,336,2025-07-02 04:42:00,Delivered,Mobile App
538,100,2025-11-14 02:57:00,Delivered,Mobile App
539,157,2025-06-18 19:42:00,Shipped,Website
540,414,2025-10-17 18:23:00,Delivered,Mobile App
541,127,2025-03-28 00:20:00,Processing,Mobile App
542,348,2025-05-22 11:08:00,Shipped,Mobile App
543,397,2025-08-25 14:22:00,Delivered,Website
544,42,2025-03-31 20:38:00,Processing,Website
545,376,2025-10-03 06:16:00,Cancelled,Website
546,260,2025-02-08 00:54:00,Delivered,Mobile App
547,19,2025-10-30 06:58:00,Delivered,Mobile App
548,201,2025-12-01 04:23:00,Delivered,Mobile App
549,262,2025-03-10 14:32:00,Delivered,Mobile App
550,123,2025-09-15 00:42:00,Processing,Website
551,82,2025-09-21 04:28:00,Delivered,Website
552,113,2025-09-05 11:02:00,Shipped,Website
553,120,2025-02-02 08:23:00,Delivered,Website
554,241,2025-09-23 11:24:00,Cancelled,Website
555,53,2025-01-21 20:20:00,Shipped,Mobile App
556,292,2025-05-15 18:34:00,Delivered,Mobile App
557,460,2025-07-07 18:41:00,Processing,Mobile App
558,208,2025-07-12 07:33:00,Delivered,Mobile App
559,310,2025-09-07 15:56:00,Delivered,Website
560,40,2025-08-14 05:14:00,Delivered,Mobile App
561,81,2025-04-19 04:11:00,Delivered,Website
562,416,2025-12-05 07:26:00,Delivered,Website
563,246,2025-09-04 21:30:00,Delivered,Website
564,125,2025-11-28 13:01:00,Delivered,Website
565,21,2025-03-10 20:32:00,Cancelled,Website
566,473,2025-01-29 05:16:00,Delivered,Mobile App
567,10,2025-11-03 18:40:00,Cancelled,Mobile App
568,311,2025-02-13 06:28:00,Returned,Mobile App
569,211,2025-03-29 07:53:00,Delivered,Website
570,136,2025-11-16 21:32:00,Delivered,Mobile App
571,36,2025-08-21 19:37:00,Delivered,Mobile App
572,104,2025-03-09 03:01:00,Delivered,Mobile App
573,91,2025-03-18 19:06:00,Delivered,Website
574,61,2025-09-30 16:48:00,Delivered,Website
575,1,2025-11-05 17:52:00,Cancelled,Mobile App
576,448,2025-09-25 13:23:00,Delivered,Mobile App
577,394,2025-04-28 15:50:00,Delivered,Website
578,245,2025-08-06 04:16:00,Shipped,Website
579,279,2025-05-26 19:56:00,Delivered,Website
580,405,2025-01-03 22:47:00,Delivered,Website
581,336,2025-09-24 00:24:00,Delivered,Mobile App
582,80,2025-07-29 11:06:00,Delivered,Mobile App
583,290,2025-05-14 17:27:00,Delivered,Mobile App
584,105,2025-12-15 12:48:00,Delivered,Mobile App
585,285,2025-04-02 11:35:00,Delivered,Mobile App
586,362,2025-10-23 11:49:00,Delivered,Website
587,118,2025-12-04 03:47:00,Delivered,Website
588,206,2025-02-21 06:32:00,Processing,Website
589,3,2025-03-24 12:40:00,Processing,Website
590,46,2025-08-30 19:27:00,Delivered,Website
591,20,2025-07-09 02:38:00,Shipped,Mobile App
592,147,2025-11-11 20:33:00,Shipped,Website
593,225,2025-03-31 20:31:00,Delivered,Mobile App
594,307,2025-04-10 01:50:00,Delivered,Website
595,19,2025-11-11 05:43:00,Delivered,Website
596,400,2025-03-22 02:17:00,Delivered,Mobile App
597,266,2025-07-27 18:12:00,Delivered,Website
598,372,2025-02-16 17:18:00,Processing,Mobile App
599,311,2025-06-27 08:14:00,Returned,Mobile App
600,134,2025-07-26 18:00:00,Delivered,Website
601,151,2025-10-14 02:32:00,Delivered,Website
602,276,2025-09-20 08:56:00,Processing,Mobile App
603,289,2025-12-22 14:24:00,Delivered,Website
604,236,2025-06-23 14:43:00,Cancelled,Website
605,35,2025-09-04 03:16:00,Delivered,Website
606,410,2025-12-13 22:14:00,Delivered,Mobile App
607,359,2025-09-22 17:00:00,Processing,Website
608,345,2025-05-28 02:25:00,Shipped,Mobile App
609,92,2025-02-08 17:59:00,Delivered,Mobile App
610,94,2025-04-22 18:17:00,Returned,Website
611,121,2025-09-13 23:12:00,Shipped,Mobile App
612,428,2025-04-16 07:12:00,Delivered,Mobile App
613,472,2025-03-21 03:07:00,Delivered,Mobile App
614,439,2025-11-11 00:48:00,Delivered,Website
615,162,2025-09-04 11:39:00,Delivered,Mobile App
616,469,2025-09-09 05:48:00,Delivered,Mobile App
617,28,2025-04-24 18:08:00,Delivered,Mobile App
618,258,2025-09-02 17:02:00,Delivered,Website
619,266,2025-08-23 03:44:00,Delivered,Website
620,195,2025-01-07 21:13:00,Delivered,Mobile App
621,133,2025-07-05 19:55:00,Delivered,Mobile App
622,491,2025-05-02 08:30:00,Delivered,Mobile App
623,108,2025-04-05 15:27:00,Delivered,Mobile App
624,231,2025-07-06 12:17:00,Delivered,Website
625,417,2025-10-22 21:14:00,Delivered,Mobile App
626,439,2025-05-01 17:27:00,Delivered,Website
627,5,2025-03-18 15:51:00,Delivered,Mobile App
628,274,2025-03-10 20:33:00,Shipped,Mobile App
629,440,2025-06-03 08:35:00,Delivered,Mobile App
630,31,2025-02-20 22:10:00,Delivered,Mobile App
631,231,2025-09-01 20:06:00,Shipped,Mobile App
632,286,2025-07-04 11:35:00,Returned,Mobile App
633,63,2025-06-26 00:26:00,Delivered,Website
634,333,2025-10-23 18:41:00,Delivered,Mobile App
635,262,2025-07-01 10:43:00,Delivered,Mobile App
636,147,2025-02-10 12:39:00,Delivered,Website
637,476,2025-03-27 20:51:00,Delivered,Mobile App
638,176,2025-02-06 02:10:00,Delivered,Mobile App
639,137,2025-12-01 09:45:00,Delivered,Mobile App
640,442,2025-05-19 14:49:00,Returned,Mobile App
641,438,2025-07-31 05:11:00,Delivered,Website
642,359,2025-12-05 08:47:00,Shipped,Website
643,49,2025-03-27 12:06:00,Delivered,Mobile App
644,395,2025-10-08 01:01:00,Delivered,Website
645,80,2025-02-23 08:39:00,Delivered,Mobile App
646,378,2025-06-08 07:15:00,Delivered,Website
647,88,2025-03-09 16:53:00,Delivered,Mobile App
648,500,2025-06-16 15:29:00,Cancelled,Mobile App
649,497,2025-10-08 14:08:00,Returned,Website
650,324,2025-10-30 19:29:00,Shipped,Mobile App
651,274,2025-09-26 20:40:00,Delivered,Mobile App
652,413,2025-09-04 17:14:00,Delivered,Mobile App
653,80,2025-07-07 13:16:00,Delivered,Website
654,147,2025-09-25 04:22:00,Delivered,Website
655,245,2025-12-19 15:48:00,Delivered,Mobile App
656,408,2025-05-30 19:14:00,Delivered,Mobile App
657,288,2025-04-07 13:56:00,Delivered,Website
658,331,2025-03-25 22:47:00,Delivered,Mobile App
659,217,2025-04-23 08:05:00,Delivered,Mobile App
660,273,2025-05-26 20:47:00,Processing,Mobile App
661,70,2025-04-07 02:11:00,Delivered,Mobile App
662,359,2025-11-13 14:17:00,Delivered,Website
663,26,2025-06-14 00:09:00,Returned,Website
664,138,2025-04-06 03:18:00,Delivered,Mobile App
665,78,2025-01-05 07:05:00,Delivered,Website
666,403,2025-06-25 13:19:00,Processing,Mobile App
667,17,2025-08-26 22:50:00,Delivered,Website
668,201,2025-01-29 08:49:00,Delivered,Mobile App
669,431,2025-04-03 06:57:00,Delivered,Mobile App
670,366,2025-01-07 03:49:00,Delivered,Mobile App
671,102,2025-05-07 23:02:00,Delivered,Website
672,243,2025-09-24 21:13:00,Delivered,Mobile App
673,373,2025-06-15 05:40:00,Delivered,Website
674,153,2025-05-10 15:40:00,Delivered,Website
675,121,2025-12-08 06:07:00,Delivered,Mobile App
676,142,2025-01-08 05:50:00,Delivered,Mobile App
677,298,2025-05-05 00:02:00,Processing,Mobile App
678,191,2025-12-19 19:09:00,Processing,Website
679,352,2025-03-22 15:05:00,Delivered,Website
680,79,2025-01-31 11:41:00,Shipped,Website
681,163,2025-03-06 15:14:00,Returned,Mobile App
682,11,2025-08-13 23:12:00,Shipped,Mobile App
683,21,2025-03-10 08:57:00,Delivered,Mobile App
684,357,2025-10-14 09:34:00,Delivered,Website
685,375,2025-10-06 11:20:00,Delivered,Website
686,231,2025-02-05 16:09:00,Delivered,Mobile App
687,1,2025-10-05 11:29:00,Processing,Mobile App
688,439,2025-04-05 00:39:00,Delivered,Website
689,338,2025-06-14 23:04:00,Returned,Mobile App
690,255,2025-04-08 16:43:00,Shipped,Website
691,210,2025-11-10 09:20:00,Delivered,Website
692,35,2025-02-19 16:42:00,Delivered,Website
693,55,2025-04-02 01:12:00,Delivered,Website
694,429,2025-01-17 18:41:00,Delivered,Mobile App
695,303,2025-09-27 19:44:00,Delivered,Mobile App
696,37,2025-04-24 19:45:00,Delivered,Website
697,456,2025-12-02 15:59:00,Processing,Mobile App
698,286,2025-11-24 01:23:00,Shipped,Mobile App
699,422,2025-07-08 22:03:00,Delivered,Website
700,484,2025-02-06 09:04:00,Delivered,Website
701,273,2025-02-21 23:14:00,Delivered,Website
702,292,2025-09-27 21:15:00,Delivered,Website
703,213,2025-10-13 23:35:00,Shipped,Mobile App
704,341,2025-12-12 14:44:00,Delivered,Website
705,206,2025-03-27 05:35:00,Delivered,Website
706,478,2025-10-01 19:28:00,Delivered,Mobile App
707,191,2025-10-09 10:54:00,Delivered,Mobile App
708,289,2025-06-15 19:15:00,Delivered,Mobile App
709,185,2025-10-09 23:16:00,Returned,Mobile App
710,18,2025-07-23 00:46:00,Returned,Website
711,155,2025-09-23 04:56:00,Delivered,Website
712,396,2025-04-20 10:01:00,Processing,Mobile App
713,293,2025-10-11 16:35:00,Returned,Website
714,183,2025-02-18 01:29:00,Delivered,Mobile App
715,120,2025-07-07 18:15:00,Delivered,Mobile App
716,292,2025-02-17 18:25:00,Cancelled,Website
717,250,2025-06-16 15:11:00,Processing,Website
718,20,2025-11-01 20:19:00,Shipped,Mobile App
719,395,2025-02-10 01:58:00,Delivered,Mobile App
720,395,2025-08-02 03:55:00,Delivered,Website
721,28,2025-11-21 20:24:00,Delivered,Website
722,77,2025-06-13 17:36:00,Delivered,Website
723,375,2025-03-20 01:43:00,Returned,Mobile App
724,47,2025-11-01 18:32:00,Delivered,Mobile App
725,173,2025-07-21 04:08:00,Delivered,Website
726,44,2025-10-08 12:16:00,Delivered,Mobile App
727,70,2025-12-24 04:48:00,Delivered,Website
728,293,2025-09-07 12:41:00,Delivered,Website
729,398,2025-05-05 02:17:00,Delivered,Website
730,217,2025-02-27 21:26:00,Delivered,Website
731,336,2025-06-14 11:38:00,Delivered,Mobile App
732,421,2025-03-28 11:39:00,Returned,Mobile App
733,23,2025-11-16 04:28:00,Returned,Website
734,80,2025-04-13 21:23:00,Shipped,Website
735,125,2025-02-27 23:03:00,Returned,Website
736,356,2025-05-28 00:21:00,Processing,Mobile App
737,170,2025-08-19 15:01:00,Delivered,Website
738,385,2025-04-15 17:33:00,Delivered,Mobile App
739,356,2025-11-15 23:09:00,Shipped,Website
740,340,2025-07-12 18:57:00,Delivered,Mobile App
741,103,2025-03-29 01:18:00,Processing,Mobile App
742,484,2025-01-28 14:41:00,Delivered,Mobile App
743,437,2025-12-05 08:42:00,Cancelled,Mobile App
744,445,2025-02-25 00:18:00,Cancelled,Mobile App
745,364,2025-04-29 12:32:00,Delivered,Mobile App
746,46,2025-09-06 19:34:00,Delivered,Mobile App
747,21,2025-10-15 22:01:00,Delivered,Mobile App
748,382,2025-06-20 15:25:00,Delivered,Mobile App
749,321,2025-12-17 11:22:00,Delivered,Mobile App
750,450,2025-02-01 20:16:00,Delivered,Website
751,78,2025-10-12 08:14:00,Delivered,Mobile App
752,374,2025-12-03 04:05:00,Delivered,Website
753,79,2025-08-02 07:36:00,Delivered,Mobile App
754,278,2025-11-06 10:28:00,Delivered,Website
755,410,2025-10-25 17:43:00,Delivered,Website
756,461,2025-06-08 22:45:00,Delivered,Website
757,478,2025-08-09 04:41:00,Delivered,Website
758,273,2025-06-12 02:35:00,Returned,Website
759,451,2025-04-05 10:53:00,Delivered,Website
760,156,2025-06-13 13:26:00,Delivered,Mobile App
761,68,2025-03-19 06:06:00,Delivered,Mobile App
762,119,2025-11-07 18:39:00,Delivered,Website
763,41,2025-12-18 00:22:00,Shipped,Mobile App
764,310,2025-03-10 16:54:00,Delivered,Mobile App
765,243,2025-04-05 12:31:00,Delivered,Website
766,392,2025-04-26 01:26:00,Returned,Mobile App
767,344,2025-07-31 07:47:00,Returned,Website
768,489,2025-02-03 05:59:00,Returned,Mobile App
769,235,2025-12-19 10:55:00,Cancelled,Mobile App
770,377,2025-07-27 01:38:00,Processing,Mobile App
771,293,2025-07-21 19:47:00,Delivered,Website
772,234,2025-09-24 03:28:00,Processing,Website
773,203,2025-05-06 16:34:00,Returned,Website
774,392,2025-10-13 12:33:00,Delivered,Website
775,204,2025-04-08 09:28:00,Cancelled,Mobile App
776,151,2025-08-25 05:27:00,Delivered,Website
777,73,2025-12-20 16:57:00,Delivered,Mobile App
778,58,2025-02-16 23:32:00,Delivered,Website
779,231,2025-07-21 13:20:00,Delivered,Mobile App
780,104,2025-10-30 22:57:00,Cancelled,Website
781,333,2025-05-09 10:44:00,Cancelled,Website
782,362,2025-03-05 02:07:00,Delivered,Mobile App
783,197,2025-02-13 16:45:00,Shipped,Website
784,23,2025-07-13 17:24:00,Shipped,Mobile App
785,77,2025-10-17 21:55:00,Delivered,Website
786,215,2025-04-02 22:03:00,Delivered,Mobile App
787,61,2025-05-28 20:11:00,Cancelled,Website
788,130,2025-01-02 19:48:00,Delivered,Mobile App
789,3,2025-09-13 17:51:00,Delivered,Mobile App
790,338,2025-05-02 06:37:00,Delivered,Mobile App
791,308,2025-08-15 02:38:00,Delivered,Mobile App
792,420,2025-11-14 20:35:00,Processing,Website
793,335,2025-04-05 04:03:00,Delivered,Website
794,430,2025-01-17 21:36:00,Delivered,Mobile App
795,214,2025-02-14 01:06:00,Returned,Website
796,339,2025-12-11 09:39:00,Shipped,Website
797,185,2025-08-22 23:37:00,Returned,Website
798,460,2025-06-03 10:23:00,Delivered,Website
799,150,2025-08-07 17:04:00,Delivered,Website
800,270,2025-12-22 08:21:00,Delivered,Website
801,30,2025-12-23 06:39:00,Delivered,Website
802,310,2025-09-05 23:44:00,Returned,Mobile App
803,163,2025-08-07 19:54:00,Delivered,Mobile App
804,255,2025-03-08 19:36:00,Delivered,Mobile App
805,313,2025-09-10 05:56:00,Delivered,Mobile App
806,13,2025-04-10 00:07:00,Delivered,Website
807,212,2025-04-17 19:26:00,Delivered,Mobile App
808,6,2025-10-14 20:13:00,Delivered,Mobile App
809,154,2025-05-11 02:19:00,Delivered,Mobile App
810,171,2025-01-04 03:43:00,Delivered,Website
811,427,2025-03-31 06:21:00,Delivered,Mobile App
812,70,2025-08-31 01:41:00,Delivered,Mobile App
813,402,2025-10-02 10:29:00,Processing,Website
814,372,2025-09-24 09:36:00,Shipped,Website
815,170,2025-04-17 18:43:00,Processing,Mobile App
816,431,2025-02-03 04:17:00,Delivered,Mobile App
817,85,2025-11-17 17:53:00,Delivered,Mobile App
818,443,2025-04-06 19:07:00,Processing,Mobile App
819,17,2025-12-28 10:45:00,Delivered,Website
820,232,2025-09-12 07:23:00,Processing,Mobile App
821,90,2025-04-21 16:19:00,Delivered,Website
822,260,2025-04-14 02:28:00,Delivered,Mobile App
823,175,2025-09-14 04:12:00,Returned,Mobile App
824,447,2025-06-17 04:49:00,Delivered,Website
825,236,2025-04-16 23:02:00,Delivered,Website
826,23,2025-01-03 09:59:00,Shipped,Website
827,24,2025-06-20 14:56:00,Delivered,Mobile App
828,160,2025-01-12 18:48:00,Delivered,Website
829,147,2025-06-14 06:12:00,Delivered,Mobile App
830,140,2025-08-14 21:07:00,Delivered,Mobile App
831,287,2025-02-28 00:39:00,Delivered,Website
832,164,2025-10-05 11:35:00,Delivered,Mobile App
833,37,2025-10-21 07:10:00,Delivered,Mobile App
834,67,2025-10-04 14:03:00,Delivered,Website
835,45,2025-02-24 12:03:00,Delivered,Website
836,304,2025-12-27 19:57:00,Delivered,Mobile App
837,171,2025-11-12 11:19:00,Processing,Website
838,48,2025-08-27 18:08:00,Processing,Mobile App
839,351,2025-02-19 14:19:00,Delivered,Mobile App
840,74,2025-08-29 07:14:00,Cancelled,Mobile App
841,359,2025-07-06 12:11:00,Cancelled,Mobile App
842,16,2025-06-16 14:31:00,Delivered,Website
843,434,2025-06-29 15:29:00,Delivered,Mobile App
844,261,2025-11-06 18:08:00,Delivered,Website
845,37,2025-06-16 17:41:00,Processing,Mobile App
846,123,2025-07-25 18:26:00,Delivered,Website
847,175,2025-09-04 12:04:00,Delivered,Mobile App
848,176,2025-08-11 18:50:00,Delivered,Website
849,40,2025-03-30 21:42:00,Shipped,Mobile App
850,238,2025-02-28 18:38:00,Delivered,Website
851,490,2025-08-16 05:19:00,Delivered,Website
852,420,2025-12-17 19:49:00,Delivered,Mobile App
853,47,2025-11-27 21:03:00,Delivered,Website
854,1,2025-10-25 20:51:00,Shipped,Website
855,200,2025-08-20 17:18:00,Delivered,Mobile App
856,450,2025-04-11 06:43:00,Delivered,Mobile App
857,177,2025-08-11 22:58:00,Returned,Website
858,434,2025-11-10 16:25:00,Delivered,Mobile App
859,282,2025-02-01 11:57:00,Returned,Website
860,184,2025-12-27 17:52:00,Delivered,Mobile App
861,360,2025-01-16 07:27:00,Delivered,Mobile App
862,196,2025-12-31 12:25:00,Delivered,Website
863,72,2025-12-06 05:30:00,Delivered,Mobile App
864,148,2025-07-04 13:09:00,Returned,Website
865,332,2025-03-10 00:04:00,Delivered,Mobile App
866,44,2025-12-03 13:08:00,Delivered,Mobile App
867,477,2025-08-22 22:38:00,Delivered,Website
868,283,2025-08-21 16:27:00,Processing,Mobile App
869,218,2025-07-01 07:11:00,Delivered,Mobile App
870,138,2025-05-02 22:32:00,Delivered,Mobile App
871,248,2025-01-18 01:36:00,Shipped,Website
872,41,2025-10-25 15:44:00,Delivered,Mobile App
873,268,2025-08-27 16:05:00,Cancelled,Website
874,380,2025-05-06 15:40:00,Shipped,Website
875,409,2025-12-17 20:34:00,Delivered,Website
876,6,2025-06-25 17:49:00,Delivered,Mobile App
877,216,2025-10-21 23:21:00,Delivered,Mobile App
878,356,2025-05-29 05:02:00,Returned,Mobile App
879,323,2025-10-16 08:03:00,Delivered,Website
880,150,2025-10-21 01:42:00,Processing,Website
881,65,2025-05-27 15:05:00,Delivered,Mobile App
882,144,2025-05-10 04:39:00,Delivered,Mobile App
883,310,2025-01-08 23:07:00,Delivered,Website
884,414,2025-12-04 14:23:00,Delivered,Website
885,271,2025-09-06 05:51:00,Cancelled,Mobile App
886,479,2025-02-13 04:38:00,Processing,Mobile App
887,339,2025-07-31 12:15:00,Delivered,Website
888,432,2025-04-18 18:46:00,Delivered,Mobile App
889,238,2025-03-01 01:10:00,Delivered,Mobile App
890,473,2025-09-01 23:48:00,Delivered,Mobile App
891,243,2025-12-16 22:24:00,Delivered,Mobile App
892,409,2025-01-07 09:59:00,Delivered,Mobile App
893,50,2025-09-29 21:02:00,Cancelled,Mobile App
894,334,2025-08-10 19:58:00,Cancelled,Mobile App
895,51,2025-05-19 08:51:00,Delivered,Mobile App
896,124,2025-08-25 21:47:00,Shipped,Website
897,354,2025-09-24 10:43:00,Returned,Mobile App
898,5,2025-10-08 00:43:00,Processing,Website
899,54,2025-07-30 03:33:00,Shipped,Mobile App
900,129,2025-04-23 23:18:00,Delivered,Website
901,481,2025-11-14 02:03:00,Delivered,Website
902,363,2025-11-03 20:07:00,Returned,Website
903,337,2025-11-06 04:24:00,Shipped,Website
904,130,2025-02-26 22:11:00,Delivered,Website
905,142,2025-11-24 14:59:00,Shipped,Mobile App
906,38,2025-05-12 05:49:00,Delivered,Website
907,31,2025-07-15 12:21:00,Delivered,Mobile App
908,252,2025-04-02 14:04:00,Returned,Website
909,331,2025-11-09 12:11:00,Delivered,Website
910,315,2025-10-04 13:13:00,Delivered,Mobile App
911,38,2025-05-13 03:02:00,Delivered,Mobile App
912,255,2025-08-17 00:57:00,Delivered,Website
913,137,2025-01-20 21:24:00,Delivered,Mobile App
914,264,2025-07-20 18:00:00,Shipped,Mobile App
915,433,2025-09-02 13:25:00,Shipped,Website
916,197,2025-10-04 07:00:00,Returned,Mobile App
917,479,2025-03-04 18:34:00,Returned,Mobile App
918,29,2025-12-16 09:25:00,Delivered,Website
919,492,2025-07-07 17:54:00,Delivered,Mobile App
920,91,2025-05-29 20:12:00,Delivered,Mobile App
921,357,2025-12-05 06:19:00,Delivered,Website
922,250,2025-11-19 22:22:00,Delivered,Mobile App
923,99,2025-04-08 04:02:00,Delivered,Website
924,406,2025-09-08 12:04:00,Delivered,Mobile App
925,416,2025-09-13 17:53:00,Delivered,Website
926,173,2025-01-19 10:03:00,Processing,Website
927,414,2025-07-27 03:13:00,Shipped,Mobile App
928,380,2025-12-14 17:09:00,Delivered,Website
929,251,2025-01-19 23:09:00,Shipped,Mobile App
930,360,2025-11-13 01:15:00,Delivered,Website
931,464,2025-03-30 20:03:00,Delivered,Website
932,428,2025-08-22 19:10:00,Delivered,Website
933,410,2025-02-28 15:38:00,Delivered,Website
934,416,2025-04-14 13:21:00,Processing,Mobile App
935,295,2025-06-16 03:43:00,Delivered,Mobile App
936,89,2025-04-20 01:37:00,Delivered,Website
937,213,2025-05-21 04:48:00,Delivered,Mobile App
938,125,2025-10-11 05:28:00,Returned,Website
939,434,2025-03-10 03:50:00,Delivered,Mobile App
940,250,2025-03-22 00:56:00,Delivered,Website
941,334,2025-04-02 02:45:00,Delivered,Mobile App
942,406,2025-08-02 22:51:00,Processing,Website
943,139,2025-04-16 04:40:00,Delivered,Mobile App
944,355,2025-05-03 05:39:00,Delivered,Website
945,322,2025-09-13 19:05:00,Processing,Mobile App
946,286,2025-06-28 13:00:00,Delivered,Website
947,186,2025-09-29 03:39:00,Cancelled,Website
948,107,2025-08-26 20:42:00,Delivered,Website
949,433,2025-02-27 04:43:00,Returned,Mobile App
950,344,2025-09-12 05:10:00,Returned,Website
951,108,2025-11-27 11:18:00,Delivered,Mobile App
952,54,2025-11-12 14:02:00,Shipped,Website
953,264,2025-03-22 00:31:00,Delivered,Website
954,167,2025-08-16 18:37:00,Delivered,Mobile App
955,117,2025-04-28 03:20:00,Delivered,Mobile App
956,113,2025-04-13 12:57:00,Delivered,Mobile App
957,111,2025-01-28 13:09:00,Returned,Mobile App
958,70,2025-04-02 12:23:00,Delivered,Website
959,104,2025-11-20 11:17:00,Delivered,Website
960,144,2025-12-21 18:03:00,Delivered,Mobile App
961,390,2025-08-23 13:10:00,Delivered,Mobile App
962,407,2025-11-06 05:50:00,Delivered,Website
963,118,2025-10-23 17:54:00,Delivered,Mobile App
964,429,2025-04-21 18:30:00,Delivered,Website
965,127,2025-08-08 23:55:00,Delivered,Mobile App
966,475,2025-10-24 07:57:00,Delivered,Website
967,23,2025-10-21 00:26:00,Delivered,Mobile App
968,272,2025-09-16 01:27:00,Delivered,Website
969,43,2025-08-20 15:15:00,Delivered,Website
970,487,2025-12-21 23:26:00,Delivered,Mobile App
971,47,2025-06-01 07:41:00,Delivered,Mobile App
972,440,2025-03-24 22:29:00,Delivered,Website
973,71,2025-08-21 14:49:00,Cancelled,Mobile App
974,238,2025-04-05 11:40:00,Shipped,Website
975,458,2025-11-18 02:24:00,Shipped,Website
976,139,2025-06-01 13:48:00,Shipped,Website
977,451,2025-12-17 02:39:00,Delivered,Website
978,455,2025-09-21 21:23:00,Delivered,Mobile App
979,21,2025-07-07 14:39:00,Delivered,Website
980,35,2025-11-28 17:45:00,Delivered,Website
981,277,2025-03-12 10:15:00,Delivered,Mobile App
982,386,2025-10-25 22:13:00,Shipped,Website
983,137,2025-06-14 11:57:00,Delivered,Mobile App
984,191,2025-05-22 01:04:00,Delivered,Mobile App
985,63,2025-09-14 16:53:00,Delivered,Mobile App
986,410,2025-08-20 19:23:00,Shipped,Website
987,42,2025-04-07 14:05:00,Delivered,Website
988,85,2025-05-28 02:06:00,Delivered,Website
989,105,2025-09-12 04:55:00,Delivered,Website
990,278,2025-05-31 13:43:00,Returned,Mobile App
991,378,2025-06-27 13:28:00,Delivered,Mobile App
992,447,2025-04-07 02:01:00,Processing,Mobile App
993,336,2025-07-30 18:21:00,Delivered,Mobile App
994,357,2025-09-06 18:42:00,Delivered,Mobile App
995,68,2025-08-23 09:36:00,Cancelled,Mobile App
996,248,2025-03-29 08:14:00,Delivered,Mobile App
997,146,2025-01-25 04:22:00,Delivered,Website
998,275,2025-11-13 05:45:00,Delivered,Website
999,342,2025-12-29 22:57:00,Processing,Website
1000,163,2025-05-02 03:02:00,Delivered,Mobile App
1001,106,2025-05-14 11:11:00,Delivered,Website
1002,76,2025-12-07 10:22:00,Delivered,Website
1003,472,2025-10-01 09:07:00,Delivered,Mobile App
1004,164,2025-03-16 14:59:00,Delivered,Mobile App
1005,243,2025-11-28 22:18:00,Cancelled,Website
1006,473,2025-10-17 23:58:00,Delivered,Website
1007,348,2025-09-03 01:08:00,Delivered,Mobile App
1008,431,2025-01-13 12:39:00,Delivered,Mobile App
1009,312,2025-02-17 10:03:00,Delivered,Website
1010,43,2025-05-23 06:01:00,Delivered,Mobile App
1011,500,2025-12-13 21:05:00,Delivered,Website
1012,310,2025-09-09 10:38:00,Delivered,Website
1013,76,2025-12-08 11:25:00,Shipped,Mobile App
1014,7,2025-07-09 12:23:00,Delivered,Mobile App
1015,288,2025-06-07 14:55:00,Delivered,Mobile App
1016,84,2025-08-01 14:18:00,Processing,Mobile App
1017,301,2025-08-01 04:53:00,Delivered,Website
1018,445,2025-04-17 09:30:00,Delivered,Mobile App
1019,193,2025-02-03 18:48:00,Delivered,Mobile App
1020,90,2025-11-24 08:26:00,Delivered,Website
1021,196,2025-04-13 05:53:00,Delivered,Mobile App
1022,300,2025-01-22 09:53:00,Delivered,Mobile App
1023,2,2025-04-25 00:50:00,Delivered,Mobile App
1024,64,2025-11-24 20:30:00,Shipped,Mobile App
1025,465,2025-08-02 05:31:00,Shipped,Website
1026,142,2025-01-15 03:48:00,Delivered,Website
1027,298,2025-11-03 23:23:00,Delivered,Mobile App
1028,244,2025-05-13 20:43:00,Returned,Website
1029,295,2025-07-11 16:46:00,Delivered,Mobile App
1030,75,2025-03-25 18:03:00,Delivered,Website
1031,140,2025-07-02 05:03:00,Delivered,Mobile App
1032,272,2025-01-25 09:18:00,Delivered,Website
1033,322,2025-09-21 06:49:00,Delivered,Website
1034,166,2025-11-03 05:34:00,Cancelled,Mobile App
1035,353,2025-05-19 21:44:00,Delivered,Mobile App
1036,266,2025-03-15 00:08:00,Delivered,Mobile App
1037,467,2025-07-30 10:58:00,Delivered,Website
1038,426,2025-03-21 16:14:00,Delivered,Website
1039,40,2025-08-02 14:58:00,Delivered,Website
1040,160,2025-01-09 15:22:00,Shipped,Website
1041,391,2025-08-15 19:33:00,Returned,Website
1042,382,2025-12-30 09:01:00,Processing,Website
1043,353,2025-03-07 22:09:00,Delivered,Website
1044,218,2025-04-18 04:05:00,Shipped,Website
1045,248,2025-02-09 00:49:00,Shipped,Website
1046,407,2025-04-11 03:02:00,Shipped,Website
1047,130,2025-08-29 03:58:00,Delivered,Mobile App
1048,50,2025-12-08 00:48:00,Processing,Website
1049,344,2025-10-28 06:11:00,Delivered,Website
1050,486,2025-03-16 23:17:00,Delivered,Mobile App
1051,374,2025-03-24 16:49:00,Delivered,Website
1052,8,2025-02-20 18:48:00,Delivered,Website
1053,387,2025-05-25 05:57:00,Delivered,Website
1054,363,2025-04-20 16:54:00,Delivered,Website
1055,93,2025-08-14 21:06:00,Processing,Mobile App
1056,117,2025-08-06 06:32:00,Delivered,Mobile App
1057,267,2025-03-05 14:07:00,Delivered,Mobile App
1058,370,2025-12-27 09:35:00,Delivered,Mobile App
1059,146,2025-09-10 03:24:00,Delivered,Mobile App
1060,284,2025-12-18 14:14:00,Delivered,Mobile App
1061,431,2025-04-07 02:57:00,Processing,Mobile App
1062,252,2025-04-02 00:43:00,Shipped,Mobile App
1063,347,2025-08-13 16:42:00,Delivered,Website
1064,303,2025-07-22 12:44:00,Returned,Website
1065,174,2025-02-03 11:12:00,Delivered,Mobile App
1066,218,2025-03-04 07:53:00,Shipped,Mobile App
1067,388,2025-10-25 18:17:00,Processing,Mobile App
1068,309,2025-07-02 15:42:00,Returned,Mobile App
1069,394,2025-09-19 08:09:00,Delivered,Website
1070,119,2025-05-09 15:31:00,Delivered,Website
1071,28,2025-01-16 03:47:00,Processing,Mobile App
1072,196,2025-12-14 00:11:00,Delivered,Mobile App
1073,320,2025-03-20 09:39:00,Delivered,Website
1074,253,2025-12-05 16:49:00,Processing,Website
1075,252,2025-05-31 21:31:00,Delivered,Mobile App
1076,488,2025-10-04 17:01:00,Shipped,Mobile App
1077,162,2025-03-02 12:28:00,Cancelled,Mobile App
1078,91,2025-08-24 01:02:00,Delivered,Mobile App
1079,221,2025-12-28 05:31:00,Delivered,Mobile App
1080,346,2025-09-07 03:36:00,Delivered,Mobile App
1081,81,2025-09-01 17:54:00,Delivered,Mobile App
1082,498,2025-05-15 15:37:00,Delivered,Mobile App
1083,15,2025-05-26 10:03:00,Delivered,Website
1084,380,2025-07-07 11:51:00,Delivered,Mobile App
1085,177,2025-07-14 03:27:00,Returned,Mobile App
1086,126,2025-06-29 01:42:00,Delivered,Mobile App
1087,353,2025-10-31 02:58:00,Delivered,Mobile App
1088,11,2025-02-28 10:10:00,Delivered,Website
1089,217,2025-08-24 21:55:00,Delivered,Mobile App
1090,241,2025-05-17 00:44:00,Delivered,Mobile App
1091,166,2025-07-13 18:24:00,Delivered,Mobile App
1092,106,2025-02-21 22:43:00,Delivered,Mobile App
1093,187,2025-03-27 19:19:00,Returned,Website
1094,499,2025-09-12 20:54:00,Processing,Website
1095,153,2025-05-28 08:03:00,Returned,Mobile App
1096,491,2025-04-26 19:47:00,Delivered,Website
1097,35,2025-10-31 10:17:00,Delivered,Mobile App
1098,408,2025-08-07 06:22:00,Delivered,Mobile App
1099,340,2025-09-16 09:27:00,Delivered,Website
1100,320,2025-08-01 12:16:00,Delivered,Website
1101,265,2025-01-10 20:45:00,Cancelled,Mobile App
1102,381,2025-04-20 21:52:00,Returned,Mobile App
1103,315,2025-11-23 17:51:00,Cancelled,Mobile App
1104,31,2025-10-17 23:40:00,Delivered,Mobile App
1105,78,2025-08-25 04:15:00,Shipped,Mobile App
1106,441,2025-08-11 13:20:00,Processing,Website
1107,212,2025-11-21 06:54:00,Delivered,Mobile App
1108,352,2025-11-27 05:16:00,Delivered,Mobile App
1109,99,2025-05-03 03:09:00,Delivered,Mobile App
1110,224,2025-08-26 15:35:00,Delivered,Website
1111,70,2025-04-14 05:17:00,Delivered,Mobile App
1112,330,2025-12-04 17:11:00,Cancelled,Mobile App
1113,460,2025-01-11 01:55:00,Delivered,Mobile App
1114,187,2025-02-02 13:57:00,Shipped,Website
1115,72,2025-07-23 23:53:00,Delivered,Website
1116,298,2025-09-25 21:53:00,Returned,Mobile App
1117,308,2025-09-12 02:15:00,Delivered,Mobile App
1118,200,2025-06-18 18:47:00,Processing,Website
1119,55,2025-08-05 06:09:00,Delivered,Mobile App
1120,442,2025-08-14 13:16:00,Delivered,Mobile App
1121,486,2025-10-01 11:44:00,Delivered,Mobile App
1122,494,2025-09-01 21:15:00,Delivered,Website
1123,189,2025-07-05 15:45:00,Processing,Website
1124,431,2025-11-27 19:02:00,Shipped,Website
1125,130,2025-12-20 21:15:00,Delivered,Mobile App
1126,463,2025-11-24 22:23:00,Processing,Website
1127,227,2025-10-01 07:54:00,Delivered,Mobile App
1128,480,2025-05-11 09:05:00,Processing,Website
1129,456,2025-06-02 06:55:00,Delivered,Mobile App
1130,416,2025-11-20 10:56:00,Shipped,Mobile App
1131,42,2025-01-18 08:55:00,Processing,Mobile App
1132,475,2025-08-30 23:26:00,Processing,Mobile App
1133,134,2025-02-21 05:44:00,Delivered,Mobile App
1134,417,2025-08-04 19:46:00,Delivered,Mobile App
1135,391,2025-08-21 22:01:00,Delivered,Website
1136,329,2025-11-19 14:50:00,Delivered,Mobile App
1137,161,2025-04-13 20:19:00,Delivered,Website
1138,366,2025-03-22 07:33:00,Returned,Website
1139,406,2025-11-01 21:26:00,Returned,Mobile App
1140,134,2025-09-02 23:08:00,Delivered,Mobile App
1141,213,2025-05-25 06:05:00,Delivered,Mobile App
1142,11,2025-07-13 18:14:00,Returned,Website
1143,135,2025-02-15 14:12:00,Shipped,Website
1144,220,2025-01-26 12:39:00,Delivered,Website
1145,485,2025-02-15 11:10:00,Delivered,Website
1146,472,2025-09-27 13:49:00,Returned,Mobile App
1147,105,2025-03-02 07:45:00,Delivered,Mobile App
1148,196,2025-05-28 23:31:00,Delivered,Website
1149,145,2025-11-04 06:52:00,Shipped,Website
1150,406,2025-08-03 05:26:00,Delivered,Mobile App
1151,231,2025-05-15 07:39:00,Cancelled,Mobile App
1152,235,2025-10-26 21:41:00,Delivered,Mobile App
1153,204,2025-03-10 10:44:00,Shipped,Mobile App
1154,306,2025-12-29 13:47:00,Delivered,Website
1155,171,2025-10-13 01:03:00,Returned,Mobile App
1156,496,2025-07-01 19:42:00,Processing,Website
1157,318,2025-01-03 08:32:00,Delivered,Mobile App
1158,496,2025-12-10 11:08:00,Cancelled,Website
1159,87,2025-10-25 05:16:00,Delivered,Mobile App
1160,163,2025-08-28 04:05:00,Shipped,Mobile App
1161,161,2025-03-14 08:07:00,Delivered,Website
1162,185,2025-09-13 08:47:00,Returned,Mobile App
1163,390,2025-05-15 19:53:00,Returned,Mobile App
1164,378,2025-08-12 05:20:00,Returned,Website
1165,409,2025-10-12 21:40:00,Delivered,Website
1166,94,2025-03-18 01:14:00,Delivered,Mobile App
1167,224,2025-03-25 22:29:00,Delivered,Mobile App
1168,364,2025-01-21 14:22:00,Delivered,Mobile App
1169,369,2025-09-10 03:54:00,Cancelled,Website
1170,445,2025-06-28 02:13:00,Delivered,Website
1171,457,2025-09-18 08:36:00,Shipped,Website
1172,393,2025-10-26 00:33:00,Delivered,Mobile App
1173,256,2025-02-09 07:49:00,Shipped,Mobile App
1174,349,2025-01-14 09:43:00,Delivered,Mobile App
1175,166,2025-10-30 03:53:00,Delivered,Website
1176,246,2025-08-24 22:42:00,Delivered,Mobile App
1177,169,2025-11-01 21:00:00,Returned,Mobile App
1178,465,2025-06-16 23:46:00,Returned,Website
1179,330,2025-04-19 01:51:00,Delivered,Website
1180,196,2025-02-06 17:38:00,Delivered,Mobile App
1181,444,2025-04-02 07:49:00,Delivered,Website
1182,400,2025-04-17 05:24:00,Delivered,Website
1183,411,2025-03-03 09:31:00,Delivered,Mobile App
1184,184,2025-12-17 19:08:00,Shipped,Mobile App
1185,229,2025-09-20 06:31:00,Cancelled,Mobile App
1186,217,2025-05-18 18:38:00,Delivered,Mobile App
1187,223,2025-07-08 19:11:00,Delivered,Website
1188,499,2025-01-21 16:21:00,Delivered,Website
1189,80,2025-11-28 21:45:00,Returned,Website
1190,41,2025-05-29 14:27:00,Cancelled,Mobile App
1191,351,2025-06-03 04:08:00,Cancelled,Website
1192,292,2025-09-25 13:18:00,Delivered,Website
1193,262,2025-01-24 16:06:00,Delivered,Website
1194,292,2025-08-26 21:46:00,Processing,Mobile App
1195,394,2025-05-11 18:05:00,Delivered,Website
1196,403,2025-12-05 14:11:00,Delivered,Mobile App
1197,449,2025-01-24 02:26:00,Shipped,Mobile App
1198,388,2025-10-28 23:29:00,Shipped,Mobile App
1199,95,2025-06-24 05:13:00,Delivered,Mobile App
1200,274,2025-12-11 03:27:00,Delivered,Mobile App
1201,336,2025-03-01 00:10:00,Delivered,Mobile App
1202,372,2025-12-03 23:38:00,Delivered,Mobile App
1203,346,2025-12-20 21:44:00,Delivered,Mobile App
1204,8,2025-02-14 04:08:00,Delivered,Website
1205,14,2025-12-23 06:54:00,Delivered,Website
1206,432,2025-11-29 07:27:00,Delivered,Website
1207,238,2025-02-14 09:49:00,Delivered,Mobile App
1208,463,2025-01-12 03:10:00,Delivered,Mobile App
1209,441,2025-09-06 15:01:00,Delivered,Website
1210,425,2025-04-14 09:36:00,Processing,Website
1211,323,2025-06-20 00:06:00,Processing,Mobile App
1212,297,2025-08-01 15:47:00,Delivered,Mobile App
1213,249,2025-01-19 15:25:00,Delivered,Mobile App
1214,271,2025-04-29 22:03:00,Delivered,Mobile App
1215,458,2025-10-11 02:17:00,Delivered,Mobile App
1216,481,2025-03-01 15:39:00,Delivered,Mobile App
1217,83,2025-12-24 13:01:00,Delivered,Website
1218,119,2025-08-29 11:28:00,Delivered,Mobile App
1219,240,2025-11-05 22:42:00,Delivered,Mobile App
1220,427,2025-12-31 12:26:00,Returned,Mobile App
1221,107,2025-08-30 05:39:00,Delivered,Website
1222,89,2025-12-08 15:08:00,Delivered,Mobile App
1223,156,2025-02-21 13:31:00,Delivered,Website
1224,134,2025-01-10 11:56:00,Delivered,Website
1225,414,2025-03-31 16:02:00,Delivered,Mobile App
1226,62,2025-02-28 19:14:00,Delivered,Mobile App
1227,182,2025-05-13 10:50:00,Shipped,Mobile App
1228,264,2025-03-19 22:55:00,Delivered,Website
1229,485,2025-12-28 01:59:00,Delivered,Mobile App
1230,313,2025-02-26 03:50:00,Delivered,Website
1231,54,2025-10-15 01:32:00,Delivered,Website
1232,373,2025-04-16 11:10:00,Delivered,Mobile App
1233,446,2025-09-17 15:46:00,Delivered,Mobile App
1234,435,2025-06-21 04:07:00,Delivered,Mobile App
1235,415,2025-01-04 07:53:00,Delivered,Mobile App
1236,137,2025-09-16 05:05:00,Delivered,Mobile App
1237,126,2025-07-04 20:42:00,Delivered,Mobile App
1238,220,2025-04-27 04:51:00,Delivered,Mobile App
1239,350,2025-08-23 16:50:00,Delivered,Website
1240,6,2025-08-15 04:49:00,Shipped,Website
1241,206,2025-02-13 10:20:00,Returned,Website
1242,389,2025-08-11 01:25:00,Delivered,Website
1243,366,2025-10-22 01:40:00,Processing,Mobile App
1244,349,2025-08-03 12:56:00,Shipped,Mobile App
1245,424,2025-06-10 11:00:00,Delivered,Website
1246,330,2025-12-25 12:28:00,Delivered,Mobile App
1247,416,2025-12-24 11:56:00,Processing,Mobile App
1248,19,2025-04-12 09:05:00,Delivered,Mobile App
1249,146,2025-03-06 16:34:00,Delivered,Mobile App
1250,326,2025-09-24 10:48:00,Delivered,Website
1251,124,2025-10-04 18:16:00,Processing,Mobile App
1252,375,2025-08-05 16:07:00,Delivered,Mobile App
1253,182,2025-05-13 20:32:00,Delivered,Website
1254,378,2025-08-18 09:36:00,Delivered,Mobile App
1255,290,2025-05-01 23:37:00,Shipped,Website
1256,342,2025-06-29 09:18:00,Processing,Website
1257,127,2025-07-13 16:47:00,Delivered,Website
1258,76,2025-07-04 14:06:00,Shipped,Mobile App
1259,218,2025-02-11 02:03:00,Cancelled,Mobile App
1260,190,2025-04-20 14:04:00,Shipped,Mobile App
1261,399,2025-10-29 17:33:00,Delivered,Mobile App
1262,217,2025-10-27 15:40:00,Returned,Mobile App
1263,259,2025-08-02 05:09:00,Delivered,Mobile App
1264,442,2025-03-08 22:32:00,Delivered,Website
1265,383,2025-08-22 15:02:00,Delivered,Mobile App
1266,210,2025-03-02 19:54:00,Delivered,Mobile App
1267,268,2025-10-20 09:02:00,Delivered,Mobile App
1268,151,2025-06-06 11:19:00,Delivered,Website
1269,25,2025-03-14 18:26:00,Returned,Mobile App
1270,420,2025-05-26 06:11:00,Shipped,Website
1271,35,2025-03-04 17:22:00,Cancelled,Mobile App
1272,290,2025-09-04 18:19:00,Delivered,Mobile App
1273,369,2025-07-13 15:53:00,Processing,Website
1274,236,2025-03-12 16:40:00,Shipped,Mobile App
1275,46,2025-03-18 23:20:00,Processing,Mobile App
1276,203,2025-07-18 07:57:00,Delivered,Website
1277,143,2025-12-10 14:47:00,Delivered,Website
1278,323,2025-12-29 00:36:00,Processing,Mobile App
1279,330,2025-10-15 20:07:00,Delivered,Website
1280,388,2025-11-13 17:36:00,Delivered,Website
1281,10,2025-09-01 16:57:00,Delivered,Website
1282,106,2025-01-10 08:50:00,Delivered,Mobile App
1283,165,2025-02-13 17:38:00,Delivered,Website
1284,224,2025-09-09 00:21:00,Delivered,Website
1285,132,2025-09-28 10:24:00,Delivered,Website
1286,74,2025-10-05 05:18:00,Delivered,Website
1287,348,2025-03-20 09:26:00,Delivered,Mobile App
1288,30,2025-04-03 00:45:00,Delivered,Website
1289,458,2025-06-13 04:26:00,Delivered,Mobile App
1290,123,2025-03-03 01:12:00,Shipped,Website
1291,259,2025-09-10 16:48:00,Delivered,Website
1292,238,2025-05-18 01:20:00,Delivered,Website
1293,325,2025-09-05 00:26:00,Delivered,Website
1294,346,2025-05-18 17:37:00,Delivered,Website
1295,229,2025-06-05 18:26:00,Delivered,Website
1296,87,2025-03-14 11:34:00,Processing,Mobile App
1297,1,2025-10-12 14:02:00,Processing,Mobile App
1298,31,2025-12-01 05:00:00,Returned,Mobile App
1299,430,2025-05-20 19:16:00,Shipped,Mobile App
1300,431,2025-11-20 06:37:00,Delivered,Website
1301,289,2025-03-24 23:34:00,Delivered,Website
1302,426,2025-07-22 22:07:00,Delivered,Mobile App
1303,259,2025-08-10 06:39:00,Returned,Mobile App
1304,134,2025-12-16 10:40:00,Returned,Mobile App
1305,165,2025-05-20 07:42:00,Delivered,Mobile App
1306,468,2025-11-03 10:01:00,Shipped,Website
1307,462,2025-11-08 15:00:00,Delivered,Website
1308,357,2025-07-31 17:57:00,Shipped,Mobile App
1309,449,2025-10-03 02:50:00,Delivered,Website
1310,427,2025-10-03 00:57:00,Processing,Mobile App
1311,498,2025-12-11 03:22:00,Processing,Mobile App
1312,394,2025-07-18 05:53:00,Processing,Website
1313,480,2025-03-05 14:23:00,Delivered,Website
1314,389,2025-04-24 23:01:00,Delivered,Mobile App
1315,315,2025-04-09 02:52:00,Delivered,Website
1316,19,2025-04-30 15:23:00,Delivered,Website
1317,327,2025-01-04 06:52:00,Delivered,Mobile App
1318,88,2025-10-19 16:31:00,Delivered,Website
1319,382,2025-02-03 18:08:00,Delivered,Mobile App
1320,268,2025-10-19 07:56:00,Shipped,Mobile App
1321,497,2025-04-09 21:01:00,Shipped,Mobile App
1322,233,2025-12-15 17:56:00,Delivered,Mobile App
1323,27,2025-11-25 21:41:00,Cancelled,Mobile App
1324,63,2025-08-10 13:17:00,Shipped,Mobile App
1325,389,2025-09-11 11:33:00,Delivered,Website
1326,216,2025-01-25 08:58:00,Delivered,Mobile App
1327,172,2025-01-03 12:12:00,Delivered,Website
1328,491,2025-04-26 22:27:00,Delivered,Website
1329,160,2025-04-11 05:21:00,Delivered,Website
1330,414,2025-01-15 15:27:00,Delivered,Mobile App
1331,243,2025-05-09 07:06:00,Delivered,Mobile App
1332,407,2025-01-28 10:33:00,Delivered,Website
1333,392,2025-11-04 19:28:00,Delivered,Mobile App
1334,499,2025-10-24 03:05:00,Delivered,Website
1335,435,2025-07-13 10:56:00,Shipped,Website
1336,155,2025-02-01 14:03:00,Delivered,Mobile App
1337,29,2025-02-03 03:43:00,Delivered,Mobile App
1338,317,2025-07-15 12:06:00,Shipped,Website
1339,6,2025-11-03 21:39:00,Delivered,Mobile App
1340,52,2025-08-08 19:39:00,Delivered,Website
1341,301,2025-08-21 16:21:00,Delivered,Website
1342,35,2025-01-07 19:45:00,Delivered,Website
1343,261,2025-10-21 04:40:00,Delivered,Mobile App
1344,228,2025-09-04 23:39:00,Delivered,Website
1345,160,2025-01-23 01:08:00,Delivered,Mobile App
1346,278,2025-06-09 18:56:00,Processing,Website
1347,176,2025-08-29 09:38:00,Delivered,Website
1348,348,2025-09-23 18:42:00,Delivered,Website
1349,28,2025-09-17 17:54:00,Delivered,Website
1350,104,2025-04-13 20:58:00,Processing,Mobile App
1351,356,2025-04-07 21:30:00,Shipped,Mobile App
1352,437,2025-11-04 22:21:00,Delivered,Mobile App
1353,169,2025-11-12 09:26:00,Delivered,Mobile App
1354,472,2025-01-22 15:14:00,Delivered,Website
1355,320,2025-12-21 07:29:00,Delivered,Mobile App
1356,106,2025-06-19 23:24:00,Delivered,Website
1357,184,2025-07-05 00:04:00,Delivered,Website
1358,100,2025-03-14 09:28:00,Delivered,Mobile App
1359,102,2025-01-23 00:12:00,Delivered,Website
1360,174,2025-05-15 23:11:00,Processing,Website
1361,91,2025-04-02 06:01:00,Processing,Website
1362,195,2025-01-11 21:08:00,Shipped,Website
1363,234,2025-06-23 06:19:00,Delivered,Mobile App
1364,410,2025-12-05 05:33:00,Returned,Mobile App
1365,74,2025-12-31 02:07:00,Cancelled,Website
1366,194,2025-04-08 06:34:00,Shipped,Mobile App
1367,126,2025-11-03 13:40:00,Returned,Website
1368,77,2025-10-02 09:50:00,Delivered,Website
1369,65,2025-11-19 08:55:00,Cancelled,Mobile App
1370,402,2025-04-18 23:05:00,Delivered,Website
1371,385,2025-03-27 16:24:00,Cancelled,Mobile App
1372,92,2025-09-13 16:29:00,Delivered,Mobile App
1373,367,2025-09-27 22:30:00,Returned,Mobile App
1374,327,2025-05-18 18:25:00,Returned,Website
1375,104,2025-04-17 07:57:00,Delivered,Website
1376,218,2025-07-22 06:19:00,Cancelled,Website
1377,44,2025-07-11 08:35:00,Delivered,Website
1378,181,2025-06-01 14:33:00,Delivered,Website
1379,173,2025-08-27 16:39:00,Delivered,Mobile App
1380,412,2025-08-10 13:23:00,Delivered,Mobile App
1381,227,2025-07-15 00:11:00,Delivered,Website
1382,432,2025-07-03 02:18:00,Delivered,Website
1383,61,2025-05-22 07:06:00,Delivered,Website
1384,101,2025-10-07 06:21:00,Shipped,Mobile App
1385,394,2025-06-04 23:52:00,Shipped,Mobile App
1386,71,2025-04-08 22:38:00,Returned,Mobile App
1387,422,2025-01-05 09:18:00,Delivered,Mobile App
1388,336,2025-07-27 18:48:00,Delivered,Website
1389,371,2025-07-23 07:14:00,Shipped,Mobile App
1390,403,2025-04-30 16:37:00,Delivered,Mobile App
1391,44,2025-08-25 10:50:00,Delivered,Website
1392,108,2025-08-08 22:26:00,Delivered,Website
1393,448,2025-07-11 04:36:00,Delivered,Website
1394,182,2025-09-13 21:53:00,Delivered,Mobile App
1395,207,2025-08-06 21:48:00,Shipped,Mobile App
1396,291,2025-06-16 18:01:00,Processing,Website
1397,323,2025-03-20 10:36:00,Processing,Mobile App
1398,33,2025-07-15 06:25:00,Delivered,Website
1399,292,2025-09-01 03:21:00,Returned,Mobile App
1400,346,2025-02-17 05:06:00,Delivered,Website
1401,14,2025-12-19 19:31:00,Delivered,Website
1402,120,2025-07-17 09:13:00,Delivered,Website
1403,266,2025-08-21 01:23:00,Delivered,Mobile App
1404,57,2025-07-30 12:10:00,Delivered,Mobile App
1405,200,2025-09-02 23:04:00,Returned,Website
1406,222,2025-03-08 06:19:00,Processing,Mobile App
1407,481,2025-03-23 19:36:00,Delivered,Website
1408,235,2025-09-15 22:43:00,Delivered,Website
1409,423,2025-03-15 14:04:00,Delivered,Website
1410,292,2025-09-27 10:58:00,Cancelled,Mobile App
1411,378,2025-08-25 18:02:00,Delivered,Mobile App
1412,365,2025-06-27 22:53:00,Processing,Mobile App
1413,128,2025-11-10 05:26:00,Delivered,Mobile App
1414,338,2025-08-23 12:58:00,Delivered,Website
1415,123,2025-07-21 22:02:00,Cancelled,Website
1416,150,2025-05-21 20:34:00,Shipped,Website
1417,462,2025-12-24 23:46:00,Delivered,Mobile App
1418,189,2025-07-30 17:07:00,Delivered,Website
1419,231,2025-09-16 10:26:00,Delivered,Website
1420,14,2025-09-17 01:29:00,Delivered,Mobile App
1421,205,2025-07-15 10:47:00,Cancelled,Mobile App
1422,59,2025-01-20 00:16:00,Shipped,Website
1423,238,2025-06-17 21:47:00,Delivered,Website
1424,125,2025-02-12 17:42:00,Shipped,Mobile App
1425,143,2025-03-13 15:52:00,Processing,Website
1426,91,2025-01-10 19:06:00,Delivered,Mobile App
1427,391,2025-03-28 02:42:00,Delivered,Mobile App
1428,92,2025-03-20 14:22:00,Delivered,Website
1429,227,2025-12-12 17:13:00,Shipped,Website
1430,228,2025-07-19 22:19:00,Delivered,Website
1431,104,2025-01-25 12:49:00,Returned,Mobile App
1432,9,2025-05-03 06:05:00,Delivered,Website
1433,343,2025-06-22 06:43:00,Delivered,Website
1434,86,2025-12-07 05:46:00,Delivered,Website
1435,321,2025-06-17 10:35:00,Delivered,Website
1436,62,2025-10-05 12:27:00,Delivered,Website
1437,8,2025-07-02 10:11:00,Delivered,Mobile App
1438,235,2025-01-07 12:13:00,Delivered,Mobile App
1439,23,2025-11-29 19:23:00,Delivered,Website
1440,307,2025-07-30 09:49:00,Delivered,Website
1441,473,2025-12-31 17:50:00,Cancelled,Website
1442,167,2025-05-09 03:38:00,Returned,Mobile App
1443,171,2025-12-14 22:08:00,Delivered,Mobile App
1444,172,2025-12-08 15:04:00,Delivered,Mobile App
1445,380,2025-07-15 16:40:00,Delivered,Website
1446,389,2025-04-30 00:39:00,Cancelled,Mobile App
1447,388,2025-05-02 23:27:00,Delivered,Website
1448,256,2025-01-31 04:23:00,Delivered,Website
1449,20,2025-07-12 06:41:00,Delivered,Mobile App
1450,163,2025-06-18 04:17:00,Delivered,Website
1451,417,2025-09-24 13:41:00,Delivered,Website
1452,176,2025-04-28 23:21:00,Delivered,Website
1453,352,2025-12-07 07:51:00,Shipped,Website
1454,165,2025-11-08 12:33:00,Delivered,Website
1455,489,2025-02-03 15:04:00,Delivered,Website
1456,89,2025-04-15 04:05:00,Delivered,Website
1457,219,2025-05-01 16:05:00,Shipped,Mobile App
1458,126,2025-03-26 23:12:00,Delivered,Website
1459,230,2025-06-05 09:36:00,Returned,Website
1460,487,2025-05-20 15:05:00,Returned,Mobile App
1461,226,2025-07-13 05:30:00,Delivered,Mobile App
1462,391,2025-03-21 15:01:00,Delivered,Website
1463,79,2025-06-03 19:34:00,Delivered,Website
1464,157,2025-05-12 12:29:00,Delivered,Mobile App
1465,37,2025-10-15 19:30:00,Delivered,Mobile App
1466,98,2025-04-11 04:58:00,Delivered,Mobile App
1467,213,2025-09-09 12:59:00,Returned,Mobile App
1468,329,2025-07-16 15:19:00,Returned,Website
1469,64,2025-07-29 01:58:00,Delivered,Website
1470,395,2025-04-10 13:16:00,Cancelled,Mobile App
1471,326,2025-09-18 22:31:00,Shipped,Website
1472,218,2025-11-30 12:59:00,Shipped,Website
1473,417,2025-09-02 01:58:00,Delivered,Website
1474,76,2025-12-24 21:41:00,Delivered,Mobile App
1475,127,2025-12-15 04:16:00,Delivered,Website
1476,48,2025-01-07 03:49:00,Delivered,Mobile App
1477,499,2025-07-23 22:37:00,Cancelled,Website
1478,219,2025-08-05 05:53:00,Delivered,Mobile App
1479,454,2025-09-14 17:42:00,Delivered,Mobile App
1480,46,2025-07-30 23:55:00,Delivered,Mobile App
1481,108,2025-03-15 08:47:00,Returned,Mobile App
1482,87,2025-12-24 09:00:00,Processing,Website
1483,357,2025-02-19 02:49:00,Delivered,Mobile App
1484,221,2025-12-02 09:46:00,Delivered,Mobile App
1485,102,2025-04-06 22:08:00,Delivered,Website
1486,109,2025-08-19 18:52:00,Delivered,Website
1487,462,2025-04-04 06:16:00,Cancelled,Mobile App
1488,445,2025-11-17 19:06:00,Delivered,Website
1489,64,2025-05-31 02:24:00,Delivered,Mobile App
1490,245,2025-01-16 18:15:00,Delivered,Website
1491,385,2025-01-05 01:17:00,Returned,Website
1492,406,2025-02-19 06:33:00,Delivered,Mobile App
1493,173,2025-09-06 15:48:00,Delivered,Mobile App
1494,176,2025-07-09 21:56:00,Returned,Website
1495,194,2025-07-04 21:25:00,Delivered,Mobile App
1496,234,2025-06-19 03:00:00,Cancelled,Mobile App
1497,63,2025-03-13 00:38:00,Cancelled,Mobile App
1498,232,2025-12-25 07:23:00,Delivered,Mobile App
1499,97,2025-09-21 13:42:00,Delivered,Mobile App
1500,448,2025-01-09 20:23:00,Delivered,Mobile App
1501,311,2025-12-14 14:14:00,Delivered,Website
1502,483,2025-06-28 13:59:00,Returned,Website
1503,100,2025-07-17 09:38:00,Shipped,Website
1504,45,2025-03-07 15:50:00,Delivered,Mobile App
1505,247,2025-03-28 14:07:00,Shipped,Website
1506,386,2025-05-05 06:10:00,Returned,Website
1507,15,2025-02-24 13:45:00,Delivered,Mobile App
1508,369,2025-07-16 08:14:00,Delivered,Mobile App
1509,70,2025-12-10 03:42:00,Returned,Mobile App
1510,447,2025-02-16 22:21:00,Delivered,Website
1511,467,2025-11-26 10:24:00,Shipped,Mobile App
1512,288,2025-12-01 20:50:00,Returned,Mobile App
1513,60,2025-04-30 07:16:00,Delivered,Website
1514,304,2025-02-15 10:47:00,Returned,Website
1515,437,2025-10-21 11:08:00,Delivered,Mobile App
1516,160,2025-10-23 23:00:00,Delivered,Website
1517,395,2025-07-18 13:20:00,Delivered,Website
1518,303,2025-09-24 21:38:00,Delivered,Mobile App
1519,236,2025-01-05 17:54:00,Delivered,Mobile App
1520,234,2025-04-23 15:43:00,Delivered,Mobile App
1521,435,2025-03-16 23:42:00,Processing,Website
1522,258,2025-11-03 10:19:00,Returned,Website
1523,245,2025-05-21 22:36:00,Delivered,Website
1524,495,2025-09-11 09:45:00,Delivered,Mobile App
1525,435,2025-03-20 22:13:00,Shipped,Website
1526,473,2025-12-25 23:03:00,Cancelled,Website
1527,154,2025-09-07 23:25:00,Returned,Website
1528,173,2025-01-12 17:25:00,Delivered,Mobile App
1529,37,2025-06-28 12:25:00,Delivered,Mobile App
1530,100,2025-05-25 22:59:00,Shipped,Mobile App
1531,386,2025-02-19 04:20:00,Processing,Website
1532,336,2025-12-30 09:29:00,Delivered,Website
1533,150,2025-08-15 22:30:00,Cancelled,Website
1534,377,2025-04-22 23:12:00,Shipped,Mobile App
1535,403,2025-10-22 03:43:00,Returned,Website
1536,431,2025-07-12 13:43:00,Delivered,Website
1537,92,2025-02-19 11:30:00,Returned,Website
1538,304,2025-09-21 20:21:00,Delivered,Website
1539,126,2025-11-18 23:25:00,Delivered,Website
1540,353,2025-07-23 15:19:00,Delivered,Website
1541,398,2025-12-01 23:24:00,Shipped,Website
1542,141,2025-08-26 20:24:00,Delivered,Mobile App
1543,60,2025-07-08 00:07:00,Delivered,Mobile App
1544,261,2025-11-25 21:58:00,Delivered,Mobile App
1545,49,2025-05-21 22:47:00,Processing,Website
1546,360,2025-07-16 15:41:00,Delivered,Website
1547,366,2025-02-20 10:04:00,Cancelled,Website
1548,202,2025-07-27 22:01:00,Delivered,Mobile App
1549,300,2025-02-02 16:53:00,Delivered,Website
1550,61,2025-04-17 21:57:00,Delivered,Website
1551,410,2025-01-03 17:28:00,Delivered,Website
1552,335,2025-03-07 18:13:00,Delivered,Mobile App
1553,260,2025-01-18 02:07:00,Delivered,Website
1554,128,2025-08-05 21:00:00,Delivered,Mobile App
1555,72,2025-12-04 17:28:00,Delivered,Mobile App
1556,276,2025-09-25 11:38:00,Delivered,Website
1557,19,2025-12-06 01:15:00,Delivered,Mobile App
1558,283,2025-04-21 04:38:00,Delivered,Mobile App
1559,319,2025-05-23 04:46:00,Delivered,Mobile App
1560,463,2025-05-14 12:41:00,Delivered,Mobile App
1561,218,2025-02-12 08:43:00,Returned,Website
1562,323,2025-10-02 06:04:00,Shipped,Website
1563,332,2025-07-10 18:42:00,Processing,Website
1564,404,2025-08-03 04:20:00,Delivered,Website
1565,139,2025-11-06 07:04:00,Delivered,Website
1566,34,2025-12-17 17:26:00,Delivered,Website
1567,140,2025-07-05 10:49:00,Delivered,Website
1568,194,2025-05-21 00:06:00,Returned,Website
1569,474,2025-07-13 03:50:00,Delivered,Mobile App
1570,271,2025-10-29 15:06:00,Delivered,Mobile App
1571,51,2025-10-10 08:38:00,Cancelled,Website
1572,177,2025-06-12 12:11:00,Processing,Mobile App
1573,133,2025-09-02 18:08:00,Delivered,Website
1574,194,2025-12-03 04:09:00,Delivered,Mobile App
1575,499,2025-01-28 23:40:00,Delivered,Website
1576,362,2025-12-14 19:26:00,Delivered,Mobile App
1577,147,2025-07-01 14:32:00,Delivered,Mobile App
1578,473,2025-09-24 22:56:00,Processing,Mobile App
1579,209,2025-11-22 02:19:00,Processing,Website
1580,374,2025-11-21 02:04:00,Delivered,Website
1581,44,2025-03-26 18:03:00,Shipped,Mobile App
1582,261,2025-01-06 13:43:00,Returned,Website
1583,351,2025-09-03 15:32:00,Returned,Website
1584,98,2025-07-27 00:39:00,Cancelled,Website
1585,384,2025-08-06 22:34:00,Delivered,Website
1586,346,2025-11-07 14:10:00,Returned,Website
1587,430,2025-03-31 02:23:00,Delivered,Mobile App
1588,195,2025-01-27 13:31:00,Delivered,Website
1589,426,2025-06-23 21:15:00,Delivered,Website
1590,151,2025-05-29 09:30:00,Delivered,Website
1591,112,2025-11-20 18:25:00,Returned,Website
1592,250,2025-08-26 19:54:00,Delivered,Website
1593,153,2025-11-12 14:21:00,Delivered,Website
1594,206,2025-06-29 23:11:00,Delivered,Website
1595,44,2025-08-09 15:12:00,Delivered,Website
1596,250,2025-07-30 03:58:00,Delivered,Mobile App
1597,192,2025-04-26 15:25:00,Delivered,Mobile App
1598,138,2025-04-04 17:51:00,Delivered,Mobile App
1599,72,2025-12-03 14:10:00,Delivered,Mobile App
1600,446,2025-01-03 11:56:00,Shipped,Website
1601,69,2025-04-08 09:02:00,Delivered,Mobile App
1602,102,2025-01-17 05:42:00,Returned,Mobile App
1603,282,2025-03-02 13:31:00,Delivered,Website
1604,372,2025-06-16 12:32:00,Returned,Mobile App
1605,406,2025-03-09 03:06:00,Delivered,Website
1606,393,2025-06-26 16:00:00,Shipped,Website
1607,500,2025-12-14 10:27:00,Delivered,Website
1608,145,2025-08-11 15:18:00,Delivered,Mobile App
1609,374,2025-05-07 19:09:00,Delivered,Website
1610,135,2025-05-24 03:55:00,Returned,Website
1611,243,2025-12-08 13:12:00,Shipped,Website
1612,313,2025-12-25 23:32:00,Delivered,Website
1613,206,2025-04-28 03:08:00,Delivered,Website
1614,316,2025-03-16 13:01:00,Delivered,Website
1615,157,2025-07-14 13:33:00,Shipped,Website
1616,246,2025-04-24 10:27:00,Delivered,Mobile App
1617,57,2025-11-26 01:19:00,Delivered,Mobile App
1618,127,2025-06-29 22:26:00,Delivered,Website
1619,27,2025-04-04 01:00:00,Shipped,Mobile App
1620,144,2025-04-19 09:30:00,Cancelled,Website
1621,486,2025-08-09 05:16:00,Delivered,Mobile App
1622,343,2025-06-05 03:06:00,Delivered,Website
1623,415,2025-06-19 11:47:00,Delivered,Mobile App
1624,108,2025-05-02 20:17:00,Delivered,Website
1625,381,2025-02-24 04:40:00,Delivered,Website
1626,98,2025-10-28 20:52:00,Delivered,Mobile App
1627,317,2025-02-20 02:34:00,Delivered,Mobile App
1628,79,2025-04-14 17:46:00,Delivered,Website
1629,130,2025-08-03 17:45:00,Cancelled,Mobile App
1630,368,2025-07-07 14:40:00,Delivered,Mobile App
1631,269,2025-02-04 15:26:00,Returned,Website
1632,357,2025-03-27 19:17:00,Returned,Mobile App
1633,407,2025-01-24 18:03:00,Returned,Website
1634,273,2025-07-23 15:43:00,Cancelled,Website
1635,261,2025-03-26 14:48:00,Delivered,Mobile App
1636,106,2025-07-25 19:17:00,Delivered,Website
1637,357,2025-10-20 06:37:00,Delivered,Mobile App
1638,269,2025-09-15 22:46:00,Delivered,Website
1639,283,2025-06-01 22:17:00,Delivered,Website
1640,150,2025-01-24 17:15:00,Delivered,Website
1641,448,2025-05-23 04:17:00,Processing,Website
1642,1,2025-04-18 17:07:00,Delivered,Mobile App
1643,453,2025-06-16 02:45:00,Delivered,Website
1644,167,2025-07-29 19:18:00,Returned,Website
1645,495,2025-07-02 07:46:00,Delivered,Mobile App
1646,445,2025-01-09 17:42:00,Processing,Website
1647,132,2025-12-19 12:41:00,Cancelled,Website
1648,138,2025-08-15 07:20:00,Delivered,Mobile App
1649,374,2025-03-21 14:14:00,Shipped,Mobile App
1650,254,2025-03-17 15:05:00,Delivered,Website
1651,252,2025-04-01 06:36:00,Returned,Website
1652,159,2025-11-28 09:01:00,Delivered,Website
1653,97,2025-07-21 21:38:00,Delivered,Website
1654,466,2025-08-07 07:29:00,Delivered,Mobile App
1655,71,2025-02-21 23:33:00,Shipped,Website
1656,197,2025-11-05 03:24:00,Delivered,Website
1657,128,2025-11-26 01:08:00,Processing,Mobile App
1658,7,2025-03-15 20:38:00,Processing,Website
1659,419,2025-02-24 17:47:00,Delivered,Website
1660,389,2025-04-14 04:30:00,Delivered,Mobile App
1661,246,2025-03-25 09:21:00,Delivered,Website
1662,322,2025-10-06 22:17:00,Delivered,Website
1663,152,2025-01-23 03:34:00,Delivered,Mobile App
1664,115,2025-03-14 00:58:00,Delivered,Mobile App
1665,336,2025-07-17 04:22:00,Delivered,Mobile App
1666,462,2025-12-18 22:52:00,Delivered,Website
1667,490,2025-02-26 07:06:00,Returned,Mobile App
1668,61,2025-02-09 19:21:00,Delivered,Website
1669,92,2025-01-23 19:09:00,Delivered,Mobile App
1670,218,2025-11-04 05:43:00,Delivered,Mobile App
1671,449,2025-11-16 09:22:00,Delivered,Mobile App
1672,136,2025-12-05 11:59:00,Processing,Website
1673,336,2025-01-02 04:49:00,Delivered,Website
1674,408,2025-07-19 14:46:00,Processing,Mobile App
1675,219,2025-02-04 03:36:00,Returned,Mobile App
1676,66,2025-03-16 02:20:00,Delivered,Mobile App
1677,218,2025-06-30 10:31:00,Delivered,Mobile App
1678,71,2025-11-05 20:21:00,Processing,Website
1679,255,2025-07-16 13:35:00,Delivered,Mobile App
1680,118,2025-09-30 17:52:00,Delivered,Mobile App
1681,356,2025-09-27 18:49:00,Processing,Website
1682,186,2025-12-26 02:15:00,Delivered,Website
1683,491,2025-07-05 17:30:00,Delivered,Website
1684,435,2025-01-31 11:23:00,Processing,Website
1685,428,2025-05-31 14:09:00,Cancelled,Mobile App
1686,115,2025-05-05 06:52:00,Delivered,Website
1687,74,2025-03-02 22:45:00,Delivered,Website
1688,28,2025-12-23 13:23:00,Shipped,Website
1689,81,2025-09-02 19:55:00,Delivered,Mobile App
1690,40,2025-03-14 02:15:00,Delivered,Mobile App
1691,381,2025-03-18 05:30:00,Delivered,Mobile App
1692,173,2025-08-29 13:46:00,Delivered,Website
1693,31,2025-05-27 03:09:00,Cancelled,Website
1694,83,2025-11-06 05:32:00,Delivered,Mobile App
1695,365,2025-12-15 14:35:00,Processing,Mobile App
1696,477,2025-12-30 07:27:00,Delivered,Website
1697,381,2025-09-25 12:08:00,Delivered,Website
1698,422,2025-04-23 12:11:00,Shipped,Website
1699,161,2025-12-21 14:30:00,Shipped,Mobile App
1700,412,2025-07-14 05:03:00,Delivered,Mobile App
1701,54,2025-04-10 08:06:00,Delivered,Mobile App
1702,84,2025-01-15 07:18:00,Delivered,Website
1703,388,2025-04-19 19:00:00,Cancelled,Website
1704,476,2025-10-10 06:40:00,Delivered,Mobile App
1705,23,2025-02-13 18:36:00,Delivered,Mobile App
1706,48,2025-01-24 01:20:00,Returned,Website
1707,257,2025-07-02 09:25:00,Delivered,Mobile App
1708,346,2025-07-02 04:44:00,Delivered,Mobile App
1709,414,2025-09-15 03:32:00,Processing,Website
1710,301,2025-10-28 12:30:00,Cancelled,Website
1711,350,2025-05-29 05:09:00,Delivered,Website
1712,349,2025-04-29 06:51:00,Shipped,Website
1713,312,2025-09-14 16:46:00,Shipped,Mobile App
1714,149,2025-08-18 04:21:00,Delivered,Mobile App
1715,350,2025-01-21 22:49:00,Delivered,Website
1716,491,2025-11-09 19:04:00,Delivered,Mobile App
1717,393,2025-02-19 00:09:00,Cancelled,Website
1718,161,2025-09-13 03:29:00,Delivered,Mobile App
1719,296,2025-03-24 02:17:00,Delivered,Website
1720,396,2025-02-06 05:45:00,Delivered,Mobile App
1721,474,2025-05-12 14:41:00,Delivered,Website
1722,187,2025-10-19 15:02:00,Cancelled,Mobile App
1723,349,2025-07-29 19:58:00,Delivered,Mobile App
1724,192,2025-09-20 19:20:00,Delivered,Mobile App
1725,450,2025-09-17 14:16:00,Cancelled,Website
1726,380,2025-11-14 20:03:00,Processing,Website
1727,193,2025-03-21 03:18:00,Delivered,Mobile App
1728,448,2025-02-07 07:24:00,Delivered,Website
1729,329,2025-06-28 14:29:00,Delivered,Mobile App
1730,375,2025-02-25 02:11:00,Delivered,Mobile App
1731,169,2025-08-10 06:25:00,Delivered,Mobile App
1732,360,2025-11-06 15:13:00,Shipped,Website
1733,280,2025-05-23 14:02:00,Delivered,Mobile App
1734,164,2025-03-16 20:13:00,Delivered,Mobile App
1735,221,2025-02-01 11:50:00,Returned,Website
1736,12,2025-01-28 06:55:00,Returned,Mobile App
1737,91,2025-05-19 08:40:00,Delivered,Website
1738,153,2025-05-21 12:05:00,Cancelled,Mobile App
1739,343,2025-08-03 16:13:00,Cancelled,Website
1740,462,2025-01-28 02:57:00,Delivered,Mobile App
1741,483,2025-03-26 06:22:00,Delivered,Mobile App
1742,83,2025-10-02 22:50:00,Returned,Mobile App
1743,200,2025-07-01 22:36:00,Processing,Website
1744,297,2025-02-09 23:42:00,Delivered,Mobile App
1745,423,2025-12-07 23:47:00,Shipped,Mobile App
1746,235,2025-01-08 04:57:00,Returned,Mobile App
1747,497,2025-06-12 03:50:00,Shipped,Mobile App
1748,231,2025-09-24 23:00:00,Returned,Website
1749,497,2025-11-21 14:40:00,Delivered,Website
1750,216,2025-04-22 23:12:00,Shipped,Website
1751,179,2025-11-04 12:13:00,Delivered,Website
1752,190,2025-12-14 18:00:00,Processing,Website
1753,420,2025-06-04 09:32:00,Cancelled,Mobile App
1754,211,2025-11-29 14:26:00,Delivered,Mobile App
1755,475,2025-09-25 10:07:00,Delivered,Mobile App
1756,305,2025-07-11 05:35:00,Delivered,Mobile App
1757,338,2025-07-15 09:54:00,Shipped,Mobile App
1758,318,2025-11-21 09:44:00,Returned,Website
1759,333,2025-02-14 03:05:00,Delivered,Mobile App
1760,385,2025-02-23 15:47:00,Delivered,Website
1761,298,2025-11-21 14:32:00,Processing,Mobile App
1762,398,2025-08-04 06:14:00,Delivered,Mobile App
1763,241,2025-02-28 06:54:00,Returned,Mobile App
1764,421,2025-08-26 13:58:00,Delivered,Mobile App
1765,115,2025-01-04 11:50:00,Delivered,Mobile App
1766,430,2025-12-04 08:19:00,Cancelled,Mobile App
1767,461,2025-12-11 07:00:00,Cancelled,Website
1768,405,2025-01-08 00:09:00,Delivered,Mobile App
1769,221,2025-06-21 05:36:00,Delivered,Mobile App
1770,202,2025-04-09 19:41:00,Processing,Mobile App
1771,373,2025-03-07 20:24:00,Delivered,Mobile App
1772,119,2025-09-22 05:27:00,Delivered,Website
1773,296,2025-09-16 03:40:00,Processing,Mobile App
1774,105,2025-10-11 05:20:00,Delivered,Website
1775,395,2025-08-12 00:40:00,Delivered,Website
1776,472,2025-11-13 22:34:00,Returned,Mobile App
1777,67,2025-01-13 23:46:00,Returned,Mobile App
1778,460,2025-04-06 07:41:00,Delivered,Website
1779,400,2025-10-02 07:46:00,Processing,Mobile App
1780,141,2025-05-14 21:03:00,Delivered,Website
1781,297,2025-11-18 00:40:00,Cancelled,Website
1782,55,2025-08-24 19:07:00,Delivered,Mobile App
1783,254,2025-04-03 02:04:00,Processing,Website
1784,408,2025-07-20 03:31:00,Delivered,Website
1785,108,2025-09-07 20:04:00,Shipped,Mobile App
1786,231,2025-06-10 20:58:00,Processing,Website
1787,92,2025-06-02 00:57:00,Shipped,Website
1788,248,2025-03-02 10:22:00,Returned,Website
1789,131,2025-03-23 16:47:00,Returned,Website
1790,12,2025-11-07 00:34:00,Delivered,Website
1791,461,2025-04-21 11:07:00,Delivered,Mobile App
1792,373,2025-03-12 07:05:00,Shipped,Website
1793,103,2025-05-18 08:30:00,Returned,Mobile App
1794,151,2025-12-29 17:41:00,Delivered,Mobile App
1795,473,2025-08-12 16:25:00,Delivered,Website
1796,455,2025-04-12 21:54:00,Shipped,Mobile App
1797,393,2025-02-22 18:50:00,Delivered,Website
1798,222,2025-04-16 23:31:00,Cancelled,Mobile App
1799,418,2025-11-02 23:17:00,Delivered,Website
1800,103,2025-11-07 12:27:00,Delivered,Mobile App
1801,86,2025-11-20 02:28:00,Cancelled,Mobile App
1802,310,2025-10-28 13:18:00,Processing,Mobile App
1803,93,2025-07-23 00:07:00,Processing,Mobile App
1804,38,2025-04-06 11:15:00,Delivered,Mobile App
1805,161,2025-07-10 04:49:00,Delivered,Mobile App
1806,169,2025-12-19 00:45:00,Delivered,Mobile App
1807,198,2025-04-30 17:04:00,Delivered,Website
1808,288,2025-09-27 06:06:00,Delivered,Website
1809,350,2025-10-21 20:26:00,Shipped,Mobile App
1810,26,2025-06-13 06:12:00,Processing,Mobile App
1811,62,2025-01-24 08:26:00,Delivered,Website
1812,197,2025-11-04 10:37:00,Delivered,Website
1813,402,2025-05-26 00:41:00,Cancelled,Website
1814,431,2025-08-25 09:08:00,Returned,Website
1815,173,2025-10-01 16:02:00,Delivered,Website
1816,411,2025-08-29 03:53:00,Delivered,Mobile App
1817,178,2025-05-21 10:48:00,Delivered,Mobile App
1818,202,2025-09-10 19:03:00,Delivered,Mobile App
1819,63,2025-09-10 20:58:00,Processing,Website
1820,423,2025-01-15 07:03:00,Delivered,Website
1821,224,2025-06-15 22:46:00,Delivered,Website
1822,416,2025-04-08 23:57:00,Delivered,Website
1823,453,2025-12-19 01:16:00,Processing,Website
1824,136,2025-01-25 09:04:00,Delivered,Mobile App
1825,474,2025-05-19 22:10:00,Delivered,Mobile App
1826,442,2025-03-03 04:20:00,Delivered,Mobile App
1827,63,2025-11-23 14:42:00,Delivered,Website
1828,251,2025-10-23 15:42:00,Returned,Mobile App
1829,136,2025-09-05 07:05:00,Shipped,Website
1830,447,2025-06-30 17:53:00,Delivered,Website
1831,498,2025-12-22 02:04:00,Delivered,Website
1832,240,2025-01-07 21:13:00,Processing,Website
1833,107,2025-09-07 03:21:00,Processing,Mobile App
1834,336,2025-06-09 22:29:00,Delivered,Website
1835,187,2025-03-08 07:58:00,Delivered,Mobile App
1836,400,2025-11-14 16:12:00,Delivered,Website
1837,352,2025-05-23 13:10:00,Delivered,Website
1838,55,2025-03-17 14:56:00,Shipped,Website
1839,137,2025-01-09 14:11:00,Delivered,Mobile App
1840,475,2025-06-30 08:07:00,Delivered,Mobile App
1841,204,2025-08-09 06:09:00,Delivered,Mobile App
1842,190,2025-01-28 14:17:00,Delivered,Mobile App
1843,97,2025-08-05 06:18:00,Delivered,Mobile App
1844,266,2025-09-29 19:31:00,Delivered,Website
1845,113,2025-11-27 07:07:00,Delivered,Website
1846,34,2025-10-22 08:15:00,Delivered,Mobile App
1847,367,2025-04-26 19:44:00,Delivered,Mobile App
1848,422,2025-02-21 07:46:00,Cancelled,Mobile App
1849,403,2025-09-11 06:10:00,Delivered,Mobile App
1850,376,2025-12-28 19:18:00,Delivered,Website
1851,245,2025-09-15 22:39:00,Shipped,Website
1852,36,2025-03-29 10:43:00,Delivered,Mobile App
1853,342,2025-08-22 04:00:00,Delivered,Mobile App
1854,452,2025-01-11 05:16:00,Delivered,Website
1855,299,2025-11-01 11:30:00,Delivered,Website
1856,420,2025-08-30 03:02:00,Delivered,Mobile App
1857,86,2025-04-27 16:32:00,Shipped,Website
1858,377,2025-02-21 09:51:00,Delivered,Mobile App
1859,340,2025-06-29 17:16:00,Delivered,Mobile App
1860,181,2025-08-23 00:52:00,Delivered,Mobile App
1861,443,2025-09-23 21:54:00,Cancelled,Mobile App
1862,266,2025-02-27 08:43:00,Shipped,Website
1863,113,2025-03-17 13:54:00,Shipped,Website
1864,126,2025-07-02 15:01:00,Delivered,Mobile App
1865,46,2025-07-04 06:47:00,Delivered,Mobile App
1866,450,2025-11-24 03:17:00,Delivered,Mobile App
1867,467,2025-09-27 05:16:00,Shipped,Mobile App
1868,484,2025-07-20 18:26:00,Returned,Mobile App
1869,267,2025-04-08 01:37:00,Shipped,Website
1870,496,2025-08-10 14:36:00,Processing,Mobile App
1871,256,2025-05-28 03:00:00,Returned,Website
1872,268,2025-08-27 21:09:00,Returned,Website
1873,34,2025-06-05 15:18:00,Processing,Website
1874,145,2025-08-21 01:13:00,Processing,Website
1875,3,2025-01-28 15:19:00,Delivered,Website
1876,180,2025-01-26 08:08:00,Cancelled,Website
1877,74,2025-02-14 22:17:00,Returned,Website
1878,42,2025-08-10 18:58:00,Delivered,Website
1879,416,2025-08-31 11:15:00,Shipped,Mobile App
1880,51,2025-08-05 12:57:00,Cancelled,Mobile App
1881,289,2025-11-02 09:11:00,Delivered,Mobile App
1882,394,2025-10-24 04:43:00,Delivered,Website
1883,155,2025-08-02 17:12:00,Delivered,Mobile App
1884,280,2025-10-18 20:29:00,Delivered,Mobile App
1885,227,2025-02-19 04:33:00,Shipped,Mobile App
1886,239,2025-08-28 11:27:00,Delivered,Mobile App
1887,287,2025-08-25 00:58:00,Delivered,Mobile App
1888,465,2025-02-15 04:39:00,Delivered,Website
1889,66,2025-10-25 16:23:00,Delivered,Mobile App
1890,207,2025-01-28 12:08:00,Shipped,Mobile App
1891,28,2025-09-23 14:53:00,Delivered,Mobile App
1892,305,2025-11-29 03:21:00,Delivered,Mobile App
1893,170,2025-10-17 15:44:00,Cancelled,Website
1894,379,2025-10-27 21:32:00,Shipped,Website
1895,380,2025-09-22 04:35:00,Returned,Website
1896,437,2025-04-25 21:40:00,Delivered,Mobile App
1897,353,2025-01-04 15:39:00,Delivered,Website
1898,451,2025-01-01 04:38:00,Delivered,Website
1899,243,2025-05-07 06:06:00,Delivered,Mobile App
1900,63,2025-07-20 01:59:00,Delivered,Mobile App
1901,435,2025-04-05 07:53:00,Delivered,Mobile App
1902,222,2025-12-03 19:07:00,Delivered,Website
1903,382,2025-04-05 04:52:00,Shipped,Website
1904,280,2025-09-19 23:44:00,Delivered,Mobile App
1905,52,2025-05-29 09:42:00,Returned,Mobile App
1906,201,2025-07-08 21:17:00,Delivered,Website
1907,218,2025-08-26 13:52:00,Delivered,Mobile App
1908,200,2025-08-23 03:36:00,Delivered,Mobile App
1909,458,2025-01-18 20:41:00,Shipped,Mobile App
1910,240,2025-01-22 11:08:00,Cancelled,Mobile App
1911,184,2025-05-22 00:10:00,Delivered,Website
1912,200,2025-06-28 22:33:00,Delivered,Website
1913,336,2025-12-02 04:22:00,Shipped,Mobile App
1914,403,2025-08-24 22:54:00,Delivered,Mobile App
1915,430,2025-07-21 02:58:00,Delivered,Mobile App
1916,93,2025-08-30 19:42:00,Delivered,Mobile App
1917,302,2025-03-08 22:20:00,Returned,Mobile App
1918,207,2025-10-27 19:53:00,Delivered,Website
1919,341,2025-03-23 07:06:00,Delivered,Mobile App
1920,414,2025-06-15 07:49:00,Cancelled,Website
1921,457,2025-02-23 05:46:00,Delivered,Mobile App
1922,129,2025-02-02 01:39:00,Delivered,Website
1923,324,2025-08-15 11:38:00,Processing,Website
1924,231,2025-06-14 03:44:00,Delivered,Website
1925,225,2025-04-11 08:31:00,Shipped,Website
1926,223,2025-04-14 23:10:00,Processing,Website
1927,323,2025-02-14 18:01:00,Returned,Website
1928,72,2025-04-15 01:51:00,Cancelled,Mobile App
1929,443,2025-07-28 18:34:00,Delivered,Website
1930,373,2025-12-16 23:58:00,Delivered,Mobile App
1931,424,2025-04-08 06:36:00,Delivered,Mobile App
1932,287,2025-07-02 19:57:00,Cancelled,Website
1933,193,2025-08-13 13:40:00,Cancelled,Website
1934,52,2025-03-07 16:19:00,Delivered,Website
1935,170,2025-01-27 19:34:00,Delivered,Mobile App
1936,184,2025-05-09 12:45:00,Delivered,Website
1937,295,2025-05-28 02:34:00,Delivered,Mobile App
1938,280,2025-07-24 19:03:00,Shipped,Website
1939,470,2025-10-26 15:59:00,Returned,Website
1940,134,2025-01-17 10:26:00,Delivered,Website
1941,419,2025-03-13 06:35:00,Shipped,Website
1942,413,2025-05-01 15:04:00,Returned,Website
1943,307,2025-06-27 02:26:00,Shipped,Website
1944,139,2025-10-10 15:08:00,Shipped,Website
1945,116,2025-01-19 15:32:00,Shipped,Mobile App
1946,436,2025-09-02 09:50:00,Cancelled,Website
1947,397,2025-01-11 01:01:00,Processing,Website
1948,195,2025-10-01 19:55:00,Shipped,Website
1949,199,2025-10-10 15:03:00,Shipped,Website
1950,282,2025-08-09 22:27:00,Delivered,Mobile App
1951,189,2025-03-02 19:57:00,Delivered,Mobile App
1952,119,2025-08-12 01:15:00,Delivered,Website
1953,386,2025-04-27 13:47:00,Cancelled,Website
1954,417,2025-01-08 23:15:00,Delivered,Website
1955,145,2025-03-06 14:11:00,Delivered,Mobile App
1956,126,2025-11-05 20:56:00,Returned,Website
1957,337,2025-11-07 12:30:00,Delivered,Website
1958,106,2025-02-09 08:34:00,Delivered,Mobile App
1959,155,2025-04-23 14:45:00,Returned,Mobile App
1960,458,2025-12-01 07:33:00,Delivered,Website
1961,211,2025-01-28 11:57:00,Shipped,Mobile App
1962,467,2025-05-24 02:13:00,Delivered,Website
1963,108,2025-06-06 23:35:00,Delivered,Website
1964,226,2025-01-19 07:44:00,Delivered,Mobile App
1965,429,2025-02-28 00:31:00,Delivered,Mobile App
1966,424,2025-10-29 12:19:00,Returned,Website
1967,254,2025-05-23 19:24:00,Delivered,Mobile App
1968,115,2025-07-16 14:02:00,Delivered,Website
1969,27,2025-12-04 13:34:00,Shipped,Website
1970,14,2025-10-05 11:59:00,Cancelled,Mobile App
1971,388,2025-05-15 18:13:00,Delivered,Mobile App
1972,377,2025-08-07 23:59:00,Shipped,Website
1973,478,2025-10-11 12:46:00,Shipped,Mobile App
1974,291,2025-08-06 18:46:00,Shipped,Mobile App
1975,382,2025-03-25 12:29:00,Returned,Website
1976,410,2025-03-09 00:17:00,Shipped,Mobile App
1977,278,2025-02-13 07:49:00,Delivered,Mobile App
1978,186,2025-01-20 19:17:00,Delivered,Mobile App
1979,64,2025-12-01 19:00:00,Delivered,Mobile App
1980,237,2025-05-16 05:28:00,Delivered,Website
1981,246,2025-08-27 01:22:00,Delivered,Website
1982,481,2025-07-29 01:37:00,Delivered,Mobile App
1983,133,2025-02-02 14:11:00,Shipped,Mobile App
1984,117,2025-05-13 15:08:00,Delivered,Website
1985,120,2025-11-13 20:03:00,Delivered,Website
1986,441,2025-04-05 21:32:00,Delivered,Mobile App
1987,117,2025-01-22 17:45:00,Delivered,Mobile App
1988,433,2025-05-12 00:43:00,Cancelled,Mobile App
1989,308,2025-10-04 22:02:00,Delivered,Website
1990,58,2025-02-09 16:28:00,Delivered,Website
1991,191,2025-04-15 10:36:00,Processing,Mobile App
1992,449,2025-02-06 20:27:00,Delivered,Website
1993,185,2025-06-17 19:50:00,Delivered,Mobile App
1994,483,2025-11-30 11:30:00,Returned,Website
1995,149,2025-03-24 11:02:00,Returned,Website
1996,414,2025-02-24 19:13:00,Delivered,Mobile App
1997,299,2025-04-21 12:53:00,Delivered,Website
1998,490,2025-07-15 20:05:00,Delivered,Website
1999,323,2025-10-17 16:36:00,Delivered,Mobile App
2000,434,2025-10-03 23:07:00,Cancelled,Website
2001,269,2025-11-07 15:42:00,Delivered,Mobile App
2002,295,2025-05-18 06:53:00,Delivered,Website
2003,394,2025-06-18 07:51:00,Returned,Website
2004,498,2025-08-22 10:47:00,Delivered,Website
2005,210,2025-08-16 23:56:00,Delivered,Mobile App
2006,469,2025-10-14 16:04:00,Delivered,Mobile App
2007,403,2025-11-06 07:28:00,Delivered,Website
2008,466,2025-10-03 07:49:00,Delivered,Website
2009,147,2025-11-07 08:50:00,Delivered,Website
2010,259,2025-02-11 13:26:00,Returned,Mobile App
2011,93,2025-11-20 06:57:00,Cancelled,Website
2012,135,2025-03-27 03:26:00,Shipped,Mobile App
2013,18,2025-02-21 04:55:00,Processing,Website
2014,68,2025-12-20 05:04:00,Delivered,Mobile App
2015,206,2025-08-05 11:08:00,Shipped,Website
2016,173,2025-12-31 09:07:00,Cancelled,Mobile App
2017,56,2025-10-30 19:39:00,Returned,Website
2018,182,2025-02-07 23:58:00,Returned,Mobile App
2019,428,2025-11-19 14:47:00,Delivered,Mobile App
2020,94,2025-12-25 04:46:00,Shipped,Website
2021,304,2025-03-19 00:37:00,Delivered,Mobile App
2022,91,2025-07-14 10:28:00,Delivered,Mobile App
2023,253,2025-02-19 07:19:00,Delivered,Mobile App
2024,164,2025-05-27 10:24:00,Shipped,Website
2025,375,2025-01-22 23:56:00,Delivered,Mobile App
2026,51,2025-10-22 19:20:00,Delivered,Website
2027,250,2025-03-02 09:17:00,Delivered,Website
2028,386,2025-05-28 08:38:00,Delivered,Website
2029,50,2025-12-08 08:09:00,Delivered,Website
2030,21,2025-01-15 19:57:00,Returned,Website
2031,422,2025-01-04 15:53:00,Delivered,Website
2032,375,2025-05-25 18:27:00,Delivered,Website
2033,57,2025-08-21 09:58:00,Shipped,Website
2034,135,2025-08-16 13:31:00,Delivered,Website
2035,60,2025-05-23 23:42:00,Returned,Website
2036,168,2025-04-24 23:04:00,Delivered,Mobile App
2037,377,2025-05-22 14:40:00,Delivered,Website
2038,457,2025-12-28 22:20:00,Returned,Mobile App
2039,267,2025-02-21 22:50:00,Delivered,Website
2040,126,2025-11-21 20:00:00,Delivered,Mobile App
2041,136,2025-04-23 21:12:00,Delivered,Mobile App
2042,145,2025-04-06 23:31:00,Delivered,Website
2043,110,2025-09-22 23:47:00,Delivered,Website
2044,107,2025-09-09 17:39:00,Shipped,Website
2045,315,2025-08-03 22:16:00,Delivered,Website
2046,272,2025-11-23 11:30:00,Shipped,Website
2047,150,2025-06-03 07:56:00,Shipped,Mobile App
2048,183,2025-11-19 12:38:00,Delivered,Mobile App
2049,494,2025-02-19 07:07:00,Cancelled,Mobile App
2050,127,2025-08-03 14:20:00,Shipped,Website
2051,339,2025-04-01 14:20:00,Delivered,Mobile App
2052,452,2025-12-27 04:49:00,Delivered,Mobile App
2053,121,2025-11-04 13:43:00,Delivered,Mobile App
2054,436,2025-09-17 06:56:00,Processing,Website
2055,346,2025-10-15 10:16:00,Delivered,Mobile App
2056,134,2025-08-15 13:25:00,Cancelled,Mobile App
2057,174,2025-09-06 23:14:00,Delivered,Website
2058,114,2025-06-07 14:26:00,Delivered,Website
2059,321,2025-10-02 06:49:00,Delivered,Mobile App
2060,11,2025-03-08 19:34:00,Returned,Website
2061,361,2025-07-14 02:49:00,Delivered,Mobile App
2062,26,2025-10-11 02:41:00,Delivered,Mobile App
2063,430,2025-10-02 06:10:00,Delivered,Website
2064,192,2025-05-29 05:58:00,Delivered,Website
2065,482,2025-10-11 23:15:00,Delivered,Website
2066,204,2025-09-27 03:32:00,Processing,Website
2067,13,2025-03-22 09:19:00,Delivered,Website
2068,64,2025-01-18 08:47:00,Processing,Mobile App
2069,419,2025-12-02 12:08:00,Shipped,Mobile App
2070,259,2025-02-13 02:04:00,Shipped,Mobile App
2071,426,2025-01-11 00:47:00,Delivered,Website
2072,406,2025-02-18 23:37:00,Delivered,Mobile App
2073,381,2025-06-15 13:32:00,Delivered,Mobile App
2074,136,2025-08-23 06:06:00,Returned,Mobile App
2075,48,2025-07-12 09:27:00,Delivered,Mobile App
2076,146,2025-10-15 08:30:00,Cancelled,Website
2077,373,2025-07-15 00:31:00,Delivered,Mobile App
2078,232,2025-10-07 22:06:00,Delivered,Website
2079,190,2025-07-23 07:28:00,Delivered,Website
2080,74,2025-11-26 09:21:00,Processing,Website
2081,107,2025-02-18 17:10:00,Cancelled,Mobile App
2082,73,2025-10-31 07:05:00,Delivered,Mobile App
2083,291,2025-09-25 23:53:00,Shipped,Website
2084,160,2025-09-10 08:26:00,Shipped,Website
2085,290,2025-01-19 10:44:00,Delivered,Website
2086,387,2025-05-18 22:13:00,Delivered,Mobile App
2087,492,2025-10-07 15:20:00,Shipped,Mobile App
2088,264,2025-08-25 22:30:00,Delivered,Website
2089,40,2025-02-23 13:44:00,Delivered,Website
2090,63,2025-03-24 16:47:00,Delivered,Mobile App
2091,218,2025-02-28 01:56:00,Delivered,Mobile App
2092,281,2025-03-13 23:55:00,Delivered,Website
2093,151,2025-06-01 03:27:00,Shipped,Mobile App
2094,456,2025-09-25 10:39:00,Delivered,Website
2095,351,2025-03-14 09:33:00,Delivered,Mobile App
2096,242,2025-09-23 19:16:00,Delivered,Mobile App
2097,367,2025-03-11 05:33:00,Processing,Website
2098,77,2025-06-12 13:11:00,Delivered,Website
2099,103,2025-06-09 22:12:00,Shipped,Mobile App
2100,320,2025-06-19 03:03:00,Delivered,Website
2101,287,2025-02-04 11:40:00,Cancelled,Mobile App
2102,99,2025-11-18 00:59:00,Delivered,Mobile App
2103,189,2025-10-27 23:19:00,Delivered,Mobile App
2104,329,2025-05-11 17:34:00,Shipped,Website
2105,375,2025-10-31 04:06:00,Delivered,Website
2106,65,2025-05-15 18:06:00,Processing,Mobile App
2107,437,2025-06-19 18:49:00,Delivered,Mobile App
2108,243,2025-11-12 21:58:00,Delivered,Website
2109,476,2025-04-29 06:05:00,Processing,Website
2110,448,2025-03-15 05:30:00,Delivered,Website
2111,414,2025-01-27 04:32:00,Delivered,Mobile App
2112,390,2025-06-17 09:32:00,Delivered,Mobile App
2113,243,2025-07-13 12:45:00,Delivered,Mobile App
2114,310,2025-09-29 02:56:00,Processing,Website
2115,74,2025-11-21 08:45:00,Processing,Mobile App
2116,129,2025-09-08 22:50:00,Shipped,Mobile App
2117,13,2025-11-30 11:11:00,Cancelled,Mobile App
2118,218,2025-12-10 11:46:00,Delivered,Website
2119,478,2025-07-15 11:11:00,Shipped,Website
2120,270,2025-04-11 14:23:00,Delivered,Mobile App
2121,189,2025-06-18 03:58:00,Cancelled,Website
2122,332,2025-11-07 08:02:00,Delivered,Mobile App
2123,361,2025-07-23 01:44:00,Delivered,Website
2124,368,2025-10-20 00:55:00,Returned,Mobile App
2125,384,2025-09-09 05:30:00,Cancelled,Website
2126,314,2025-01-20 11:01:00,Cancelled,Website
2127,446,2025-12-28 23:11:00,Cancelled,Website
2128,228,2025-08-03 03:03:00,Delivered,Website
2129,279,2025-06-10 03:54:00,Delivered,Website
2130,9,2025-12-02 19:47:00,Delivered,Mobile App
2131,301,2025-12-30 05:57:00,Shipped,Mobile App
2132,207,2025-09-22 00:42:00,Delivered,Website
2133,390,2025-02-03 06:52:00,Delivered,Mobile App
2134,23,2025-02-12 05:28:00,Delivered,Website
2135,89,2025-12-19 16:26:00,Delivered,Website
2136,180,2025-06-09 08:35:00,Delivered,Mobile App
2137,290,2025-10-18 22:05:00,Returned,Website
2138,374,2025-03-01 02:11:00,Delivered,Mobile App
2139,393,2025-10-30 20:01:00,Delivered,Website
2140,236,2025-04-22 20:23:00,Delivered,Website
2141,483,2025-06-07 21:41:00,Cancelled,Website
2142,195,2025-03-09 09:03:00,Shipped,Website
2143,162,2025-05-23 04:36:00,Delivered,Website
2144,152,2025-05-20 06:11:00,Delivered,Mobile App
2145,182,2025-05-16 02:31:00,Delivered,Mobile App
2146,425,2025-11-25 16:28:00,Delivered,Website
2147,80,2025-01-19 18:24:00,Delivered,Website
2148,331,2025-12-26 13:22:00,Processing,Mobile App
2149,496,2025-04-17 10:44:00,Delivered,Mobile App
2150,108,2025-02-16 16:49:00,Delivered,Mobile App
2151,60,2025-05-14 01:59:00,Delivered,Website
2152,301,2025-09-01 04:29:00,Delivered,Mobile App
2153,18,2025-12-04 18:57:00,Delivered,Website
2154,462,2025-11-19 11:55:00,Delivered,Mobile App
2155,332,2025-09-01 10:21:00,Cancelled,Website
2156,240,2025-07-03 09:10:00,Delivered,Website
2157,304,2025-08-13 19:29:00,Delivered,Mobile App
2158,125,2025-07-24 15:53:00,Delivered,Mobile App
2159,348,2025-11-04 10:30:00,Delivered,Website
2160,216,2025-04-30 16:06:00,Delivered,Mobile App
2161,15,2025-10-23 12:37:00,Delivered,Website
2162,483,2025-06-03 19:44:00,Delivered,Website
2163,404,2025-03-08 21:21:00,Returned,Website
2164,178,2025-06-08 04:51:00,Delivered,Website
2165,76,2025-08-24 00:42:00,Delivered,Website
2166,95,2025-06-04 09:05:00,Delivered,Website
2167,126,2025-08-12 02:46:00,Delivered,Mobile App
2168,177,2025-01-03 15:10:00,Delivered,Mobile App
2169,242,2025-12-24 06:58:00,Shipped,Mobile App
2170,470,2025-12-28 07:48:00,Delivered,Website
2171,396,2025-06-12 04:25:00,Delivered,Mobile App
2172,218,2025-12-12 23:55:00,Delivered,Website
2173,380,2025-06-27 15:42:00,Returned,Website
2174,394,2025-04-24 19:11:00,Delivered,Mobile App
2175,1,2025-06-24 16:52:00,Delivered,Mobile App
2176,71,2025-02-09 20:14:00,Delivered,Website
2177,48,2025-04-19 09:27:00,Delivered,Website
2178,160,2025-08-06 04:18:00,Delivered,Mobile App
2179,92,2025-01-18 08:26:00,Delivered,Website
2180,352,2025-08-27 02:22:00,Shipped,Mobile App
2181,66,2025-01-07 05:20:00,Delivered,Mobile App
2182,249,2025-12-18 14:00:00,Shipped,Mobile App
2183,218,2025-08-05 01:19:00,Delivered,Website
2184,191,2025-11-06 14:32:00,Processing,Mobile App
2185,403,2025-10-01 11:07:00,Delivered,Mobile App
2186,346,2025-09-30 12:55:00,Delivered,Website
2187,133,2025-06-22 22:37:00,Delivered,Mobile App
2188,145,2025-08-11 01:29:00,Delivered,Mobile App
2189,456,2025-08-24 11:03:00,Delivered,Mobile App
2190,346,2025-05-10 13:21:00,Delivered,Website
2191,151,2025-10-05 08:11:00,Delivered,Website
2192,326,2025-08-17 10:19:00,Delivered,Website
2193,273,2025-07-02 23:02:00,Shipped,Website
2194,49,2025-03-31 02:34:00,Delivered,Website
2195,458,2025-11-21 15:27:00,Delivered,Mobile App
2196,471,2025-12-19 19:15:00,Processing,Mobile App
2197,191,2025-01-21 02:20:00,Delivered,Website
2198,41,2025-07-15 16:46:00,Delivered,Mobile App
2199,95,2025-08-05 12:01:00,Returned,Mobile App
2200,41,2025-12-01 23:56:00,Processing,Mobile App
2201,134,2025-03-01 06:36:00,Returned,Website
2202,294,2025-12-22 01:23:00,Delivered,Mobile App
2203,399,2025-05-21 23:44:00,Delivered,Website
2204,93,2025-11-06 12:58:00,Shipped,Mobile App
2205,10,2025-01-03 13:13:00,Processing,Website
2206,307,2025-05-21 08:29:00,Processing,Mobile App
2207,10,2025-02-19 07:14:00,Shipped,Website
2208,373,2025-02-02 19:18:00,Shipped,Mobile App
2209,305,2025-10-29 13:40:00,Delivered,Mobile App
2210,176,2025-09-01 17:00:00,Delivered,Mobile App
2211,438,2025-08-16 04:29:00,Shipped,Website
2212,345,2025-09-30 22:10:00,Delivered,Mobile App
2213,293,2025-01-17 21:54:00,Returned,Mobile App
2214,107,2025-10-15 11:05:00,Shipped,Mobile App
2215,162,2025-06-05 09:48:00,Delivered,Mobile App
2216,300,2025-01-16 04:39:00,Delivered,Mobile App
2217,392,2025-10-17 13:26:00,Delivered,Mobile App
2218,121,2025-10-12 23:31:00,Delivered,Website
2219,64,2025-07-13 19:54:00,Delivered,Website
2220,149,2025-04-19 03:36:00,Delivered,Website
2221,181,2025-07-25 17:26:00,Shipped,Mobile App
2222,395,2025-11-03 08:20:00,Delivered,Website
2223,391,2025-12-07 21:40:00,Delivered,Mobile App
2224,388,2025-04-26 12:31:00,Delivered,Mobile App
2225,148,2025-03-22 05:25:00,Delivered,Mobile App
2226,350,2025-08-26 20:11:00,Cancelled,Mobile App
2227,499,2025-10-25 20:26:00,Delivered,Website
2228,115,2025-11-22 00:39:00,Delivered,Website
2229,210,2025-11-03 18:46:00,Returned,Mobile App
2230,292,2025-11-09 07:10:00,Delivered,Website
2231,308,2025-07-09 00:47:00,Cancelled,Mobile App
2232,99,2025-10-10 16:55:00,Cancelled,Website
2233,448,2025-08-23 11:46:00,Delivered,Mobile App
2234,68,2025-12-31 06:20:00,Delivered,Website
2235,236,2025-04-16 18:29:00,Delivered,Mobile App
2236,257,2025-05-04 05:29:00,Delivered,Mobile App
2237,370,2025-03-23 07:29:00,Returned,Website
2238,209,2025-01-17 21:43:00,Cancelled,Mobile App
2239,214,2025-07-17 02:50:00,Returned,Website
2240,366,2025-11-07 20:34:00,Delivered,Mobile App
2241,204,2025-01-31 09:51:00,Processing,Website
2242,475,2025-07-06 12:45:00,Delivered,Mobile App
2243,75,2025-08-08 03:06:00,Processing,Website
2244,337,2025-03-28 11:26:00,Delivered,Website
2245,50,2025-09-05 06:16:00,Delivered,Website
2246,386,2025-08-23 22:31:00,Delivered,Mobile App
2247,228,2025-06-25 09:44:00,Delivered,Mobile App
2248,141,2025-12-25 08:36:00,Delivered,Website
2249,14,2025-03-17 16:18:00,Delivered,Mobile App
2250,150,2025-10-16 11:45:00,Delivered,Website
2251,244,2025-10-18 20:19:00,Shipped,Mobile App
2252,356,2025-03-21 23:51:00,Delivered,Mobile App
2253,117,2025-07-16 08:40:00,Delivered,Website
2254,300,2025-10-26 09:09:00,Delivered,Mobile App
2255,265,2025-09-18 23:55:00,Delivered,Website
2256,301,2025-06-26 20:09:00,Cancelled,Mobile App
2257,444,2025-09-25 11:24:00,Returned,Website
2258,248,2025-09-26 15:11:00,Cancelled,Website
2259,116,2025-12-09 02:21:00,Delivered,Website
2260,399,2025-03-18 08:38:00,Shipped,Website
2261,256,2025-11-29 06:22:00,Delivered,Website
2262,104,2025-09-26 07:47:00,Delivered,Website
2263,488,2025-07-24 20:06:00,Delivered,Website
2264,434,2025-05-19 17:34:00,Shipped,Website
2265,268,2025-01-29 14:36:00,Delivered,Mobile App
2266,334,2025-04-04 22:59:00,Cancelled,Website
2267,91,2025-12-20 22:29:00,Delivered,Mobile App
2268,381,2025-10-10 08:05:00,Delivered,Website
2269,32,2025-03-09 16:19:00,Delivered,Website
2270,238,2025-10-27 18:30:00,Delivered,Website
2271,101,2025-06-13 20:04:00,Delivered,Mobile App
2272,52,2025-02-12 15:12:00,Delivered,Website
2273,292,2025-11-03 15:19:00,Delivered,Mobile App
2274,227,2025-02-27 23:56:00,Processing,Website
2275,387,2025-10-29 20:39:00,Delivered,Website
2276,139,2025-05-09 13:38:00,Delivered,Website
2277,264,2025-06-18 16:30:00,Delivered,Mobile App
2278,175,2025-05-16 17:15:00,Delivered,Mobile App
2279,388,2025-11-17 14:07:00,Returned,Mobile App
2280,499,2025-01-04 10:57:00,Delivered,Mobile App
2281,390,2025-03-25 05:04:00,Delivered,Mobile App
2282,327,2025-02-18 14:21:00,Shipped,Website
2283,119,2025-04-10 03:48:00,Delivered,Mobile App
2284,53,2025-06-13 16:30:00,Shipped,Website
2285,166,2025-10-20 21:09:00,Delivered,Mobile App
2286,340,2025-03-29 05:39:00,Delivered,Mobile App
2287,214,2025-12-01 19:50:00,Processing,Mobile App
2288,479,2025-04-28 08:30:00,Cancelled,Mobile App
2289,171,2025-07-09 04:19:00,Shipped,Mobile App
2290,289,2025-08-19 09:27:00,Delivered,Mobile App
2291,496,2025-01-03 12:03:00,Delivered,Website
2292,420,2025-08-22 08:01:00,Shipped,Website
2293,151,2025-12-05 22:16:00,Processing,Website
2294,196,2025-06-14 13:50:00,Delivered,Website
2295,226,2025-04-21 19:32:00,Cancelled,Website
2296,167,2025-02-08 07:10:00,Shipped,Mobile App
2297,353,2025-01-24 21:24:00,Returned,Mobile App
2298,301,2025-05-08 08:38:00,Delivered,Website
2299,142,2025-01-29 20:21:00,Delivered,Mobile App
2300,69,2025-05-26 03:30:00,Cancelled,Website
2301,423,2025-06-16 23:26:00,Delivered,Website
2302,103,2025-10-29 09:36:00,Delivered,Mobile App
2303,280,2025-05-06 10:36:00,Shipped,Mobile App
2304,150,2025-10-13 16:52:00,Shipped,Website
2305,379,2025-02-04 22:45:00,Delivered,Mobile App
2306,110,2025-08-17 23:56:00,Delivered,Mobile App
2307,171,2025-04-27 14:23:00,Delivered,Mobile App
2308,478,2025-05-11 19:47:00,Delivered,Website
2309,203,2025-11-25 13:27:00,Processing,Website
2310,263,2025-09-28 01:58:00,Delivered,Mobile App
2311,409,2025-01-17 16:55:00,Delivered,Mobile App
2312,325,2025-05-25 18:21:00,Delivered,Website
2313,400,2025-10-17 02:35:00,Delivered,Website
2314,473,2025-09-20 02:36:00,Delivered,Website
2315,419,2025-02-07 21:27:00,Delivered,Mobile App
2316,38,2025-03-19 20:21:00,Delivered,Mobile App
2317,355,2025-08-21 16:49:00,Shipped,Mobile App
2318,151,2025-01-11 12:36:00,Delivered,Mobile App
2319,166,2025-01-10 00:14:00,Delivered,Mobile App
2320,394,2025-04-25 18:43:00,Delivered,Mobile App
2321,395,2025-12-01 21:12:00,Processing,Mobile App
2322,396,2025-10-23 04:12:00,Delivered,Mobile App
2323,274,2025-04-03 03:01:00,Delivered,Website
2324,489,2025-03-07 17:22:00,Delivered,Mobile App
2325,104,2025-04-28 21:13:00,Delivered,Mobile App
2326,471,2025-05-19 07:59:00,Delivered,Mobile App
2327,461,2025-01-14 04:56:00,Returned,Website
2328,445,2025-07-12 00:28:00,Shipped,Website
2329,225,2025-07-14 01:28:00,Delivered,Website
2330,64,2025-07-14 18:52:00,Delivered,Website
2331,265,2025-09-17 18:46:00,Delivered,Website
2332,310,2025-03-03 15:47:00,Delivered,Mobile App
2333,47,2025-08-01 06:13:00,Processing,Mobile App
2334,58,2025-09-02 08:32:00,Returned,Website
2335,216,2025-01-04 12:51:00,Delivered,Website
2336,429,2025-07-01 11:19:00,Delivered,Mobile App
2337,334,2025-04-28 22:05:00,Delivered,Mobile App
2338,374,2025-08-30 00:17:00,Delivered,Mobile App
2339,128,2025-01-24 04:54:00,Delivered,Website
2340,72,2025-03-07 16:09:00,Shipped,Website
2341,108,2025-02-01 19:51:00,Cancelled,Mobile App
2342,422,2025-07-10 19:26:00,Delivered,Website
2343,380,2025-03-31 16:09:00,Processing,Website
2344,84,2025-07-06 03:50:00,Delivered,Website
2345,192,2025-06-06 12:40:00,Cancelled,Mobile App
2346,402,2025-11-15 10:01:00,Delivered,Website
2347,447,2025-08-29 01:47:00,Delivered,Mobile App
2348,391,2025-01-24 17:24:00,Delivered,Website
2349,179,2025-03-22 03:00:00,Cancelled,Website
2350,496,2025-08-03 02:07:00,Delivered,Mobile App
2351,439,2025-10-02 14:08:00,Delivered,Website
2352,461,2025-06-09 15:30:00,Cancelled,Website
2353,188,2025-06-15 21:34:00,Returned,Website
2354,426,2025-09-02 15:47:00,Cancelled,Website
2355,67,2025-03-06 07:32:00,Processing,Website
2356,381,2025-04-26 21:05:00,Delivered,Mobile App
2357,128,2025-05-25 19:06:00,Delivered,Website
2358,364,2025-12-04 09:21:00,Returned,Mobile App
2359,192,2025-03-09 10:27:00,Shipped,Website
2360,407,2025-07-17 20:03:00,Delivered,Website
2361,18,2025-01-08 04:40:00,Processing,Website
2362,6,2025-03-24 12:20:00,Delivered,Mobile App
2363,446,2025-06-26 06:40:00,Processing,Mobile App
2364,319,2025-08-20 06:29:00,Delivered,Mobile App
2365,336,2025-03-02 23:17:00,Shipped,Mobile App
2366,175,2025-06-22 05:16:00,Processing,Mobile App
2367,50,2025-10-09 14:42:00,Shipped,Mobile App
2368,401,2025-09-23 08:04:00,Delivered,Website
2369,117,2025-10-06 04:06:00,Returned,Website
2370,152,2025-03-03 17:45:00,Delivered,Mobile App
2371,284,2025-06-07 14:27:00,Returned,Website
2372,420,2025-09-16 05:25:00,Returned,Website
2373,398,2025-03-14 21:14:00,Delivered,Mobile App
2374,78,2025-09-27 19:49:00,Delivered,Website
2375,118,2025-09-30 11:34:00,Shipped,Website
2376,349,2025-07-11 05:06:00,Delivered,Website
2377,218,2025-03-19 17:39:00,Cancelled,Mobile App
2378,200,2025-01-26 12:18:00,Cancelled,Mobile App
2379,70,2025-09-01 14:20:00,Shipped,Mobile App
2380,363,2025-01-01 02:16:00,Delivered,Mobile App
2381,305,2025-04-17 23:39:00,Returned,Website
2382,247,2025-07-30 04:09:00,Processing,Website
2383,215,2025-07-20 05:41:00,Delivered,Website
2384,116,2025-05-08 11:04:00,Returned,Mobile App
2385,372,2025-03-13 12:07:00,Shipped,Website
2386,345,2025-04-16 14:09:00,Delivered,Mobile App
2387,267,2025-01-06 20:07:00,Delivered,Website
2388,119,2025-11-18 19:30:00,Shipped,Mobile App
2389,313,2025-03-05 17:47:00,Delivered,Website
2390,196,2025-06-24 08:02:00,Processing,Mobile App
2391,219,2025-02-27 20:29:00,Delivered,Mobile App
2392,53,2025-05-30 07:33:00,Delivered,Mobile App
2393,429,2025-05-04 21:31:00,Shipped,Mobile App
2394,54,2025-08-04 01:40:00,Cancelled,Mobile App
2395,261,2025-05-22 08:40:00,Delivered,Mobile App
2396,52,2025-07-02 02:00:00,Shipped,Mobile App
2397,114,2025-05-05 18:31:00,Delivered,Mobile App
2398,288,2025-02-23 22:31:00,Delivered,Mobile App
2399,474,2025-11-07 16:55:00,Shipped,Website
2400,430,2025-11-05 03:37:00,Processing,Website
2401,495,2025-10-22 03:07:00,Shipped,Mobile App
2402,463,2025-10-25 21:45:00,Delivered,Mobile App
2403,404,2025-01-21 11:41:00,Delivered,Mobile App
2404,482,2025-10-21 16:02:00,Delivered,Mobile App
2405,291,2025-12-09 00:13:00,Delivered,Mobile App
2406,212,2025-02-20 09:58:00,Processing,Mobile App
2407,350,2025-05-10 11:52:00,Delivered,Website
2408,25,2025-05-22 14:50:00,Delivered,Mobile App
2409,395,2025-03-24 06:35:00,Cancelled,Mobile App
2410,418,2025-07-25 11:49:00,Delivered,Mobile App
2411,316,2025-02-15 10:22:00,Delivered,Website
2412,469,2025-06-12 09:06:00,Shipped,Mobile App
2413,328,2025-06-10 19:31:00,Delivered,Mobile App
2414,363,2025-04-14 08:54:00,Delivered,Mobile App
2415,82,2025-08-13 11:48:00,Returned,Mobile App
2416,298,2025-01-09 03:12:00,Delivered,Mobile App
2417,204,2025-10-14 17:11:00,Delivered,Website
2418,365,2025-04-12 02:05:00,Delivered,Mobile App
2419,175,2025-05-15 04:45:00,Delivered,Mobile App
2420,433,2025-03-10 12:06:00,Returned,Mobile App
2421,166,2025-11-11 18:05:00,Returned,Mobile App
2422,80,2025-01-21 07:35:00,Shipped,Mobile App
2423,427,2025-01-14 15:14:00,Shipped,Website
2424,332,2025-05-06 07:28:00,Processing,Website
2425,494,2025-01-07 09:15:00,Delivered,Mobile App
2426,283,2025-08-13 13:35:00,Returned,Website
2427,266,2025-07-31 05:54:00,Delivered,Mobile App
2428,187,2025-05-14 22:50:00,Processing,Mobile App
2429,461,2025-08-09 11:23:00,Returned,Website
2430,40,2025-06-13 17:22:00,Returned,Website
2431,408,2025-06-14 22:15:00,Delivered,Website
2432,244,2025-02-19 16:45:00,Delivered,Website
2433,179,2025-11-06 07:46:00,Shipped,Website
2434,429,2025-08-27 08:36:00,Delivered,Mobile App
2435,34,2025-09-12 18:27:00,Returned,Website
2436,287,2025-01-12 17:28:00,Shipped,Mobile App
2437,33,2025-09-02 22:09:00,Shipped,Website
2438,486,2025-05-22 18:16:00,Cancelled,Website
2439,361,2025-11-03 15:27:00,Shipped,Website
2440,232,2025-07-22 06:42:00,Delivered,Mobile App
2441,409,2025-06-19 07:36:00,Cancelled,Mobile App
2442,301,2025-03-15 17:43:00,Delivered,Website
2443,387,2025-11-09 01:45:00,Delivered,Website
2444,272,2025-02-06 19:04:00,Delivered,Website
2445,397,2025-04-10 07:38:00,Shipped,Website
2446,476,2025-04-03 00:41:00,Delivered,Website
2447,485,2025-06-19 02:06:00,Delivered,Mobile App
2448,243,2025-07-28 12:44:00,Delivered,Mobile App
2449,182,2025-04-04 03:19:00,Delivered,Mobile App
2450,95,2025-05-10 15:05:00,Delivered,Website
2451,325,2025-04-27 11:41:00,Delivered,Mobile App
2452,11,2025-02-18 16:16:00,Cancelled,Website
2453,192,2025-10-13 01:43:00,Delivered,Website
2454,168,2025-09-28 00:00:00,Delivered,Website
2455,440,2025-10-18 18:23:00,Delivered,Website
2456,256,2025-04-07 20:39:00,Delivered,Website
2457,350,2025-06-26 03:55:00,Cancelled,Mobile App
2458,226,2025-10-21 05:57:00,Shipped,Website
2459,420,2025-09-17 04:52:00,Delivered,Website
2460,479,2025-10-03 03:51:00,Delivered,Mobile App
2461,93,2025-02-25 11:43:00,Delivered,Website
2462,309,2025-02-21 15:12:00,Delivered,Mobile App
2463,426,2025-08-21 21:35:00,Delivered,Mobile App
2464,34,2025-03-01 21:35:00,Delivered,Mobile App
2465,252,2025-03-14 07:52:00,Delivered,Mobile App
2466,470,2025-01-22 11:03:00,Returned,Mobile App
2467,430,2025-12-04 22:48:00,Delivered,Website
2468,467,2025-12-06 20:20:00,Delivered,Mobile App
2469,145,2025-10-07 20:12:00,Delivered,Mobile App
2470,219,2025-04-12 09:40:00,Delivered,Mobile App
2471,252,2025-02-12 15:01:00,Delivered,Mobile App
2472,255,2025-11-09 12:19:00,Returned,Mobile App
2473,271,2025-12-17 22:03:00,Processing,Website
2474,301,2025-02-15 09:57:00,Shipped,Website
2475,25,2025-11-25 10:47:00,Delivered,Website
2476,181,2025-06-05 12:12:00,Returned,Website
2477,261,2025-12-17 13:47:00,Delivered,Website
2478,358,2025-09-18 11:43:00,Delivered,Website
2479,457,2025-02-20 14:11:00,Delivered,Mobile App
2480,254,2025-02-07 22:13:00,Delivered,Website
2481,461,2025-01-24 12:13:00,Shipped,Mobile App
2482,417,2025-01-03 07:42:00,Cancelled,Mobile App
2483,117,2025-04-01 12:52:00,Delivered,Mobile App
2484,307,2025-01-23 04:09:00,Delivered,Mobile App
2485,364,2025-08-05 21:36:00,Cancelled,Mobile App
2486,468,2025-04-15 20:47:00,Delivered,Website
2487,143,2025-08-01 13:24:00,Processing,Website
2488,6,2025-09-07 08:38:00,Delivered,Mobile App
2489,230,2025-01-22 22:49:00,Delivered,Website
2490,60,2025-02-06 20:07:00,Delivered,Mobile App
2491,168,2025-02-04 05:34:00,Delivered,Mobile App
2492,356,2025-12-15 22:59:00,Delivered,Mobile App
2493,56,2025-05-26 18:16:00,Shipped,Mobile App
2494,434,2025-04-14 02:35:00,Delivered,Website
2495,246,2025-09-23 01:30:00,Delivered,Website
2496,43,2025-01-20 12:11:00,Shipped,Website
2497,190,2025-05-04 13:39:00,Delivered,Website
2498,22,2025-08-15 19:49:00,Shipped,Website
2499,23,2025-04-18 23:20:00,Delivered,Website
2500,90,2025-06-24 08:58:00,Delivered,Website
